time,center_x_1,center_y_1,center_x_3,center_y_3,center_x_4,center_y_4,center_x_5,center_y_5,center_x_6,center_y_6,center_x_7,center_y_7
0.0,-0.0432792688326993,-0.1483631422470118,-0.1324953778062178,-0.0827079984020401,-0.1017360648022688,0.0203382891495906,-0.0871947451305274,-0.1336142744418162,-0.1067639108083752,-0.101856886030168,-0.0413638474695841,0.1175468851241671
0.1,-0.0663916145133044,-0.1641776959252974,-0.1610488618209603,-0.0984839164723363,-0.1360428610190142,0.0388616172166213,-0.1221763152062808,-0.1424132629842222,-0.1381140209580935,-0.1235515618618415,-0.0439350977318949,0.1608557312392768
0.2,-0.0837568521511144,-0.1853715487307203,-0.1886049686318858,-0.1069850575406273,-0.171065523554354,0.0597315183004013,-0.1616447751312008,-0.175835781014461,-0.1689282838525773,-0.1343873663110045,-0.0544628977308167,0.2030185073221738
0.3,-0.0932365163529484,-0.2078431848635249,-0.2205660215829556,-0.1107757545423321,-0.204892737770774,0.0866166699398578,-0.2013907806380416,-0.196544132239826,-0.2025891785412813,-0.1419544387801674,-0.0758117246158511,0.2421426860136721
0.4,-0.1000943473017642,-0.2318428658874957,-0.254252301262544,-0.1090723391491408,-0.2277893375342559,0.1151866182714367,-0.2394982917787799,-0.2229056442377649,-0.2354296070983476,-0.1503678409173125,-0.0926001364314162,0.2786384531378908
0.5,-0.1048410516544119,-0.2558361080477122,-0.2857630601704264,-0.0997172509426826,-0.2471778462671968,0.1470030036027595,-0.2759709189413498,-0.2538280788406964,-0.2692589496402604,-0.1714823658014778,-0.1107200460490381,0.3176063352934345
0.6,-0.1088733544694864,-0.2802634656755382,-0.3146969358465487,-0.0791503424347284,-0.2615817489425375,0.1847296398717045,-0.3110426036260586,-0.2863092080567052,-0.3062926345194293,-0.1926613654269615,-0.1286568028911944,0.3542728746800982
0.7,-0.1155685541394233,-0.3051179848332074,-0.3345179905719957,-0.0546001707448637,-0.2706744060532252,0.2262799859107859,-0.3436290684354968,-0.3136242230208264,-0.3390234461287134,-0.2198157664182428,-0.1589604611622289,0.3809245110395258
0.8,-0.1217052015613445,-0.3264681041742431,-0.3504161184787104,-0.0348339253394411,-0.2804642445377452,0.2687448553586362,-0.3768310769420296,-0.3349564634377819,-0.3685020545546904,-0.2504341962744457,-0.1885836608120691,0.4085846712932532
0.9,-0.1300152808237418,-0.3504345494810841,-0.3719311182864199,-0.0018333664001149,-0.2837789141971535,0.3124303322237277,-0.4080719122157098,-0.3508912728424239,-0.4020231738116075,-0.280563918606004,-0.2164459084746765,0.4373389987819954
1.0,-0.1438175809264468,-0.3692500884380734,-0.3829156834384716,0.0208251901870462,-0.2808951716500238,0.3556780424360917,-0.4294490333556201,-0.3601359773388268,-0.4323629861916352,-0.3082502815586213,-0.2444005925505523,0.4584018059731768
1.1,-0.1571900465801123,-0.3894533956216727,-0.3954322566088567,0.0237234391339857,-0.2780263621673223,0.3977489055402641,-0.4356325888552132,-0.367235591727532,-0.4566166164335004,-0.3172477077617792,-0.2765792505336951,0.47355389921053
1.2,-0.1721380612572179,-0.4052224071431626,-0.4154612804281261,0.0173160791970185,-0.2611421390055253,0.4278331745825812,-0.4430812882146328,-0.3799854472438658,-0.4561715666880169,-0.3178329881364038,-0.2983687507701372,0.4686886748533176
1.3,-0.1931588880270829,-0.4166842430449488,-0.4326953190935553,0.0054274403146476,-0.2317577986045134,0.4488858300093567,-0.4483008257389439,-0.3877358903528035,-0.4369639884004851,-0.3060759686155587,-0.3191124603148107,0.4489613659377886
1.4,-0.217415671902132,-0.4253217544415346,-0.446570783879181,-0.013223910024528,-0.2272572459044689,0.4469911061160712,-0.4560830728066067,-0.3707738636039146,-0.4340885385397006,-0.3081488007950493,-0.3485977012552203,0.4269328156099491
1.5,-0.2422777762165189,-0.4379744340593201,-0.4581674619857825,-0.0386320973923027,-0.2009240242205101,0.4362249606150028,-0.4478924804052815,-0.3695508518633255,-0.3501400385535816,-0.3017530740034341,-0.3470099791291259,0.4344209185109348
1.6,-0.2650079688212716,-0.4536502630466701,-0.4613973992542578,-0.0581246210973248,-0.1872009206206736,0.4170958574357877,-0.4732062431161691,-0.3369723725882366,-0.3175239115766742,-0.3029334999717028,-0.3598793940515813,0.4083521541972532
1.7,-0.2855053382493857,-0.4655165636764409,-0.4494950564551339,-0.0840922464485807,-0.1671585560350429,0.3823214905486006,-0.4624905410855726,-0.3036684020503259,-0.2813857795621189,-0.3070619288890817,-0.3689481241314959,0.3715427623310559
1.8,-0.3093676937545597,-0.4736904060214349,-0.430876444247166,-0.1154244968435974,-0.1560185398737712,0.337952233420396,-0.4383421184815924,-0.2593785203558577,-0.2428738138587053,-0.3108657840273076,-0.3717328257895838,0.3277573778711204
1.9,-0.3351522294373016,-0.4799180397552141,-0.412785739050534,-0.1254503593925025,-0.1410162623113882,0.29228859716916,-0.4037946359870368,-0.2305375097914377,-0.2068314903268767,-0.3146745979566213,-0.3658793424998328,0.2842344845733762
2.0,-0.3442309966007775,-0.4768618327827716,-0.3850930599830275,-0.1401312398414754,-0.1308031104220881,0.2481094814618889,-0.3733414543496728,-0.230103401950714,-0.1711717053032239,-0.3176639430993084,-0.3488326734724382,0.2400442798540236
2.1,-0.3483372469672102,-0.4725939771593615,-0.3542735593119784,-0.1567497018566042,-0.1283936987151235,0.2023663311021749,-0.3396895349288046,-0.2317726713050115,-0.1340425468320549,-0.33022399665253,-0.3323004921001727,0.1959251840293277
2.2,-0.3527045523618027,-0.4659206297569446,-0.3225381056156651,-0.1705102998943626,-0.1319044678920904,0.1566184760055192,-0.3053355202999087,-0.23474742007777,-0.0956521848620419,-0.3424776413238808,-0.3071588055772212,0.1538376531997313
2.3,-0.3553237084354451,-0.4611358585552263,-0.2909099410083166,-0.1903205566545487,-0.1413807423087749,0.1129444396284168,-0.2645815822861902,-0.2377566289125509,-0.0566292876291388,-0.3578440821265043,-0.2750771688559195,0.1155337293202441
2.4,-0.3554694527858293,-0.4602169794502329,-0.2650473405371924,-0.2063783863475522,-0.1564885959969155,0.0701482439730378,-0.2247333566458957,-0.2491019062265577,-0.0165837349415355,-0.377779789721277,-0.2408793272181451,0.0882507347397583
2.5,-0.3562232671774293,-0.4582668974689061,-0.2339073709233357,-0.2210606492619223,-0.153138957352876,0.027123538112725,-0.1793768871631414,-0.2560099212418339,0.0194092739652873,-0.4075127003098739,-0.2125677762031846,0.0630760895806974
2.6,-0.3555999571575278,-0.4580889001557651,-0.20113951065183,-0.2321363744403244,-0.15383977558572,-0.015389277494474,-0.1332066344552755,-0.2646826049761887,0.0470929802749715,-0.4388192593439765,-0.1908187410097979,0.0357260822014595
2.7,-0.3535770623746984,-0.4597165350741403,-0.169799086905379,-0.2404817971673702,-0.1748459596438062,-0.0583550920016754,-0.0872796184899449,-0.2627181882828095,0.0510907431490913,-0.4481869453345947,-0.1786952285390638,0.0069515261386106
2.8,-0.3551109225671698,-0.4589488323481037,-0.1387041945693836,-0.2469891321711361,-0.2057441151530064,-0.0847758733137501,-0.0398452137566357,-0.254440878687077,0.0527867983314152,-0.4509936009859401,-0.1758631897304259,-0.0235610605393512
2.9,-0.3532504146167819,-0.458744030407429,-0.1063129843214854,-0.2570937895894281,-0.2456538654672158,-0.0843775306308346,0.0081848390401799,-0.2471534645256276,0.0631744810998121,-0.4463136505154029,-0.1789210596849738,-0.0608419031137574
3.0,-0.3543609255671639,-0.4582041410631421,-0.0757081171211142,-0.2722116789368402,-0.2850821724685264,-0.0693162372618153,0.0563784973611622,-0.2400095603334072,0.073788938112108,-0.4369121683848367,-0.1827742965697901,-0.0983751686730469
3.1,-0.3548084621173332,-0.4563125112596147,-0.0463337884724725,-0.2905551920381687,-0.3237096240990485,-0.0439806057115297,0.1029091550723659,-0.2306744866724552,0.0850285998024332,-0.4170858879785845,-0.1849802969058136,-0.1371008289976695
3.2,-0.3560468220075934,-0.4553257431424564,-0.0183018674760961,-0.3112514846371769,-0.3591198624060321,-0.0150017505735383,0.1454750034999816,-0.226796154249992,0.0907835567478486,-0.3898002688924382,-0.1803374670510337,-0.1788259059835372
3.3,-0.3544561541329277,-0.4545865107617246,0.0059343737748106,-0.334203927807971,-0.3900226253597411,0.0147870607944825,0.1901438908174998,-0.219700315022479,0.0896240724336751,-0.3570506602692103,-0.159166677082568,-0.2231497898967335
3.4,-0.3556113985993189,-0.453538361774335,0.0313513528708797,-0.3587131170087823,-0.4168431295921751,0.0179769880787812,0.234037655146912,-0.215395114716726,0.0868925410339916,-0.3219964869267211,-0.1287748331390209,-0.2631201776386747
3.5,-0.3541828466392199,-0.4554097325071632,0.0537826001116432,-0.3822510210699746,-0.4431174537763647,0.0158767344671131,0.2759155608543823,-0.2135050833348859,0.0805532123942074,-0.2812858067128658,-0.0916008385837,-0.2911590918805529
3.6,-0.3547556619617739,-0.4557586975925702,0.0717341183766745,-0.4077920429468998,-0.441004506138892,-0.0051576106255899,0.320190233138879,-0.2135758017563996,0.0678379287398392,-0.2385232128207198,-0.0519633966619001,-0.3068328543237338
3.7,-0.3550036164378382,-0.456077450099309,0.0715608015472082,-0.4295603812915581,-0.4476939026430942,-0.0371865928189129,0.3680232327646832,-0.2174193289244601,0.0525277392849687,-0.1975949420484402,-0.0128376993246661,-0.3192384592358726
3.8,-0.3539559037995633,-0.4575443661886818,0.0690333841369438,-0.4549269818983046,-0.4514108522603141,-0.0743034893004667,0.4166630894570454,-0.2077112473827864,0.0355646079028578,-0.1561124953315181,0.0266252458202784,-0.3287494740860803
3.9,-0.3551109687492098,-0.4582119284497971,0.0491399898852174,-0.4778973244956486,-0.4416107242329524,-0.1035108501081012,0.449247749695933,-0.2034242578998633,0.0163733082813522,-0.1144917199950121,0.0683717779419707,-0.3296851823861641
4.0,-0.3549065474927804,-0.4597270258882999,0.0282339538165117,-0.4922927891840922,-0.4209037733213636,-0.1336968980692032,0.4494372152990628,-0.2051997620013511,-0.0079552914225577,-0.0776834750616583,0.1101434828017054,-0.3278872178495431
4.1,-0.3553839472053093,-0.4615844027607754,0.0216458213996995,-0.4973470587851762,-0.4004219214000356,-0.1456970863906061,0.4635899204205514,-0.2412748165472964,-0.0315121442786566,-0.047146627649377,0.1504099572382296,-0.3202910686603646
4.2,-0.3555058557191647,-0.4619386949105641,-0.0117142810207652,-0.5070377011297788,-0.364918421302813,-0.161470318766816,0.464482499471142,-0.2614286885260391,-0.0515547115381291,-0.0145589298237315,0.1932979061375472,-0.3045354876212199
4.3,-0.3553587035981681,-0.4622079769052549,-0.0438448706426822,-0.5030880955266642,-0.3265370949467099,-0.164285877323445,0.4342460715700273,-0.2890066157861383,-0.0687473091615672,0.0215430931213688,0.2319160547927323,-0.283885604721537
4.4,-0.3550638534293203,-0.4621467219146551,-0.0699061246895345,-0.4865557027104559,-0.2851527558969968,-0.1651417336999371,0.4295892019775905,-0.3163841070216742,-0.0757018218799891,0.0622028574292462,0.2668113311554012,-0.2587312028685491
4.5,-0.3560832441687879,-0.461332910917592,-0.0888774149289083,-0.4643118227761638,-0.2418977062114747,-0.1652891136137359,0.3554924349019355,-0.3214017414688355,-0.0862421422247438,0.1036060197002405,0.297792767884602,-0.2303783914095814
4.6,-0.3556083290395325,-0.4607104635560765,-0.0950736312672683,-0.4571715595520626,-0.2135548067626542,-0.1692311566103315,0.3425372929638874,-0.326764835061828,-0.0980010518219948,0.1295550187114005,0.3080243149376331,-0.2122579057940176
4.7,-0.3560224948990228,-0.4610105031978807,-0.0983650203615039,-0.4177079615357238,-0.1303751550137141,-0.2027203667863517,0.3115498127292995,-0.3213236947680705,-0.104307180279339,0.1761374167732783,0.3377375643638112,-0.1718496340586751
4.8,-0.3552249949856123,-0.4612825893667984,-0.0878963096071137,-0.3787427959973199,-0.0994924725896178,-0.2222760798577292,0.277236036785029,-0.3369723725882366,-0.1140148614696092,0.2207234492990926,0.3506362113563376,-0.140766529121375
4.9,-0.3536911469380191,-0.4616196807095665,-0.0712846349259221,-0.3434946068928392,-0.0716389485963482,-0.2506174077662197,0.2367294412774827,-0.341090025701549,-0.1267752577422796,0.2628039040254984,0.3494098048755751,-0.1073201922489281
5.0,-0.3555050554694911,-0.4626943679667529,-0.0435579049095468,-0.3262874223112849,-0.0481915133611869,-0.2619972396401407,0.1984859209929279,-0.3338841327532522,-0.1358138875598641,0.3035459414339171,0.3299305587101139,-0.0739177671424968
5.1,-0.3546217685188186,-0.4636432505129311,-0.0124557963213262,-0.328960711442472,-0.0167745421864964,-0.2763287091652137,0.1580799958449925,-0.3379727063954255,-0.1453193327599365,0.3465839318336629,0.3157158621508801,-0.039621686023306
5.2,-0.3560592977260403,-0.4628971056396689,0.011545143757221,-0.3445514915614183,0.0239340267241534,-0.2958284694512554,0.1159944967269033,-0.3448396358954593,-0.1669979982584926,0.3896890121126906,0.2925885214157334,-0.0039067792541538
5.3,-0.3564713470014171,-0.4632638576782932,0.0139524696805554,-0.3686329397096465,0.0684903254390553,-0.3068909864455922,0.0957509101673759,-0.3471839785686138,-0.1960643309434459,0.4323262844455985,0.2650260653187754,0.0283921310801959
5.4,-0.3560031032252006,-0.4636669054519844,0.0012758339071079,-0.3948627706626421,0.1132340388687277,-0.3127553756291862,0.0568212939669124,-0.3724818008880801,-0.226131515211134,0.4629828852056886,0.2376567509585486,0.053650078950019
5.5,-0.3551478390427991,-0.4644881119900708,-0.0091614261172792,-0.4263439016186814,0.1559999156160475,-0.3247657514104144,0.0393558499903888,-0.4015770823265211,-0.2613394677659195,0.4729280745223259,0.2098806357094604,0.0776078767271287
5.6,-0.3561744171184751,-0.4633761678748888,-0.0215511672497072,-0.4548018730039749,0.1948687444891703,-0.3498502259748992,0.0281308787347333,-0.4393179064727365,-0.2959176628067722,0.4702097651461431,0.1791740908844243,0.1002003469586665
5.7,-0.3538611949726378,-0.4641897108735756,-0.0385149161067607,-0.4815119268971282,0.2292914664547607,-0.3846566124149729,0.0232824461691282,-0.451980156389024,-0.3270749728852672,0.4483937620089472,0.1465293599557275,0.1195952531636255
5.8,-0.3562516513199181,-0.4639720972462881,-0.0380939278879267,-0.4877318314818836,0.2637789435144735,-0.4212781131883614,0.0170572405171378,-0.4798166031137192,-0.3542266269846894,0.4202557967014689,0.1135614322860966,0.1390521336448784
5.9,-0.3559754573786227,-0.4642143882721949,-0.0521318866439483,-0.4812187979511881,0.2869782086843848,-0.4485678988580024,0.0023149111732599,-0.4981496853477013,-0.3694455903583192,0.3934904852622947,0.080191741404805,0.1580991279491533
6.0,-0.3571361993650974,-0.4640594097424372,-0.0728484395875326,-0.4662751000390433,0.2945566054125308,-0.4349342587969516,-0.0208305779548775,-0.5068255635123761,-0.3857778148856254,0.3861622874122375,0.045571630941923,0.1748813314062624
6.1,-0.3559769593598006,-0.464820383042357,-0.0840498475867365,-0.4399543469750137,0.2788234022356304,-0.4586025543373183,-0.0688246897186178,-0.4924232217742992,-0.374808220221433,0.3466742683014451,0.0072833748806529,0.1838355724599174
6.2,-0.3547455508111856,-0.465376953980945,-0.0887107560544168,-0.419488363574797,0.2445294024175031,-0.4724678687914026,-0.0694266832774066,-0.4845995950030188,-0.3798793085050759,0.309581846061954,-0.0383671398572149,0.1896101518287972
6.3,-0.3563278234956747,-0.4658850153701757,-0.0989313280361785,-0.3906368567326329,0.20961334049522,-0.4611020663762783,-0.1070373930021265,-0.4454517302679674,-0.390505467920351,0.2718714420296887,-0.0842608182798597,0.1834554759685306
6.4,-0.3568761973011191,-0.4649634076669274,-0.1032359371374387,-0.3520952215755735,0.1797143416675531,-0.4295285009048116,-0.0954115699697497,-0.4352813406685719,-0.4069295901606287,0.237217872643246,-0.1267631730717798,0.1621067773224512
6.5,-0.355590775528211,-0.4650457115378634,-0.1276422245160001,-0.322940704209622,0.1570554774098698,-0.3971785739877717,-0.0908515160447035,-0.3940541702625778,-0.4179361873454965,0.197017108169177,-0.1582718032472836,0.1329059133871001
6.6,-0.3575925659326247,-0.4642940340252636,-0.1540380628359798,-0.2990597483289846,0.1374940280333627,-0.3635759555820131,-0.0686468247332186,-0.3657959443814239,-0.4312727534415844,0.1664266608991262,-0.1814013059258193,0.102305548327045
6.7,-0.3577600394990121,-0.4642499661509783,-0.1774256111610382,-0.2758834386172754,0.1290346660506892,-0.3307041596077033,-0.055648956284131,-0.323073937055078,-0.4304754906369454,0.1454441952979753,-0.2079052562641258,0.0717510473706061
6.8,-0.3579375632389006,-0.4647251521974502,-0.1907115097803944,-0.2589410034389499,0.1248474212403485,-0.3020651415126901,-0.0315879467134064,-0.3019723211250806,-0.4194195135504755,0.1323496145845521,-0.224712023985501,0.0469244139052242
6.9,-0.3557138327310997,-0.4643265778839348,-0.2059918975569842,-0.2274395043962521,0.1286066506239295,-0.2614010654171726,-0.0170045919370914,-0.2541396553894328,-0.3934586793503268,0.1188946214224112,-0.2488354824346067,0.0098447684127002
7.0,-0.3555583565072793,-0.4648023308696547,-0.2151757578672748,-0.1963010743034281,0.1471831904298598,-0.2222899724714455,0.0155846168203856,-0.2129287924191238,-0.3619478187499298,0.1121827932813125,-0.2617862924169283,-0.0278335717212529
7.1,-0.356830751168898,-0.4643915226294861,-0.2156446158766404,-0.1627713958767838,0.1786901402517451,-0.189803038547256,0.0439606768797563,-0.1723114644846297,-0.326025260234337,0.1117452438088516,-0.2618892072036104,-0.0694145457571086
7.2,-0.3570834709253003,-0.4639324261013977,-0.189350618102965,-0.14534787951851,0.2117350696386878,-0.1660639593136045,0.0669690859255068,-0.1314366794659985,-0.2909994120232044,0.1028648754440853,-0.2537773281412028,-0.1047277593808799
7.3,-0.3579323710885557,-0.4653008316638151,-0.156468843474344,-0.1312191567891643,0.246898325103505,-0.1468636647379632,0.0871681492312127,-0.0865752004292826,-0.2528367621876671,0.086104506689814,-0.2275793080520869,-0.1240755441933681
7.4,-0.3574882024469386,-0.4648928792036088,-0.1211288185457049,-0.1150872631431115,0.2865605454450365,-0.1325467526360041,0.100598076526454,-0.0444230620838238,-0.214393050700955,0.0652875718488188,-0.1890165401290145,-0.1245276606794015
7.5,-0.3567216782562023,-0.4631929510161692,-0.0893242641081615,-0.0935647291249489,0.3265204489821208,-0.1269488542261021,0.109761934326359,0.002516688679062,-0.1779103434841535,0.0435314116060028,-0.1534535029246106,-0.1002673594558933
7.6,-0.3552890847580693,-0.4654429269068589,-0.0610919525809197,-0.075293557526796,0.3678844543858059,-0.1247902795555106,0.115973287670714,0.0500030352968386,-0.1397965822981403,0.0221906154936154,-0.1293958720810614,-0.0709851835155294
7.7,-0.3583461577612393,-0.4650608604100975,-0.0317445314114926,-0.0539833658558772,0.4124959046728014,-0.1312899330831685,0.1339810472476494,0.0959554934467156,-0.0930037232920603,0.0161026563679302,-0.1088747346859738,-0.0455324095637444
7.8,-0.3561931163403697,-0.4642709299216731,-0.0056732011445642,-0.037549699203677,0.4429685271912428,-0.1634464496243071,0.1686329359214125,0.1288371358552368,-0.0478118402817677,0.0189049669757073,-0.0829289085809116,-0.0298131566768853
7.9,-0.3568610397693103,-0.4636289716065393,0.0235534774635989,-0.0309563319407875,0.4445500082892925,-0.198519340758817,0.1911356923204211,0.1529030753805955,-0.0101420558655805,0.0168105456215483,-0.056817651236664,-0.0191888057266329
8.0,-0.3586802505546149,-0.4613069318097386,0.0564198623078587,-0.0333475776727495,0.4357297885764877,-0.2351451656814814,0.2330773908971599,0.1857440570069374,0.0249394841842604,0.0153500295238028,-0.0290131084295601,-0.0132495041853619
8.1,-0.3569595185269464,-0.4610639691357083,0.0915655320509421,-0.0365352106907255,0.4231097917013725,-0.2761571256434118,0.2663799537580227,0.2040638733492921,0.0675819349762641,0.0091523427354143,0.0055446819979349,-0.0168583404796879
8.2,-0.3564156634591896,-0.4618181833707676,0.1270317718109774,-0.0391968121978573,0.4075827028878851,-0.3055428226522318,0.307139237138414,0.2411687213976759,0.1106775810975384,9.92014643215729e-05,0.043438508500455,-0.0265579895668046
8.3,-0.3551134803209857,-0.4621710882989845,0.1610019804510772,-0.0534905319898328,0.3768343012993024,-0.3217266607427561,0.3342753363403908,0.2789795134833889,0.1538685710936269,-0.0110852617198664,0.0796216554837021,-0.0365848682381386
8.4,-0.3559584800802319,-0.4612315470979817,0.190660931899517,-0.0719503464679467,0.3401822939293468,-0.3307482789831001,0.3664355143468256,0.3170073471762942,0.1956600806210468,-0.0228026639953252,0.1166540580386798,-0.0383042279416512
8.5,-0.3563803642300875,-0.4621876471101902,0.2178607298592388,-0.0933916503882833,0.3031960929002741,-0.3324098506924245,0.4009181358552665,0.3478107693751548,0.2374464695842559,-0.0360072970310276,0.1570058749474406,-0.038154817062264
8.6,-0.3568819204751381,-0.4619751562503859,0.2451980826107165,-0.1137545024343559,0.2670225507165352,-0.32992497067402,0.4178913238147708,0.3612505791941351,0.2788787297774699,-0.0460616745350128,0.1977255452943258,-0.0312066692833905
8.7,-0.3601243856062882,-0.4618998904874942,0.2735366794201362,-0.1342716627335713,0.2296693121335022,-0.3189107128409854,0.4325388002936083,0.3691670099271366,0.3205293648471392,-0.0583685198527339,0.238518327096748,-0.0177917467146835
8.8,-0.3595350314876138,-0.463007534309269,0.3014867761304801,-0.160048039164399,0.1949222101624506,-0.302003198880159,0.4715020673800429,0.3595968512278888,0.3575602153081343,-0.0661991658284838,0.2780613599183752,0.0077678914056578
8.9,-0.3595516801178626,-0.4614424450734269,0.3235602851163554,-0.1849034471613206,0.1619168598925931,-0.2791756779510943,0.4842520503835955,0.3284271266095366,0.3938093210966161,-0.0537062249520832,0.3123194598402459,0.0363832766528129
9.0,-0.3587731910313492,-0.4621554356357554,0.3374217335043681,-0.2108646190006008,0.1304509251227242,-0.2510721237337482,0.4847352525618051,0.3000819410260051,0.4290007266981562,-0.0365673397758351,0.3433557388973321,0.0631069717162096
9.1,-0.3579547090964028,-0.461227180251778,0.3463009170170109,-0.2398988466357061,0.0975011982583649,-0.220334809067683,0.4803189312629873,0.254570807340707,0.45995689368827,-0.0245454426156527,0.3709567305913392,0.0929882653670153
9.2,-0.3575859750719494,-0.4618049450576414,0.354390295188133,-0.2702043535880884,0.061031531231161,-0.1919659032371842,0.4712311383476606,0.2420587920787086,0.4618473808970584,0.0190827068858196,0.3947728301386068,0.1171038429397047
9.3,-0.3564229883630053,-0.4634230025632229,0.3601716696191764,-0.3029004927529199,0.0243202882273714,-0.1646126107583115,0.4341738054439589,0.2137884938360293,0.4756536590069434,0.0611615529590384,0.408481225679539,0.1155835828708288
9.4,-0.3592749348167429,-0.4621540566752727,0.3591041310179327,-0.3239452161785461,-0.0078745785125595,-0.1336112892577176,0.3904332459787581,0.2011553874809971,0.4589346772402151,0.0925460085809824,0.4009938514466722,0.1177001477816759
9.5,-0.359474166743276,-0.4619138962483878,0.3507426154554062,-0.3491169002491525,-0.027452209923707,-0.1010882196587696,0.3499072037640985,0.1987354365002205,0.4724029904200562,0.0895674702710151,0.3838478291290405,0.1209398257339305
9.6,-0.3577948854137276,-0.4629589519575116,0.3404654574482572,-0.3766479726504933,-0.0383953967476226,-0.0671313948896402,0.3069905728614956,0.1975798635098306,0.4415097680715249,0.1168739254732792,0.3760096902437215,0.1250266887870678
9.7,-0.358229676091052,-0.461707269139668,0.3270410119777401,-0.4054398752218377,-0.0416867847229691,-0.029255274675059,0.2911331160424586,0.1869989860807755,0.4363194362827056,0.1159836352589261,0.3704925822637966,0.1236874764830463
9.8,-0.3569340817437143,-0.4627050715578741,0.3052211692115226,-0.4361555136915935,-0.0349074707795188,0.0095015085409124,0.2713319718248468,0.1617482379813275,0.4394418621805034,0.1187798151311436,0.378030543224714,0.1269286864393752
9.9,-0.3583742099283368,-0.4616896154314149,0.2828978098158337,-0.4399137004210484,-0.0224174494620708,0.0522424127105642,0.2499565849093339,0.1344989088860415,0.451206880822481,0.1077341636495104,0.3767996412912539,0.1299437031388699
10.0,-0.3574687169380068,-0.4619167302639922,0.2616361598347365,-0.4660465471606823,7.802292608635661e-05,0.0944715088726374,0.2504712915484979,0.0881753113612762,0.4167810701485533,0.0783358486692039,0.3870313065842419,0.1269812301335858
10.1,-0.3580883026906779,-0.4602502158035945,0.2434297950582752,-0.4653553046356012,0.0245946916770018,0.1362318390879167,0.2506736548425283,0.0390538213364395,0.3782897631154956,0.0558020860325312,0.4049345397065469,0.1204635526928903
10.2,-0.3592905940676482,-0.459316027628949,0.2197046505150929,-0.4608625800951521,0.0573783395149735,0.1731216883143763,0.2393598670109078,-0.0077098563637228,0.3405668343253906,0.0270577411483338,0.4271435531239688,0.1062408377138828
10.3,-0.3587139057970634,-0.4588291914855823,0.2027197448416662,-0.4553286474902778,0.0964507234110994,0.2075550610790868,0.2463536384351854,-0.044619001543051,0.3131660288426979,-0.0074549175435266,0.4472829554639739,0.08663905892712
10.4,-0.3591005924043042,-0.4581188833259995,0.1872846953344806,-0.4406264019517462,0.1358650217106718,0.2358335856056048,0.2278241994252793,-0.079619053006207,0.2873789474187777,-0.0422747956868429,0.4624047939473504,0.0611833512653143
10.5,-0.3605841263000556,-0.460392995409948,0.1742206307045764,-0.4224072728656001,0.1731477709912799,0.2619119638779085,0.1923094413229592,-0.109316553780475,0.2594781292876272,-0.0729059068199299,0.4583068364017264,0.0370453022972259
10.6,-0.35766665691757,-0.4595550992644192,0.1597316216304239,-0.4024861064638944,0.2104415281297344,0.2926242594520414,0.164000576168936,-0.1434426762625504,0.2290602457025655,-0.1062876965826082,0.4566511095476047,0.0124826452922487
10.7,-0.3567380877958264,-0.4596597466119786,0.1458100707802297,-0.3794970307179116,0.2479588101358511,0.3220339439909183,0.1269363213466253,-0.1828605041784745,0.2037726516149298,-0.1415743009291143,0.4430305513982603,-0.0135051331097903
10.8,-0.3579619324639393,-0.459369164855837,0.1396434931079781,-0.3572475724314698,0.2872869326755407,0.342424754450929,0.1254857859607538,-0.2263879904243351,0.1825995977861247,-0.1788663630112211,0.4209159685552128,-0.0329039021945299
10.9,-0.3563697476568996,-0.4582675879867087,0.1334476146072105,-0.3360740387519841,0.3253465510438938,0.35145637813526,0.1371303622443044,-0.266125117941374,0.1676729968338569,-0.2089476247378757,0.395938808057264,-0.0449466564186314
11.0,-0.3577717798039216,-0.4586232699671002,0.1363726639348893,-0.3416259094895633,0.3631983363843499,0.3489720183593133,0.1684449670752472,-0.2806556447412306,0.1480966116565913,-0.2212601590271786,0.3702481539706863,-0.0505942801687408
11.1,-0.3569380831024342,-0.4585601254670809,0.1501662711864109,-0.3317059078291261,0.4045478564991593,0.3374167000908624,0.1856182550138265,-0.2803546422801901,0.1238307261724516,-0.2303723457441196,0.3419290560726399,-0.0662069097373255
11.2,-0.3586920060598193,-0.4595043377320357,0.1761997919673049,-0.3202503485947889,0.4451609426914308,0.3309620600791374,0.2317551452283067,-0.2790375988211527,0.0930396875161845,-0.2364420988134957,0.3119894531116842,-0.0843126038402743
11.3,-0.3608430628319587,-0.459525396974123,0.2033653940304985,-0.3246820127044137,0.477048020978686,0.3051938365361869,0.2753754305845558,-0.2927758960285602,0.0589942221184568,-0.2412261556845718,0.2831940963890875,-0.1049227961038962
11.4,-0.3589505914840454,-0.4603116045733966,0.2314949446161486,-0.3445784271555164,0.4766627876025701,0.2947815599148493,0.3134362280058431,-0.3253601639924971,0.0224251368714091,-0.2497539165989046,0.2520697099897987,-0.1229154852419025
11.5,-0.3575861007634364,-0.4616019236130039,0.2497478083207572,-0.3663658011134912,0.4784138925045159,0.2681701293978335,0.3381714241518359,-0.3573421034923606,-0.0207760464377079,-0.2685803453026556,0.2163589385747272,-0.1457727696193675
11.6,-0.3572169679423611,-0.4611837177176754,0.2611878210073395,-0.3907743155854537,0.4544687139487469,0.2245973697813635,0.3429511023251296,-0.3913584520778588,-0.0593615975286618,-0.3026479765852427,0.1843544991625383,-0.1735341449002829
11.7,-0.3561455946473727,-0.4597984090962908,0.2684402870917461,-0.4201890800214579,0.4470892277091685,0.2194255043481112,0.3289350634317675,-0.4298455557123252,-0.0852030926271716,-0.3431983879347564,0.1591101568285315,-0.2028404960934281
11.8,-0.3694749659586633,-0.4578934992267897,0.2667469957954076,-0.4512509024716369,0.4012797129367319,0.2089186261539756,0.3062894553742655,-0.4632042982758196,-0.1077745793695871,-0.3840401531198826,0.1403638188517408,-0.2382462048881626
11.9,-0.356772525089435,-0.4586624858963484,0.246116896937538,-0.4727946602862729,0.3578901941662117,0.205831778762073,0.3101772616915288,-0.4594725527092826,-0.1070835283251057,-0.4199114942215956,0.132014485308132,-0.2778239003814297
12.0,-0.3570736403914057,-0.4591445016124437,0.2290791100489992,-0.4637445939521912,0.3180401750744249,0.2062567547932288,0.2932850799909636,-0.4711588444023027,-0.0886315023095699,-0.4553112331482432,0.1282662507503059,-0.314808668975344
12.1,-0.3534631221865371,-0.4600376837647242,0.2045018789252336,-0.4504513212333692,0.277667726224328,0.2162842916332129,0.2674566106409119,-0.4692519788533998,-0.0620695005920022,-0.4839441283623651,0.1265055006618174,-0.3515309434164092
12.2,-0.363957778313616,-0.4593489088232155,0.1842564192437797,-0.4233892624369055,0.2363886615671591,0.2355462794082451,0.2381183322085605,-0.4671931522967436,-0.0280705575358534,-0.5042779246487997,0.1245637572594025,-0.3783813823907964
12.3,-0.3533038493833647,-0.4589043992201531,0.1662980403148851,-0.4061083765017062,0.1973310893679043,0.2556957637688556,0.1921564204302347,-0.4683060315165577,0.0110748685001669,-0.5129348372934899,0.0974112755323064,-0.3831572893188174
12.4,-0.3528785236632125,-0.456974837682894,0.15720131258672,-0.3796866542579327,0.1589881362895406,0.2813377153026314,0.1634182161860332,-0.4348651372978914,0.0427848789644658,-0.4970158053956667,0.0624102476180679,-0.3840990899551459
12.5,-0.3508548902371586,-0.458888428153117,0.1316512247264977,-0.3487551983564059,0.121120438554071,0.3090393477958078,0.1467121759843951,-0.4073888351389771,0.0693558649608579,-0.4724558230357718,0.0280608338030505,-0.3984959613391091
12.6,-0.3525664573786067,-0.4594115537390704,0.1074922168788703,-0.3281769541786192,0.0903560454768324,0.3434367886647295,0.1283151252833017,-0.3784660506207272,0.0874684668131452,-0.4469853792019485,-0.0068599484941582,-0.420468322486807
12.7,-0.3527144423377326,-0.4589587325227616,0.0871706029046462,-0.3026264947657295,0.0718715621524692,0.3754524274714467,0.1238534583141394,-0.3822665568346738,0.0960993887682838,-0.4203683434293106,-0.0368573447618897,-0.4463011725890571
12.8,-0.3664040854886746,-0.4590661176932438,0.0606991835617517,-0.2849228465563275,0.0639774649569702,0.407248775081704,0.1104710856958738,-0.3416047323407131,0.0783737687476961,-0.3934989510436101,-0.060325734066733,-0.4737403716639805
12.9,-0.3539679985967675,-0.457452010117523,0.0350754718274729,-0.2714150427993531,0.0630065986663625,0.4366987659927988,0.0831916338201787,-0.3225605866916429,0.0539077677183632,-0.3626986925041945,-0.0557794938495854,-0.4951707755804454
13.0,-0.3535136004057577,-0.4577850881046454,0.0141273611468921,-0.2417264939048356,0.0546710076959318,0.4652022624618011,0.0515700461848066,-0.3043358027018027,0.0295445922323271,-0.3425054449299954,-0.0361712079761878,-0.5100075869793624
13.1,-0.3549138927738079,-0.4585260086768914,-0.0119079461418687,-0.2155732880392211,0.0400408642327049,0.479106052335549,0.0199421064305953,-0.2939547753996404,-0.0045546472179213,-0.3280666197151321,-0.0095568264432986,-0.5089749467775962
13.2,-0.3625777059126537,-0.4559095679307215,-0.0266667153966705,-0.1948771627155006,0.0190332905460382,0.4810160089748203,-0.0227563137009539,-0.2916731911899629,-0.0457821943232669,-0.3187529130769779,0.019116900882384,-0.5020965585377447
13.3,-0.3646646150171166,-0.4540708342953153,-0.0390559883847557,-0.1681753544778407,-0.0125628642731941,0.48683686620372,-0.0611059639721325,-0.2876504046416743,-0.0888364897763786,-0.3180333623983207,0.0535617240606569,-0.4906232137272102
13.4,-0.3641500405194924,-0.4528667197624234,-0.0510944884900612,-0.1459602995996642,-0.0500410472105376,0.4684621670661648,-0.1071211460107321,-0.2739759564305498,-0.132851630873719,-0.3197840242245106,0.0704526638828023,-0.4667604700022452
13.5,-0.3631874103527255,-0.453698478648638,-0.0632826449435047,-0.1159012094518654,-0.0484801284139716,0.4642739035824502,-0.1473969405253197,-0.2628546165486121,-0.1815772740075848,-0.3211316748624661,0.0757183470737124,-0.4441162572304858
13.6,-0.3635451073616749,-0.4539945690219845,-0.067965751424149,-0.0894424898453649,-0.071220357929039,0.4474405454977894,-0.1839411119059679,-0.2422663509820497,-0.2289613393928501,-0.3260597616659599,0.0794040168427665,-0.4145843108303803
13.7,-0.3593571913341761,-0.4568969450129015,-0.0681552010998645,-0.0623094620725603,-0.0976433602750682,0.4062668041025464,-0.2183333193381111,-0.2161682733924359,-0.2708563734549796,-0.3452894344322316,0.0780702680299538,-0.3813630996569779
13.8,-0.3721052585384929,-0.4615916784939575,-0.0699783508536812,-0.0306801170030382,-0.106499407134516,0.3662705605791562,-0.238927405991664,-0.1715968230518249,-0.3093174103379792,-0.3730822227488909,0.075107974036516,-0.346330937255818
13.9,-0.3572095844102323,-0.4625842049287065,-0.0683575077295153,0.0021168970652745,-0.1339512970305959,0.3259561928840529,-0.2292352961524051,-0.1287833811624243,-0.3400463676748807,-0.3993223399909282,0.0716008116119886,-0.3085700408057084
14.0,-0.3578830495353529,-0.469841755865753,-0.0625069380601435,0.0338832228329504,-0.1671814975048379,0.289314281836287,-0.2508529749972956,-0.0950602521811288,-0.3646741333815824,-0.4162018251771751,0.0661678702112121,-0.2665845526226496
14.1,-0.3663217340764959,-0.472373022890429,-0.0489366748614708,0.0621696340254672,-0.1997389004274809,0.2557099378096375,-0.2658073291459996,-0.0471705387286506,-0.3650679013945108,-0.4059175472608676,0.055028021203768,-0.2234696473029362
14.2,-0.3488500998889333,-0.4711897827746816,-0.0306657234440535,0.0891917515674137,-0.2304619267850288,0.227123827571201,-0.281982732363048,-0.0029893953100796,-0.3858957541522083,-0.4055797765574885,0.0263090615579845,-0.1827052828737019
14.3,-0.3484539241759689,-0.4618942219660229,-0.0088860249961885,0.1152298466441696,-0.2626885193355201,0.2087174631144385,-0.287316016907688,0.0364572690601557,-0.4094607496881297,-0.3973172828361578,-0.006091299666111,-0.1467910330184009
14.4,-0.3541938240187449,-0.4457624608564479,0.019398139732957,0.1401551582358405,-0.2975306162102921,0.1972492291506396,-0.3006185082013939,0.0740697099269545,-0.4346077729155586,-0.3834922798396576,-0.0390845056510904,-0.1219290204004017
14.5,-0.3653371613555616,-0.4263298806800938,0.0460182342136533,0.1576502034312983,-0.334790379760723,0.1897643774221764,-0.3186507573948208,0.1092377309227047,-0.4510254324576839,-0.3570188815158552,-0.0728456552362565,-0.1029113654167258
14.6,-0.3753342163004228,-0.4058676439051435,0.0745335980035074,0.1728629393126428,-0.3760244174228641,0.2103649300924469,-0.3359665037163752,0.1369008732021404,-0.459490536674445,-0.3253922191586962,-0.1069063185718354,-0.082777629976223
14.7,-0.3834808520890191,-0.386297414449451,0.1048625784750686,0.1826017610365277,-0.4212919510964837,0.2149218212554257,-0.37442145734274,0.1566038433493407,-0.4468444421688757,-0.2979709290829623,-0.1415987583389893,-0.0667807308570733
14.8,-0.3892170133799062,-0.3633294902085103,0.1351538925485045,0.19349965597614,-0.4539191018807706,0.2208016749825006,-0.4219966165136951,0.1593500822002816,-0.422026409373925,-0.2740388500747566,-0.1758582834392124,-0.0550545593326032
14.9,-0.395912676417706,-0.3416133221871503,0.1660208942796429,0.2029767821126481,-0.466737071253594,0.2382549191351403,-0.4582797505804114,0.1803077997716428,-0.390866112617332,-0.2540761760906666,-0.2134180892625702,-0.0470642804733678
15.0,-0.4008814778969909,-0.3193385487377714,0.1970508200327777,0.2123720251048184,-0.4567763995056252,0.26862631067911,-0.4684807459718439,0.1780970122072333,-0.3618754429740721,-0.2470171254188764,-0.2502444533539095,-0.041301702993758
15.1,-0.4035957261050276,-0.2954764902944501,0.2291104109836793,0.2178544958499007,-0.4200764477819955,0.2971865557240498,-0.4784476026482094,0.2142173426968626,-0.3288222660487822,-0.2415880810906975,-0.2892046365596976,-0.0414179869735003
15.2,-0.4068866563957137,-0.2710498709643445,0.2617740413822622,0.2158799950746776,-0.3855632400253404,0.3230417494812903,-0.4738509126225015,0.2537998998052951,-0.2932744598093676,-0.2372715060009355,-0.3293968103976558,-0.0393048859998166
15.3,-0.4048326528034748,-0.2554016217308987,0.2945148426429057,0.20878251484273,-0.3515391448750071,0.3419616490796831,-0.454152681128584,0.2936982309758376,-0.2538155006981898,-0.2355442513612554,-0.3690075630020831,-0.03520782508243
15.4,-0.396393631178247,-0.2490718227139337,0.3273967775676114,0.2007247596009373,-0.3148426027372613,0.354875888990395,-0.4320297119830444,0.3259697786550715,-0.2100847142538781,-0.2357332304463639,-0.41247194214831,-0.0351594404081305
15.5,-0.3870106886045834,-0.2436243477735367,0.3557314700059872,0.2080617902299794,-0.2749875294079588,0.3668183339297521,-0.383219608955071,0.3273323836708295,-0.1685254845224777,-0.2396187785296425,-0.4406973261363109,-0.0372232035287743
15.6,-0.3799614065451103,-0.2428287770766048,0.387909657251627,0.21903219278989,-0.2400441355748503,0.3820728023239539,-0.3375078409744251,0.3312037732791042,-0.1239171884262057,-0.2427679407343849,-0.4501157213686011,-0.0482154212914548
15.7,-0.3626926850101208,-0.2365700483653892,0.4187545238684403,0.2334598387093179,-0.1977066293767053,0.368846611241937,-0.3043824654703577,0.3486168707782901,-0.0775147470760178,-0.2432350444099414,-0.4483439968017968,-0.0647894612313677
15.8,-0.3447936549372199,-0.2383012380587656,0.448727958931251,0.2488121983977839,-0.156356337452483,0.3536315840341457,-0.25620156673972,0.3442432260031711,-0.0325001681340014,-0.2497760052255909,-0.4503758000776695,-0.0970432248707533
15.9,-0.3203419419166959,-0.2318270719977139,0.4748464742770589,0.2692794787425476,-0.1142095269956942,0.3253485127611217,-0.2079836309175869,0.347587457499962,0.012055259578789,-0.2487016740239057,-0.4251885144090599,-0.1208941544749082
16.0,-0.2970211545589352,-0.2236261628297736,0.4854424614088795,0.2922672615448984,-0.0722681625850758,0.2911899198510587,-0.1594067621058144,0.3521683465885221,0.0569099341327882,-0.2435610328524657,-0.3980321063320272,-0.142178553037113
16.1,-0.2725949759618827,-0.2194585763293459,0.4904430559784149,0.3158892842590846,-0.0336882284917618,0.2561786936532931,-0.1137694400999345,0.3491388782208465,0.0970454758800378,-0.2357126957588062,-0.3663280500335335,-0.1596166050563798
16.2,-0.2468362710878375,-0.2159007020436833,0.4899309671081981,0.3357873492521068,-0.0034615783932269,0.2217017971918028,-0.0711272205371902,0.3328129259719575,0.1331749560095038,-0.2317694389472993,-0.3321949552177748,-0.1643743660140641
16.3,-0.2207120480261132,-0.217101656068449,0.4934128252339338,0.3383227379950089,0.016663689782217,0.1843857495106951,-0.0250765976637405,0.32298902775678,0.1739635022692502,-0.2328761165525717,-0.2960652158981943,-0.1630472802520437
16.4,-0.1949830439838571,-0.2134878120556284,0.4937348468235646,0.3478514096226102,0.0342982738442023,0.145612550164402,0.0190735266658063,0.3158651398583482,0.2189745977270083,-0.2357575798611264,-0.2548997900079998,-0.1643399165319785
16.5,-0.1675172807910895,-0.2115851795374501,0.4811813938504658,0.3690288016629166,0.0509474956222453,0.1044969174176174,0.0665390543732851,0.2959122973430801,0.2639796959979797,-0.2327661267413933,-0.2089035055664501,-0.1690398162220699
16.6,-0.1538844617357356,-0.2177430889666401,0.4642461156813039,0.3834094435962017,0.0701454568679566,0.0594062845876534,0.1125545688579991,0.2776448866530774,0.3064762313750713,-0.2247837623779933,-0.1630441453443514,-0.1634750340611266
16.7,-0.1183428625976279,-0.2150734970972782,0.4230557584846118,0.4079602209813971,0.0822804990877191,0.0143993933168541,0.1541353655849583,0.2466066414725053,0.350823563286848,-0.219513049552337,-0.1214699556591342,-0.1459822375382265
16.8,-0.0878334022552315,-0.2079972706404105,0.3879571501843435,0.4282762664031649,0.0938702079820947,-0.0317402153587824,0.1964732151028636,0.21722339625391,0.3930036955203096,-0.2112327681738378,-0.0825606081490925,-0.1280124050417509
16.9,-0.059602784902554,-0.2021549500687564,0.379039592047057,0.4436750600849576,0.1077493977262706,-0.0761949418584505,0.2406219669719017,0.1863699001884639,0.4330051474505612,-0.2036837779113788,-0.0450056817873359,-0.1078585345834275
17.0,-0.031681489147503,-0.1969264001509113,0.3353409914180636,0.4609913996380436,0.1216293017461153,-0.1197100210458221,0.2772531936730014,0.1581676936880008,0.4534806974898881,-0.1901050101744123,-0.0103759280492933,-0.0819261303534568
17.1,-0.0027044392364194,-0.1948982965611101,0.3010058617461539,0.4736216087685118,0.131883661743643,-0.1631621794108873,0.3155154230114176,0.1285973559793288,0.4722209679459423,-0.1889683751418646,0.0187177538532392,-0.0501155995654283
17.2,0.028146188245719,-0.186579134598106,0.2653485374613727,0.4887374131368299,0.133974838984046,-0.2086009870797604,0.3462730879808297,0.1035485304140442,0.4509851199345653,-0.1542202172464257,0.0417832315650174,-0.0172935354563356
17.3,0.055389419027489,-0.178339289096773,0.2463536384351854,0.5030288625275079,0.1279061232154363,-0.2560204561730448,0.389956790761958,0.0809694184129793,0.4263184382051295,-0.1392578442000277,0.0628538111599874,0.0170411857980281
17.4,0.0828408788377462,-0.1663217309620518,0.225278650967583,0.4909729901121257,0.1320779286115188,-0.3031353775307705,0.423009270547707,0.0371301056644168,0.3982801935177003,-0.1245670167075258,0.0840081984883262,0.0539452415371036
17.5,0.1092947273108001,-0.1522707474855862,0.2010091427740192,0.4692054489894678,0.1379221064512903,-0.3465829859792142,0.4302796621032985,0.0351354198864433,0.366269284354481,-0.1269521683730436,0.1037182726339675,0.0891608463916296
17.6,0.130983567361554,-0.139570173976305,0.2026035741062404,0.478322943847633,0.1413837955287557,-0.3815688041523078,0.4326774418125749,0.034645820888214,0.3319118146390483,-0.1240228638550299,0.123768214759776,0.1221329682941705
17.7,0.1543352234510864,-0.1277649709670383,0.1847991519751568,0.4444851331825893,0.1526765887725879,-0.4137635138083425,0.4455451077916763,0.0233222748266047,0.3004293573888303,-0.1105676472230297,0.1431739983765581,0.1572627686922877
17.8,0.178510432628222,-0.117766972953824,0.1732652956738891,0.4134699073129615,0.1670228119567462,-0.4440288549584426,0.4476039343483325,0.0130281420433235,0.2679048804758534,-0.0925256523813313,0.1612352138508031,0.1958298791213535
17.9,0.1987141852319878,-0.1180988039546725,0.1754899078896019,0.3714721588454402,0.1921177605128643,-0.4730535747450972,0.425471548864278,-0.0332954554814417,0.2385198894790193,-0.064177238889064,0.1774954580798075,0.2333596711562889
18.0,0.2207933139734915,-0.117064865904547,0.1612440530880876,0.3360436129359885,0.2130968524559123,-0.4852986433831062,0.3872653039613293,-0.0570899144877969,0.2147656630674878,-0.0336731214779284,0.1859943123100104,0.2708624741504409
18.1,0.2476408842757764,-0.1106519335578174,0.133223612389266,0.3140770126895591,0.2379967836980276,-0.4937044412641521,0.3678244052779034,-0.0816778795628632,0.1956950921353542,-0.0003106219272277,0.199350758009631,0.3042527047386685
18.2,0.240114263923492,-0.103716644528416,0.1215785559609827,0.2838272477925916,0.2669419040017478,-0.4931535483409203,0.3570155658554582,-0.0960896654594569,0.1811938485759088,0.0379576918836627,0.207657735610443,0.3377107185722875
18.3,0.2300814965609993,-0.0797398284675898,0.1189102763236964,0.2501616242263452,0.3013085170877378,-0.4872782503700346,0.3117714567365952,-0.1105786163067386,0.1648226925578829,0.0809541595755203,0.2098810487725667,0.3799573921235221
18.4,0.2212218092407588,-0.0545235583310419,0.1208657368876939,0.2137601296805186,0.3214078746099557,-0.4692753746097254,0.2735241813698401,-0.0981783300821516,0.1379844694815839,0.1212042960072387,0.2088181492973144,0.4221868299085936
18.5,0.2286019430988393,-0.0301557537945019,0.1070125240379616,0.188099859262517,0.3438567526865266,-0.4276160401415169,0.2438668660874844,-0.0624652337457415,0.1045726704402595,0.1346781872584541,0.2125627030460965,0.4547727978856165
18.6,0.2353693746525756,-0.0033306614770741,0.0809562802397932,0.1730252265617066,0.3437366144779754,-0.390863717425802,0.259736011053451,-0.0466778280997072,0.0681263439884668,0.1206439645220266,0.2262776545059536,0.4665113661670284
18.7,0.2394440454512738,0.0250400000496903,0.0535241721358074,0.1653754034058216,0.3476697984748085,-0.3486337935602174,0.2861425636453983,-0.0091136172371396,0.0389589231860114,0.094547635627082,0.2400491097964492,0.4778927662662828
18.8,0.2543510453122436,0.0491913361347513,0.0244692878753759,0.1583064271249354,0.3560123357796579,-0.3048945043335073,0.3173831546398256,0.0109693154866673,0.0164493429632555,0.0655701487897102,0.2566130537510407,0.4877006969674613
18.9,0.2662071039512241,0.0732824758784782,-0.0037455894857135,0.1505329522288173,0.3712444126270469,-0.2640290004543024,0.355183952139514,0.0410448764021455,-0.0069370095664152,0.0288704414370533,0.2868012388030853,0.4988410652313259
19.0,0.279614416421324,0.0995288215652593,-0.0323533350747888,0.1414525113581458,0.3956470149135204,-0.2265302947374561,0.3791479513395127,0.0639840993205654,-0.0316141831915768,-0.0055201636475141,0.3100390833471434,0.5043749473345055
19.1,0.2966678252099378,0.1222792196135506,-0.0623372014645413,0.1344554883184972,0.4262125210331723,-0.1923879177099804,0.4202060353381017,0.0936669512352023,-0.0564121269709482,-0.0413927898674552,0.3324322348221921,0.4960538811067419
19.2,0.3095303289865376,0.1444252718872679,-0.0902937887771183,0.134710263249943,0.4387298908381967,-0.1819143536749214,0.4303749377166042,0.0970471629967224,-0.0732072231309306,-0.0801666911128057,0.3580736918152235,0.475205001238748
19.3,0.3239908944498068,0.1680674212689229,-0.1209649039506559,0.1423661293158864,0.4381040378291838,-0.1684224993582224,0.455392339600833,0.0762743897882692,-0.0806304025080198,-0.1239658358671084,0.3737554542114573,0.4502056154768467
19.4,0.3338873329345095,0.1902444745859564,-0.1498658789411907,0.1580409087446339,0.4198762706948916,-0.145694832077306,0.4706054146493363,0.0305506686115863,-0.0865893479794989,-0.1699520900349844,0.3917128539500876,0.4203488835595348
19.5,0.3416561406733796,0.2148848957981311,-0.1784327364493717,0.1818381588946689,0.3996660828957305,-0.1367983575498292,0.4603899801807704,-0.0126638812656293,-0.094336881570384,-0.2134880543099,0.4149595966309667,0.3923212254792694
19.6,0.3498424535573139,0.2413723009205331,-0.200267235639752,0.2089080290905861,0.3722246084857344,-0.1302620701855715,0.448025586679851,-0.0494636414348437,-0.1008133039802769,-0.2566749772307664,0.4386395075690524,0.3646658277009597
19.7,0.3564961494823411,0.2678489703968387,-0.2152223487847808,0.2355027958014486,0.3371545849546415,-0.1246989853833336,0.4218686023901296,-0.0559425476046603,-0.0997958180723377,-0.2957001629924028,0.4637423461439378,0.3402554012157722
19.8,0.3596935495498127,0.2954225750609799,-0.2256311969198263,0.2656418953388513,0.3004120160815212,-0.119605042594308,0.3731961813527187,-0.0481779170657664,-0.0995436104105021,-0.3337679550841747,0.4819858751068493,0.3144860541787846
19.9,0.3638590494943739,0.3234944782786666,-0.2335180084580412,0.2981242046431382,0.2615754005194568,-0.1148720986563347,0.3405449534022083,-0.0127071899148793,-0.0792773211060523,-0.3744601076711033,0.4811241692764014,0.2895464789946833
20.0,0.3617871956830108,0.3509048509336531,-0.2406753954443831,0.328786832363801,0.2193141183604377,-0.1062625091889505,0.2982620612998504,0.010104673588864,-0.0448726525876414,-0.401697022275414,0.4688068829402401,0.266378428817355
20.1,0.3527510854739205,0.3782161529319197,-0.2457806889725405,0.3625944099241407,0.1776925688167841,-0.0924601142872321,0.2597759409913994,0.0415420133421794,-0.0056249001273595,-0.4241624693461347,0.4533589330224554,0.2445240752104362
20.2,0.3441375496065167,0.4039955509866721,-0.2467752692649332,0.3983334349542613,0.134512300382676,-0.0823506101701918,0.2218891756898872,0.0728748078836012,0.0338380354379491,-0.446931609642678,0.4349677648254062,0.2267828506259911
20.3,0.3350141531885788,0.4298297531340145,-0.2390801185062815,0.435073481093002,0.0914822601759263,-0.0781236249996016,0.1850656695310875,0.1016780050120736,0.0678025407494686,-0.4555901537141724,0.4367385551814337,0.2387854927075776
20.4,0.3264415999418771,0.4546690414001574,-0.2362148501555311,0.4511033761097637,0.0503394029754393,-0.0639759394354227,0.1476318599538963,0.1303873521288613,0.0902478137969989,-0.4375833562350438,0.4033391633802235,0.2322931703272127
20.5,0.3205807672286616,0.4799976178621522,-0.2397960407478225,0.45226381045072,0.0229365965130259,-0.0320897984220374,0.1152891566652289,0.1627513287470255,0.1088103838986261,-0.4071520682483422,0.3647911583818496,0.1947811686700967
20.6,0.3132629304654915,0.5051503834183101,-0.2458373303675215,0.4533323923963004,0.0073131582049378,0.0069623832120085,0.0888346084089151,0.194659483606976,0.1256128574390205,-0.3731308646071134,0.325424071126125,0.1723243478620447
20.7,0.3050140476406203,0.5128084232354522,-0.2540655029677017,0.4610051219599413,-0.002411276703318,0.0511991051383688,0.0824639451234295,0.2145446655284521,0.1525342647621572,-0.3399650180839114,0.2887054654140813,0.1478034382525934
20.8,0.2981791163264595,0.5179432022676186,-0.2422469952650998,0.4559575635886482,-0.015883926245202,0.093663722734097,0.0462180765405521,0.2571919880718554,0.1804353546156619,-0.3078391081083624,0.2574883807826137,0.1205286465375647
20.9,0.2814989183276494,0.5229289541643442,-0.281899745156128,0.4596351692816105,-0.0322493032130334,0.1331151872534308,0.0272373289996326,0.2995396508272972,0.2078571315266736,-0.2873653016757005,0.2316832068819936,0.092866583856348
21.0,0.2609868094285745,0.5210639784145941,-0.2947957243757738,0.4692905022106104,-0.0524178260913728,0.1724718320614106,0.0144875714852752,0.3410786597296321,0.2268099448431514,-0.23996636334948,0.2101200570372765,0.063664063295376
21.1,0.2404930942107739,0.5179530234363611,-0.3345530354894425,0.4530585137082397,-0.0730230020183406,0.214392869247495,0.0152417790065369,0.3860973180454177,0.2496545371757067,-0.19673067272424,0.1908070708486675,0.0281810567418397
21.2,0.2284512494409167,0.5110230099080951,-0.3551454077579131,0.4203233956641765,-0.1019341668876657,0.2521114864060531,0.0306467323235354,0.4290378510656955,0.2753808581633362,-0.1562692522158363,0.1745040865295067,-0.0088376762368675
21.3,0.2259156998870455,0.5245648419058644,-0.3631299552052296,0.4009003071653829,-0.1256103139919258,0.2853334512029583,0.0472681380926401,0.4579794162418496,0.2965499233984264,-0.1189572576591405,0.1612964397124296,-0.0482345216230419
21.4,0.2148953997074265,0.509978388184267,-0.3712860034894627,0.3668292331244074,-0.1437331199388518,0.3232730554793206,0.0399562761303977,0.4659699845076956,0.3220933701799727,-0.0839501239754619,0.1486297060554538,-0.0904939677162143
21.5,0.1961826806690712,0.4911819834584803,-0.3773925930070753,0.3293106861049396,-0.1558628424379536,0.3585387079821552,0.0702432098332396,0.45459717941226,0.3529928917573284,-0.0548869724419105,0.143013037403022,-0.1348152125965623
21.6,0.1856735473542107,0.467736086909377,-0.3826419767210005,0.2937760359103152,-0.162507342161846,0.3918506361814843,0.1006912281128304,0.4273024145444105,0.3849021076132443,-0.028841356352641,0.1475096412060153,-0.1792251443480348
21.7,0.1852681144429666,0.4450105699360216,-0.3878328669840443,0.2597282460194581,-0.1700440326485383,0.4289111064878833,0.1177035063625211,0.3945900957113353,0.4149685496187273,-0.0058121101544835,0.1643230142027511,-0.224189121362778
21.8,0.1881932299649385,0.4218666901322654,-0.3891239114025962,0.2252098050221294,-0.2019337452406804,0.4526137289320106,0.1232657638090165,0.3593318686587883,0.4484785230930506,0.0129643193907539,0.1932111362127194,-0.2651725596439002
21.9,0.1863855491703581,0.3848881999821592,-0.3920364782157517,0.1926143035379941,-0.2351593587769362,0.4658872685625733,0.1324839645809501,0.3344227998738946,0.4705934264766137,0.0366238223538978,0.2236585113337147,-0.2978520831698891
22.0,0.1813234078116214,0.3618656446787398,-0.3975046506517505,0.1569980690792285,-0.2628561278227481,0.4661103314888104,0.1221555319421204,0.2558041622212635,0.4750127513923381,0.0567181386560277,0.2568532707857245,-0.3220146857107114
22.1,0.1662037648897588,0.3332922718128877,-0.4032175415722795,0.1401864446559736,-0.2746249929710583,0.4637095202985833,0.1250279092021289,0.2307083691289619,0.465063250203077,0.0813283832588063,0.2926086084080623,-0.3412127692525039
22.2,0.1678428936574036,0.2991867563213879,-0.415529907473846,0.1351725986083503,-0.3199029921918173,0.4331320698943613,0.1222162010047984,0.197959786510974,0.4464541561668217,0.1136345329876581,0.3252626245254033,-0.3515097640202659
22.3,0.1611102818115427,0.26776824253916,-0.438284990389302,0.1369476308447137,-0.3610001957784042,0.4206758002612584,0.1135593255308582,0.1485675570231925,0.4481186409874966,0.1226606561852681,0.3562457225489049,-0.3468932211422533
22.4,0.1593140769033029,0.2508287095639534,-0.4643344858888333,0.1492416845146784,-0.3635737289742246,0.390822815189743,0.1320742891581045,0.0554291481686505,0.4045699836043114,0.1304840313335283,0.3900983767306601,-0.3357151404390014
22.5,0.1378251661874119,0.2290625975651053,-0.4717522756651342,0.1770069226006888,-0.3770605348236249,0.3580084020639068,0.1391219319652066,0.0237168189919564,0.3598987317769708,0.1444672340997508,0.4224103521860456,-0.3161316303369164
22.6,0.1278087832414319,0.1946644495291518,-0.4725903493447006,0.2050661303910833,-0.3818653920263426,0.3157802957693797,0.1419379814156156,-0.0128551721124544,0.3138641072332332,0.1347675744394513,0.4551002505671359,-0.297893759655249
22.7,0.117258909588905,0.1669701282306472,-0.4595500534979442,0.2325339687548918,-0.3957459877870224,0.2781121865893221,0.1427243064297885,-0.0533089436927663,0.2718873456515261,0.1104730040871061,0.4747289383141599,-0.2682990849620446
22.8,0.112266937730336,0.1404107032330213,-0.4479685205507153,0.2602113832811752,-0.4038209086791524,0.2381620257960587,0.1439710026664735,-0.0950108650373409,0.2330589397818879,0.0835180098773864,0.4855333880263772,-0.237785553844168
22.9,0.1021016203452562,0.1326155211838372,-0.4407138497388655,0.2866715138886074,-0.4318352759639847,0.1994347897998016,0.1449023532539219,-0.1348035412442003,0.1942895359721797,0.0566958840846892,0.4796733317625433,-0.2137594226655385
23.0,0.1030270971593923,0.1070758993762938,-0.419444027602166,0.2993819668738073,-0.4463909582096426,0.1858958532838075,0.1413534840457174,-0.1732956613340658,0.157734869205333,0.022758794425647,0.4702999081456159,-0.1854324207005705
23.1,0.0970352252894786,0.0686409365354064,-0.3943404005893081,0.3223629777567759,-0.4436787017759852,0.1861654709708217,0.1238474383534474,-0.2177029047052184,0.1292616778730335,-0.0162196309263023,0.4534974435995266,-0.1535220633117444
23.2,0.100509377761854,0.0389563063847895,-0.3872186584010992,0.3363166597428628,-0.4764348916185841,0.204599375227041,0.1002775417593323,-0.2601476408907862,0.1096803053917383,-0.0549460492193243,0.4319021026940227,-0.1419303763402118
23.3,0.1016976228750958,0.0120180716657208,-0.3779959930551879,0.3600461098300623,-0.4875819403863386,0.2335595261446043,0.0834840615659108,-0.3034082596799899,0.0966902849780831,-0.0941886907134176,0.4102465229656478,-0.1316713301566325
23.4,0.1042512337745469,-0.0149876215683185,-0.3744930282835174,0.3851078823033489,-0.489162148930255,0.2467049562238064,0.0599612075059073,-0.3451179350931612,0.0813939361521054,-0.1325195161229111,0.3843397907863961,-0.1311992641110554
23.5,0.1061193678222541,-0.0413130087656482,-0.3699556959319129,0.413379180773776,-0.4550047890586647,0.2737561383934335,0.0502504089136789,-0.3791783169996894,0.0594605172242752,-0.1677302700995338,0.3537522127868783,-0.1239522743085109
23.6,0.1032896557832598,-0.0692539337354536,-0.3501823170864696,0.4342437437649249,-0.4196118520556469,0.2826277526730293,0.0157650640896869,-0.4162371950195017,0.0401270886447419,-0.2017057533877336,0.3204485186241808,-0.1205876904198745
23.7,0.0996626930673862,-0.0963371893119716,-0.3277546083800366,0.4529048216085065,-0.3777260109663929,0.2783711232720984,-0.0319005833386764,-0.4378968129238797,0.0125295301085629,-0.2280847636183195,0.2807374496759988,-0.1134577151297109
23.8,0.0960801795940567,-0.1224320872997507,-0.3347501571810372,0.4556758517244144,-0.337158531762972,0.2665435977620478,-0.0618923884042483,-0.4614609592033667,-0.0179209325793993,-0.2522378498438866,0.2378766191459695,-0.1105223050320388
23.9,0.0916891532105278,-0.150658616529074,-0.3055262580018334,0.4628359929714522,-0.2932360951146044,0.2478038941462046,-0.0783893507479091,-0.4594591750188559,-0.0515920014596038,-0.2776738263542277,0.193998066432923,-0.1151216448638001
24.0,0.0885616948421378,-0.1797402735202482,-0.2572765138540631,0.4635542946812189,-0.2516233468901411,0.2275144092229883,-0.0803847258250984,-0.4435328326385669,-0.0844070092951683,-0.3063882886760569,0.1531251188951456,-0.121868540929433
24.1,0.0861963688018163,-0.2118228330252276,-0.2303682981883008,0.4588838660603363,-0.2114671666215694,0.2015125724379711,-0.0954115699697497,-0.4291048609986032,-0.1145610538648254,-0.3345983723174844,0.1144036423831793,-0.1337384764733879
24.2,0.0901522075595045,-0.2436835055123607,-0.219774843136784,0.4660714759576715,-0.1718602826272764,0.1700963770725741,-0.106735116031359,-0.4028548224012361,-0.1429484123239172,-0.3629312541303902,0.0773571500202702,-0.1424164031800241
24.3,0.1037480707310603,-0.2752756299511465,-0.1903738590165331,0.4411068305507091,-0.133737075383309,0.1355955099774073,-0.0673036295874154,-0.3258680171866516,-0.167060687415989,-0.382524051015405,0.0405446138215053,-0.1495381333464037
24.4,0.119514037811207,-0.3017954229515001,-0.1758698496081993,0.4135293544247948,-0.0995099895287149,0.1020293241817976,-0.0489646623564546,-0.2886228742372601,-0.1873848870067068,-0.4132056895354357,0.0042480108325886,-0.155862575591625
24.5,0.1374938253912984,-0.3168595759349828,-0.1660946687231007,0.3793824301061012,-0.0674074182948149,0.0648249655487831,-0.0376500471302276,-0.2519947227852026,-0.202567691747977,-0.4514587834882448,-0.0357453653240748,-0.1607736986303655
24.6,0.1572047503247184,-0.3342915360028186,-0.1622801211521067,0.3445344715443724,-0.0390074071734398,0.0231015586115465,-0.0308448046731821,-0.2123325896018143,-0.2173636547311468,-0.4848375734039252,-0.0737055856172664,-0.1715031140395029
24.7,0.1784440973496399,-0.3514290566992818,-0.1592175783513784,0.3105930499216056,-0.0085201621176353,-0.0208409496826122,-0.0330305258653492,-0.1754735356848143,-0.2454188906508031,-0.5113397232189089,-0.1108177865844884,-0.1896479504219907
24.8,0.1984769278150087,-0.3674107000361652,-0.1465260370781252,0.2717441057986781,0.0202927127493822,-0.0592913361681613,-0.0307063466237612,-0.1262224397809795,-0.2715497887178255,-0.5226823406404005,-0.1514045877098696,-0.2119044623364197
24.9,0.2155918064402634,-0.3876430935230791,-0.1301731237030753,0.2351537841237549,0.0450460590650682,-0.0956432204336356,-0.0293107597643775,-0.079075751553756,-0.300287043237681,-0.5191488816781326,-0.1875490946486013,-0.2420051365232959
25.0,0.2276416980989569,-0.4080556693769621,-0.1223269755189834,0.1993967283089375,0.0664750807789934,-0.1332277523717572,-0.0176656830332654,-0.0359075523245388,-0.3261946202116081,-0.5010414015641027,-0.2089836512780127,-0.2766957340327221
25.1,0.241006548658747,-0.4315470657094551,-0.1208690984477847,0.1666919766188957,0.0875278008413253,-0.1727752132166433,0.004499676970356,0.0092146601981272,-0.3497135927733402,-0.4716566057321326,-0.2155388027932806,-0.3176884910951531
25.2,0.240077250370786,-0.4420046403902001,-0.1204675001622613,0.1332971018776087,0.1118858639579172,-0.2118155348141408,0.0365637358972953,0.0477061856524318,-0.3600297205588131,-0.4434450247558579,-0.2131743210243814,-0.3588941761139768
25.3,0.2638278324477943,-0.4707725803401885,-0.1192057378147981,0.0997046335967018,0.1336844642032044,-0.2489854308692662,0.0642618674242562,0.0636409615611227,-0.3719009823159876,-0.4083765794497395,-0.2048516688685739,-0.3971938766070744
25.4,0.2772996616435561,-0.4781866548969711,-0.1202825657338969,0.0643711339825675,0.1543755046356718,-0.2873467913900381,0.1075115225206805,0.10549650952976,-0.3816749885072504,-0.3704468721944763,-0.1902336121457213,-0.4339375639630952
25.5,0.2880402257441326,-0.4793072771264783,-0.1170138374945553,0.0280840582161213,0.1828637604813658,-0.3271910679527356,0.1492612080913277,0.1320951145018922,-0.3925262999250971,-0.3293571223128853,-0.1977417162614265,-0.4618615841736578
25.6,0.3057129947488515,-0.4749261664196401,-0.1158287324544542,-0.0075713026719627,0.2166879505931723,-0.3632707506092424,0.180027749056137,0.1498556433817158,-0.3989897049942808,-0.2855500599015703,-0.2090370450883787,-0.4873467767013452
25.7,0.3283865077997125,-0.4693502276990521,-0.1153895172992327,-0.0423331898018539,0.2447397967407337,-0.4000252685958562,0.2267947861469512,0.1573411185587471,-0.4123085932295951,-0.262330283932698,-0.2311556112656616,-0.5085242917246836
25.8,0.3450212935282715,-0.4547102644503505,-0.1203675198472059,-0.0781167077216029,0.2661354050342985,-0.434602892197119,0.2712510317764066,0.1769835342402461,-0.4195948624385189,-0.2560176745764216,-0.252862119157033,-0.5118939162269704
25.9,0.3521492763752474,-0.4386162681789199,-0.127201506617019,-0.1109362035658299,0.2778638954321353,-0.464156211311347,0.3176066843802625,0.1935558584669264,-0.4298084974900633,-0.2711521810476443,-0.2793963656787812,-0.5127449301553114
26.0,0.3618296096597031,-0.4152050584256224,-0.135757853741091,-0.1412203117099044,0.2851214770608495,-0.4710006721568872,0.3617813680699401,0.2144372980302867,-0.4493402681275837,-0.291753551136989,-0.2992056070387832,-0.508957735954149
26.1,0.3610514431475951,-0.3964486277826192,-0.1466834871579,-0.1746935783638019,0.2941208668028884,-0.4691939599624322,0.4084862297718641,0.2281755172139002,-0.4687308788250592,-0.3255450461231922,-0.3185157243925217,-0.5004051197457438
26.2,0.3649971829219929,-0.3714161184250599,-0.1631254260625003,-0.2052275464030857,0.3086201232840886,-0.4645334642162266,0.4352509750083951,0.2503079026979548,-0.4620418726969199,-0.355433842436989,-0.3363214752499848,-0.4805427401162277
26.3,0.36352892763534,-0.3478133106713829,-0.177547103109396,-0.2376284567495822,0.3341404948760261,-0.4460464279629085,0.4650373422285654,0.275274710281701,-0.4363050278668797,-0.3851023195182366,-0.347608595210464,-0.4651517168760129
26.4,0.3631407309166713,-0.3246012374119242,-0.1923768946791382,-0.2704557060849177,0.3592699530376178,-0.4229275444072701,0.4757722113045269,0.2919397430249602,-0.4127245883197502,-0.4111302419152325,-0.3468695509143523,-0.4580411270819368
26.5,0.3781185380611846,-0.3050605609600649,-0.2123674631942605,-0.3012722372456541,0.3456361373587396,-0.4133690535473599,0.4849131530739419,0.320207907767229,-0.3923428394532984,-0.4217551020355675,-0.3461640826314158,-0.4589169618790421
26.6,0.3751153978514796,-0.2731156956147782,-0.2353669515204646,-0.3304555888790608,0.348463674196014,-0.3745863984831472,0.4841921840852339,0.3551744445700306,-0.3695526282832265,-0.4230561226440657,-0.3469846541060185,-0.4640649684875447
26.7,0.3921785056300162,-0.2515996639974469,-0.2548767807264769,-0.3625038838896365,0.3280562753962228,-0.329407438402251,0.4593170519487586,0.382553864148402,-0.3381869346543683,-0.4210006245599199,-0.3506488979239923,-0.4684549828423627
26.8,0.4151313306776915,-0.2420735517479967,-0.2509473119643932,-0.3845374860668042,0.2987953231622514,-0.3079970241187885,0.4268733959505389,0.4043896905814781,-0.3145912750204442,-0.4393524119086266,-0.3567183570222054,-0.4573162089453199
26.9,0.4397122354183143,-0.2510050010484702,-0.2565147480281002,-0.3905018630612987,0.2627065239498298,-0.2946827360403343,0.3899765733371877,0.4257426573024213,-0.2964878794050583,-0.4646926305640646,-0.3602982447895845,-0.431738339947579
27.0,0.4566244025050089,-0.2660149650431895,-0.2247935867657935,-0.4307276097986524,0.2256766355663135,-0.2806811228668444,0.3529690415259938,0.450878566989609,-0.2738517515014163,-0.4952534380564065,-0.3616389414030828,-0.4020474158439501
27.1,0.4553152877087427,-0.2731791591453049,-0.2004277473149389,-0.4651809155651841,0.1913800880630336,-0.2651531156624362,0.3163224477800424,0.4791176552650485,-0.2533161402364214,-0.5098797646317446,-0.3598624953509577,-0.368110639307305
27.2,0.4609956038024451,-0.2877015090666028,-0.1944583988668822,-0.4715952887752063,0.1561157085051461,-0.2516525767148905,0.2796515872662226,0.5046041609520763,-0.2311238865756869,-0.5152854819233282,-0.3612647867893162,-0.3328528210640835
27.3,0.4486518059543254,-0.2871534312828516,-0.1863711763154006,-0.4719163426326019,0.1194873546911741,-0.2345718386981024,0.2573444305485045,0.5020579761847656,-0.2359422373123295,-0.5206581779674841,-0.3678971570076424,-0.29616564376572
27.4,0.4437323121367529,-0.2976662565318299,-0.1866144240371346,-0.479626443675703,0.0848670835244678,-0.2085716380058458,0.2351392484255351,0.495285688087452,-0.2372860358569055,-0.525150777066023,-0.3707651966320976,-0.2580307380466792
27.5,0.4361463426147585,-0.3088345972942611,-0.1985295568584701,-0.4895057899022505,0.0648995742581532,-0.1803718758934437,0.2504712915484979,0.4937641430225548,-0.2589184453631863,-0.5187668345640485,-0.3810363784427558,-0.2345099063750933
27.6,0.4254618343115874,-0.313720508396672,-0.217445246650397,-0.5011326255499313,0.0526049533057292,-0.1446139345615022,0.2118523525656762,0.4672452681490889,-0.2670047517169586,-0.4989796031225253,-0.3941460298396068,-0.2313490517275991
27.7,0.4121383069809394,-0.3192125447741807,-0.2340089293601028,-0.5183043736245488,0.046712936277746,-0.1062113723756056,0.1840896367255895,0.4301748833813897,-0.2563801130194505,-0.4705765474261889,-0.4168510266563449,-0.2380743563402094
27.8,0.3912522725121248,-0.3270854595662861,-0.2508334671654905,-0.5236475670385247,0.0462901823429308,-0.0664395112761153,0.1809858952613499,0.4031757745296804,-0.2298021871671949,-0.4416188225773717,-0.4487576375758108,-0.2517925623533322
27.9,0.3681330610566177,-0.3398757553655604,-0.2560000413889362,-0.5222667626872979,0.0473108893085602,-0.0261099631133733,0.1809858952613499,0.3686904297056884,-0.197670381553104,-0.4190994609922116,-0.4541778233039203,-0.273314027876886
28.0,0.3466877575358243,-0.3569682510390112,-0.2982569365586093,-0.5246931625711148,0.0505762221282638,0.0145225237513851,0.1812755935336664,0.3226565304532394,-0.1620406450019141,-0.3956091587692304,-0.4590729620982337,-0.305031161976097
28.1,0.3274280866673129,-0.3720576000909706,-0.3207662933064212,-0.5111315577097952,0.0400102758973221,0.0553144025638092,0.1784491268254699,0.2809697124881566,-0.1265649911797805,-0.3668634601587616,-0.4559529431581823,-0.3429618630176345
28.2,0.3248691600448103,-0.3716012750462811,-0.3304317127449254,-0.4860872693205261,0.0250427134232567,0.095054643253485,0.1841536426259612,0.2333979065283453,-0.098817691231629,-0.3376989276029957,-0.43831112763168,-0.3810712117333296
28.3,0.2980171205879754,-0.4052003841039709,-0.3313575968355971,-0.4575484942638277,0.0120271214123722,0.1349133992203317,0.1981905395195932,0.1870591236262448,-0.0737105157718323,-0.3082137413966532,-0.4156023348874842,-0.3989399637037543
28.4,0.2842713738743652,-0.4316071143699982,-0.3269679778919336,-0.425863205837561,0.0008656787757734,0.1752731291778928,0.2067212272195529,0.1468518682259789,-0.0512748863026845,-0.2774610218003706,-0.3874991753549047,-0.4053836683872852
28.5,0.2747729835496352,-0.4558404543800302,-0.3003557760101384,-0.3908142827284666,-0.0155808712334388,0.2121406975672652,0.2119513108110586,0.0990284266236495,-0.0284008868468374,-0.2466859288923237,-0.3581374464710536,-0.390334601971631
28.6,0.2666857198794783,-0.4726401394508652,-0.2743466105749477,-0.3693983771762917,-0.0326476897712209,0.246463346116034,0.2149676742825233,0.0523552943430882,-0.0062601984594304,-0.2138604479455174,-0.342136180987698,-0.3662329345990636
28.7,0.2594983459659681,-0.4732965042474869,-0.2448755752519015,-0.354043726220919,-0.0459055447964388,0.2861777033391268,0.2170709156400771,0.0077029708146388,0.0135196881745198,-0.1782115195813702,-0.3334501116848305,-0.3365853087846017
28.8,0.2506862058800604,-0.4740779922405281,-0.215495406131532,-0.3418964135339288,-0.0587177244827337,0.3246603994223864,0.2478445128382815,-0.0278111674986247,0.0281174251074633,-0.1405153850889262,-0.3364433881248919,-0.3026642966067474
28.9,0.2393777405256501,-0.4757846641827408,-0.1841198294890109,-0.3285640081686982,-0.0711137319004335,0.3667105939218434,0.2582620784049357,-0.0738344522546927,0.0463393325781488,-0.1023105085864512,-0.3391297051431008,-0.2654392512601791
29.0,0.2260044352628618,-0.4726539080580239,-0.1541626466508971,-0.3214009494151424,-0.0783885599986623,0.4020390176288904,0.2821182437185996,-0.1179775652899086,0.0739305506498634,-0.0683230549342768,-0.3538840533314,-0.2350755878236598
29.1,0.2121901515095854,-0.4635501398342107,-0.1242163525632414,-0.3239336074594061,-0.0657281967184912,0.4424596117095799,0.3055449019390522,-0.1537368090458315,0.1034347819863785,-0.0412151189613998,-0.3767276156773607,-0.2266396807779535
29.2,0.1972760754979187,-0.4535861890508722,-0.0933156408850407,-0.332568569258569,-0.0430659295958358,0.4724285224227634,0.3209540374216983,-0.1984234707017801,0.1360830084598913,-0.0101727864635569,-0.4060244169657699,-0.2230108966682002
29.3,0.1883119545083404,-0.4407485668446926,-0.0604777037968492,-0.3436111723853406,-0.0124858359851987,0.4835021915206677,0.347236139711341,-0.2356119294328573,0.169373098778723,0.0271580326152307,-0.4289477195355783,-0.2400463418274212
29.4,0.1750064449456649,-0.4215879452076411,-0.0310099580819511,-0.3615000404388935,0.0186261982977569,0.4840015762481213,0.350430233637748,-0.2788591868275464,0.1917665410001535,0.0663936277956901,-0.4554399646588331,-0.2599618718656912
29.5,0.1588005291659557,-0.4068698697305877,-0.0074968725247099,-0.3850667683321293,0.0565420512563374,0.4705415732871201,0.364221458803755,-0.3045458543209008,0.207928343280768,0.1062540888974242,-0.4603350528463544,-0.2829576513619756
29.6,0.1438738273070102,-0.3900435699890577,0.0174367848533841,-0.4108953595942843,0.0893544348778689,0.4500605859753565,0.3574807859606073,-0.3441101048387394,0.224701287133766,0.1478470075817611,-0.4633148601156102,-0.313029824835446
29.7,0.1306113981023325,-0.372550898920864,0.0397323198064867,-0.4360959654257221,0.1181916852833347,0.4356022927970161,0.3551457097764665,-0.3826406911904528,0.2443832134707926,0.1881974480179929,-0.4625686656523724,-0.3499299664416821
29.8,0.1158625549751992,-0.3523736493791143,0.0550549113548391,-0.4621306270922121,0.1264269915099597,0.3964845882205476,0.3408043757342546,-0.4187671197987694,0.2715155209661141,0.2273058576936056,-0.4493542288397509,-0.3861165290653591
29.9,0.1005550398882748,-0.3325739551970955,0.0575376686600232,-0.4801302677145826,0.1183232214244543,0.3525194908956852,0.3224747549278852,-0.4579072804641534,0.2987552551388079,0.2652565046254292,-0.4226217650964792,-0.3992644820823982
30.0,0.0845403932550578,-0.3124081261701097,0.0466491221143041,-0.4893392300976803,0.1224552705472147,0.3048865270102326,0.3138876391464373,-0.4833959890218301,0.3265383278178205,0.3007083419593226,-0.3971538146925614,-0.4165302521847528
30.1,0.0681231659621367,-0.2936241721747701,0.0345608928753222,-0.4998662544085273,0.1309443537430556,0.2578560060063445,0.2723830884729107,-0.4895951460203603,0.3556167075894633,0.3375400979553467,-0.3681826007655693,-0.4324528563310126
30.2,0.0539193709421727,-0.2716760120869858,0.0149872259044218,-0.5081267015967568,0.1356917110149127,0.2135347104732749,0.224735959590295,-0.4790314049975169,0.3883506064264376,0.37689006672655,-0.3355714439197475,-0.4442696086281694
30.3,0.0422184674062952,-0.2511666129738935,-0.0063921265336043,-0.5107671690402716,0.1358975223321669,0.1699655135605811,0.1979712143537639,-0.4862372979458138,0.4017187906272998,0.4151470364377125,-0.2996412026678705,-0.4579211500061754
30.4,0.0353842832059714,-0.2295296563082499,-0.0293768811041924,-0.5052167886557504,0.128480830599182,0.1288855142893443,0.1817007655935221,-0.4365013860354793,0.3882095623535541,0.4472773981896425,-0.2621359988316251,-0.4690603347418151
30.5,0.032148536184638,-0.2043637301153886,-0.0584584500802732,-0.4899603426357672,0.113233915899056,0.0897164765908282,0.171633097614936,-0.3945580449717165,0.375907040497942,0.4810734028005987,-0.2191644659655586,-0.4722820547921923
30.6,0.0254019710848539,-0.1784396082915296,-0.0787895282229568,-0.4685032451242145,0.0901882504426615,0.0490038736741257,0.1555747315304338,-0.3491120300777096,0.348769452843593,0.5102056396742486,-0.1839135606990053,-0.4594196209965122
30.7,0.0176402132137642,-0.1536248515032555,-0.0823242853790111,-0.4475990461291145,0.069359105230367,0.0074437812793238,0.1351770043757487,-0.3225605866916429,0.3276620221069225,0.5234020862486941,-0.1732848176636272,-0.4344268743100838
30.8,0.0113912976421255,-0.1358487806309415,-0.0864513957133975,-0.4204636342684485,0.0495764660415388,-0.031994723974717,0.0918591198830637,-0.2834498317406821,0.300162253278855,0.5263960240398601,-0.163092226678426,-0.4011441763767066
30.9,-0.007292665413861,-0.1172025951810582,-0.0958051798440735,-0.3848257472352581,0.0266343150894987,-0.063727341059549,0.0785592740677022,-0.2607957899919558,0.2605783708961263,0.5264402723315068,-0.16308897774591,-0.3695246356421022
31.0,-0.0304753423600266,-0.1142814585412807,-0.1050651069987673,-0.3507982345748385,-0.0006299033709644,-0.0757749291678764,0.0350286155179181,-0.2185291295158295,0.2287788987969181,0.5007357503261156,-0.1566946873488637,-0.3360520607892988
31.1,-0.0560447254775156,-0.1079580339742239,-0.1087762218586544,-0.3171501258226836,-0.0319627587275669,-0.0718414837522746,0.0265739035121322,-0.1758691945298861,0.2175300666419981,0.4937641430225548,-0.1459315657125676,-0.302579851539226
31.2,-0.0814824393831414,-0.1074442154211868,-0.1078197099329855,-0.2810931518842365,-0.0649645531495558,-0.0560468034628793,0.0116474109763745,-0.1485897426541909,0.1861530241429582,0.451272481081566,-0.1398947487740972,-0.2682093921847518
31.3,-0.0958715280029864,-0.1008325685754937,-0.1005186520885739,-0.245910008715793,-0.0982791737760673,-0.0408373974814329,-0.0160323682853371,-0.1117024335141,0.1876770815704827,0.4340581728795239,-0.1457292786602333,-0.2293954420268239
31.4,-0.1281016673181547,-0.1031251691459984,-0.0802076620340399,-0.2172579266042411,-0.1339897695274476,-0.0183715437725209,-0.0376616549257202,-0.0702354243766946,0.1890794090253953,0.3890589169552523,-0.156191445498461,-0.1882346482287375
31.5,-0.1578580901397131,-0.0983897505923985,-0.0531912175639778,-0.1942500037036579,-0.1690948066894941,0.0134245095617211,-0.0382067991046078,-0.0260405428532245,0.1902549504419638,0.3451755830680668,-0.1805015074975094,-0.1458985129415007
31.6,-0.1883184977612819,-0.0885989932173745,-0.0251991069963752,-0.1779005536673277,-0.1994440589603621,0.0513555301533024,-0.0278055732429082,0.0210931890763318,0.1912070012906981,0.2994865823493652,-0.210330856591108,-0.1114242468305519
31.7,-0.2131644524204391,-0.0666904337644384,0.0062795542341361,-0.16386491443949,-0.2252079278732962,0.0888070282533575,-0.0110520935969737,0.0643587664445392,0.2096349902277019,0.2522155160046871,-0.2418890885965114,-0.1040214525720542
31.8,-0.2185314466414312,-0.0472514315184771,0.0380128642936656,-0.1507245565419773,-0.2482710364096733,0.1222300034641232,0.0032453915930391,0.1103594912241145,0.238741670399709,0.2088477225124264,-0.2765037582278117,-0.0952267481371889
31.9,-0.2361482578134303,-0.0275056378867186,0.0699533132085332,-0.1400279969415438,-0.2683806774627989,0.1581501559090544,0.0294843544475865,0.1547896501717578,0.2754811019380492,0.1688217008147178,-0.313845011353146,-0.0889550854889921
32.0,-0.2433407590695779,-0.0017091745440066,0.1010810201221439,-0.1309592736015013,-0.2933780633248617,0.1922802115964087,0.044071886757047,0.1999126080098023,0.3116348409889853,0.1344713503196612,-0.3532207083571176,-0.0909698702783921
32.1,-0.2503802953171411,0.0259069822491734,0.1349800129545016,-0.1238249927525653,-0.316161221437822,0.2268836261769914,0.0420306998579378,0.2488300707567186,0.3418884733674049,0.1001775182342105,-0.3951823429667754,-0.102232109197821
32.2,-0.2579867280955139,0.0526573680865779,0.1694609058364875,-0.1158129670075055,-0.3421627629569984,0.2641579388754608,0.052609204285848,0.2985918130355363,0.3709624835674183,0.0743850109926782,-0.4193388856093902,-0.1121726768516269
32.3,-0.2658279017444838,0.073782340292969,0.2034503665217977,-0.10587988044417,-0.3747530322575471,0.2940735819420053,0.0573481388725863,0.348419193590785,0.4009958905606428,0.050281709835425,-0.4236355356756696,-0.1077154159178668
32.4,-0.2819545750464552,0.0965946163653073,0.2354169387495219,-0.1027861269464435,-0.401908118186717,0.3143973968778379,0.0623094633031371,0.3958445617040219,0.4358302984983631,0.0274326863962926,-0.427146969891442,-0.1124752255849488
32.5,-0.2984376572918215,0.1157311995816367,0.2681558619574235,-0.1042869617738441,-0.4118135235050343,0.3192045903472155,0.0760598874226985,0.4300628975685301,0.4607158284037371,0.0076309344964966,-0.4181386526863068,-0.1255578965215286
32.6,-0.3005449248137333,0.1373910700013443,0.3021014197917615,-0.108297370165029,-0.4403252178165891,0.3116948100469318,0.0730536205862173,0.4632850535084543,0.4610467683109392,-0.0096839263947551,-0.4035997221327392,-0.1469778750252191
32.7,-0.3262033722720954,0.158245369188886,0.3345323907594856,-0.1182398654125557,-0.4699198116442653,0.281865335846978,0.0513335613533062,0.4834094435615799,0.4505487891031391,-0.0310398707742221,-0.3837135917215061,-0.1460210892955817
32.8,-0.3226915467100756,0.1676236575659532,0.3650324513358154,-0.1364534020656541,-0.4972381411971386,0.2477535178146034,0.024392161937168,0.4960579876466237,0.4286436134945761,-0.0527082542618106,-0.3567462967900189,-0.1456904304326409
32.9,-0.354310851965137,0.197196442022167,0.3925009901135317,-0.1599332425517122,-0.4950833407165933,0.2102882910892432,-0.0064496744566338,0.5011845606145329,0.4024604444365754,-0.0537059892073658,-0.3232937579374489,-0.1512682855507371
33.0,-0.3754141748855463,0.2260273671730893,0.4157586494286244,-0.1869303102336359,-0.4753235816029038,0.1722549714286521,-0.0151173342601565,0.5071465156408204,0.3688050156177113,-0.0502621889988232,-0.2872986947030383,-0.1568625695517082
33.1,-0.3757551194344407,0.2537033705268588,0.4280974299041034,-0.21239035172326,-0.4500805733040432,0.1406251221904356,-0.0295291201567502,0.4814111836826173,0.3310303034953061,-0.0389977867219931,-0.249209316172792,-0.1612264783690261
33.2,-0.3993391606261516,0.278543897634069,0.4265009621426062,-0.2278545650854561,-0.4242031279500065,0.1281183304570159,-0.0680714955294601,0.4415037473187275,0.293026587481637,-0.028993115545894,-0.2112187346891287,-0.1592621317735742
33.3,-0.4101602966568961,0.3021332784648957,0.4415526429674618,-0.2663897608881627,-0.3898409974675976,0.116983989515543,-0.0768821309598436,0.4278816932095552,0.2547781322799279,-0.0170800581513666,-0.1714254009306631,-0.156962818323847
33.4,-0.4126819199216658,0.3066564487713592,0.4458992888034966,-0.2956200602007722,-0.348022398918415,0.1070635744281995,-0.0958533944509104,0.3318975275060165,0.2187188786892022,0.0056011092760087,-0.1304045990787591,-0.1446176437904654
33.5,-0.4231206657134027,0.3078501661362289,0.4378881133337703,-0.3151255686368807,-0.3039151605021192,0.1020308617211693,-0.0933527434130935,0.321852125541759,0.1843406322414834,0.0308986672108499,-0.0904394323032324,-0.1195210105287676
33.6,-0.437449583549894,0.3028381731737992,0.4262880896436926,-0.3224850146850991,-0.2597228398077704,0.0902062271910878,-0.0933527434130935,0.2720971504225667,0.1474113302891331,0.0525661396150857,-0.0581232010968527,-0.0880996288303847
33.7,-0.4485095041516352,0.2965519120907146,0.4067364642541532,-0.3337993854309719,-0.2201774918935975,0.0793772433231578,-0.0893843622662691,0.177037429361195,0.113355839539194,0.0754275938064795,-0.0364574925045382,-0.0552602702639179
33.8,-0.4639774652365593,0.2857548068797839,0.3817646701357006,-0.3486273211917974,-0.1810802008366143,0.0584174040439397,-0.089235090299781,0.1612636541225726,0.0802571264962317,0.1049748349465661,-0.0213702023502573,-0.0207575043764562
33.9,-0.4769047257249403,0.272729486879799,0.3543042332854419,-0.3598661181693964,-0.1444421729618935,0.0307352845460429,-0.0811284607329471,0.1126167280182472,0.0513355388494753,0.1348309033139905,-0.0102536472001912,0.0156621096672253
34.0,-0.4872621082936999,0.2551829846716529,0.3221995471343012,-0.3682426768559083,-0.1117944839286999,-0.0016891965437271,-0.0746645391712064,0.0682886856908877,0.0319729242026642,0.1677148839565706,0.0004956112183539,0.0557681322954809
34.1,-0.4969974214274825,0.237424966574659,0.2916661024709385,-0.37412343297417,-0.0842712197697933,-0.0291910363313033,-0.0788313440655667,0.022593107087789,0.0114866252060818,0.2027489451811199,-0.0003718172411489,0.0978371545425331
34.2,-0.49031898994237,0.2179010689956979,0.258133031739266,-0.3736288360093837,-0.0744397625439314,-0.0660649629637355,-0.0467531341770648,-0.0175199509218376,-0.0163569768844038,0.2382136550183036,-0.0045137154912686,0.1428108970235387
34.3,-0.4856727072501323,0.1989395504988139,0.2267050223528459,-0.3639116875290013,-0.0669392735903793,-0.1063042300666355,-0.0190204627297877,-0.0600383415718156,-0.0471324816273787,0.2722748984113661,-0.0187387363508486,0.187355338973052
34.4,-0.479320152287122,0.1797632364331766,0.1967634230209174,-0.3540855032403648,-0.0523903893251838,-0.1483051201086929,0.01362045309317,-0.0987850824295589,-0.0792687609145316,0.2989282607642207,-0.0475372472103065,0.2308687929546001
34.5,-0.4690672465058579,0.1573010771867551,0.1691034392247532,-0.3432045434666156,-0.0344246969753309,-0.1882534271846082,0.0465558493207024,-0.1338197330055332,-0.1139873973845109,0.3152922593493116,-0.0800883243996364,0.2685991770129846
34.6,-0.4548901447195006,0.1379623772113673,0.1430264819949251,-0.3279372170772769,-0.0201569534745978,-0.2285230152661886,0.0703043599691091,-0.1651688668534464,-0.1557636792545318,0.3359247307865148,-0.1161428901515163,0.2960575096889669
34.7,-0.4342334111973873,0.1254140193067162,0.1135991818223361,-0.3143699112080791,-0.0171978783965243,-0.2676337871399388,0.0903412328290838,-0.1983151600963758,-0.195684208757484,0.3360606239422122,-0.1570995864547527,0.2995121542772768
34.8,-0.4398883172438758,0.1387467079345285,0.0886272530966018,-0.298443035502842,-0.0246644211521286,-0.3085042153974059,0.1063068066449724,-0.2335177951768103,-0.2363541394036162,0.3271697486073409,-0.1974935819727393,0.2785133752852392
34.9,-0.4282396264196925,0.134099570084754,0.0696331707411741,-0.2780765190441828,-0.0364041819741075,-0.3516042299592408,0.1239145472334341,-0.2703938990245493,-0.2778175370226876,0.3191664927486164,-0.2280048445161917,0.2489050747990566
35.0,-0.4290827641666541,0.1267627121276969,0.0609814849453154,-0.2534977229545536,-0.0515594541353626,-0.3910157354919715,0.1382860019270451,-0.306710163966571,-0.3211456799305551,0.3120911449473026,-0.246959962737165,0.217117102261087
35.1,-0.3979290113377816,0.1180399236381943,0.055114625893253,-0.2212433531146794,-0.0731741600281255,-0.4315950690049467,0.1442355171279788,-0.3452372526713425,-0.3663014538879113,0.3034470189011802,-0.2646469518293527,0.1832432654398643
35.2,-0.3698403876553591,0.10903110398099,0.0605364645906095,-0.1865627262961549,-0.0745004079160714,-0.4625460935250775,0.1519769183884637,-0.362655126986525,-0.4000814148209573,0.2863974527433076,-0.2780432877343645,0.1468473952942917
35.3,-0.3432657370169141,0.1052208282614585,0.0707849537326565,-0.1506252245927867,-0.059278338483142,-0.487813844971157,0.1495852159206815,-0.3717007733251671,-0.4276309031636708,0.2909428896017915,-0.2827730829929586,0.1085647959627455
35.4,-0.3218979898962671,0.0850997371259604,0.086349479222497,-0.1185948412989035,-0.039765834371798,-0.504148045014755,0.1698819387169926,-0.4086056434103744,-0.4237944057564194,0.2986903267793764,-0.2665114204809555,0.0737576765256011
35.5,-0.313602363983178,0.0641630159039151,0.1050424488218981,-0.0915412515336169,-0.0042712577786237,-0.5137864574924706,0.1766678381624807,-0.4315198011123279,-0.4492438184799984,0.2852525562257182,-0.261577370361753,0.0359781604698002
35.6,-0.3083227099181368,0.0399378750655346,0.127154577968778,-0.0610866490963057,0.0129382625476113,-0.5147879935207775,0.2116646596738542,-0.4693860690943471,-0.4795282178058847,0.2694537508063728,-0.2546196917657234,-0.0024906885048605
35.7,-0.3102268451079088,0.0171002887381997,0.1543718569298657,-0.0337724436703946,0.0438617143700398,-0.5033060482889649,0.2464099404178877,-0.4958204279880766,-0.4874014113210476,0.2501935480213549,-0.2451546381068781,-0.0433455407283727
35.8,-0.3108499956934101,-0.0074238463833361,0.181426211978282,-0.0160381329753519,0.0731209850594984,-0.4848978161428907,0.2811143134650536,-0.4864946512653957,-0.4840224618452691,0.2256194260156274,-0.2321688483829821,-0.0817240446831095
35.9,-0.3053177180503876,-0.0334835843203729,0.2112591081632639,0.0015030798313208,0.0982950777887471,-0.4582843541148201,0.3130298222804527,-0.4668958878191234,-0.4725529939069201,0.1980051437090993,-0.2168165409799532,-0.120134849618722
36.0,-0.2971103947390052,-0.0588356565471901,0.2420553082351024,0.0175333586606653,0.1111711949894608,-0.4316507266450207,0.3328243538147474,-0.4697666854925638,-0.4624072044110816,0.164415880250191,-0.1913970615663183,-0.1591052716010359
36.1,-0.2796932733353114,-0.0819183845423875,0.2705612676873101,0.0347562311451956,0.1251573818000217,-0.4004337762780267,0.3482655529896691,-0.4363107539469,-0.4434625203312131,0.1363540199728812,-0.1640728481440954,-0.1951516000689942
36.2,-0.2602927983421176,-0.0977979555028732,0.2989618198670063,0.0502324016233559,0.1444918061259383,-0.3680908021136505,0.3495999776097241,-0.385818668085201,-0.4117412600436326,0.1234392945015248,-0.1348397992124894,-0.227489618570457
36.3,-0.2435600686057016,-0.1146227095461097,0.3270724344234111,0.0596799498656801,0.1657008677589953,-0.3280710271721292,0.342629058132366,-0.3423851287183798,-0.3715887428326272,0.1128915967408321,-0.1066735023625263,-0.2549060657618376
36.4,-0.2211207048594203,-0.1251847953026922,0.3550314580535208,0.0668376248064871,0.192136446663074,-0.2875947539524202,0.3326348598281894,-0.3061872819612201,-0.3259584435458715,0.1093843226662747,-0.0722999738659884,-0.2774074356872089
36.5,-0.1970405139482239,-0.1355622126740565,0.3864972686662639,0.0690699232774498,0.2180336249235769,-0.2507680595198032,0.3106150028519396,-0.2592516700744637,-0.2836730293824922,0.1140028615923293,-0.0370620102381745,-0.2992804233362818
36.6,-0.1722235149409642,-0.1430305322584129,0.4204225967861172,0.0759692611538219,0.2411843035163833,-0.2227417112491817,0.2854531317897841,-0.2124689580615054,-0.2420675821082872,0.1221721210701294,-0.0012015441637184,-0.3127389818765407
36.7,-0.1468836279455382,-0.1471606326357574,0.4467671252146727,0.0806444986954994,0.2551616660258577,-0.2002370807461079,0.2889534861924094,-0.1693246643590356,-0.1980997633898579,0.1274802550430144,0.035436647515029,-0.3243632960157468
36.8,-0.1210031781847654,-0.1517677295061581,0.4567883079873807,0.071575188333562,0.262859801196846,-0.1652752026234883,0.3036238930070902,-0.1242438373612723,-0.1542732493250959,0.1402793586563837,0.073937380390677,-0.3319497777367859
36.9,-0.0939916454353394,-0.1541896313875837,0.468137345721279,0.0594441885361459,0.2694485757959121,-0.1241996284563523,0.3073480355201238,-0.0772901438259894,-0.1149952734606177,0.1547320889995872,0.1140013896166059,-0.3360286402703483
37.0,-0.0676486924957737,-0.1517416889992663,0.4758898945660929,0.0432214290250301,0.2660163674339539,-0.0816631103623134,0.3184125679181537,-0.0456484148213791,-0.0741925276871336,0.1695562494359914,0.1541497276857493,-0.3346887985624431
37.1,-0.0431542789255648,-0.1478215863159046,0.4807592859714796,0.023312304133382,0.2574317189085791,-0.0397786600400009,0.3207235800570511,0.0015723019057846,-0.0315528223758257,0.1803956106155946,0.1935111606190528,-0.3234481008965172
37.2,-0.0183290062913597,-0.14127090643682,0.4809346482841998,0.008698103260356,0.2495370341194271,0.0008737330035678,0.3390008334847161,0.0408223005581827,0.0134276687068165,0.1883881405585194,0.2312629852932173,-0.3125893872855016
37.3,0.002843413075156,-0.1327229491246156,0.4728820652587328,-0.0176874268986141,0.2447966619349751,0.0423690804583062,0.3369373699313107,0.0853676098296199,0.0601073935924647,0.2002755970608567,0.270914779239308,-0.3011941400429111
37.4,0.0295053410197112,-0.1227324020574771,0.4528453427516933,-0.0450477150210894,0.2432953763139746,0.0852080530140204,0.3575302724946222,0.1087635769278385,0.1074213613236841,0.210843558956335,0.3138125103110137,-0.2840243207312312
37.5,0.0537298635018742,-0.112599870731104,0.428730779905988,-0.0675273944179889,0.2471469664223194,0.1259049972429645,0.3527346623535621,0.1525385967301976,0.1541233021481028,0.2260805003466778,0.3549554395345616,-0.2545865562631313
37.6,0.0748785088516802,-0.0965567821593649,0.4106149547609994,-0.0673450943516267,0.2537113342632358,0.1661956664345624,0.3569259856439222,0.1962829374955499,0.1962403871259866,0.2484660603127108,0.3809558659345275,-0.2207717201337032
37.7,0.0895552795407526,-0.0966247683990074,0.3842340970166427,-0.0608193241996918,0.2640247642790538,0.2076336596230002,0.3612967140188581,0.2411965859560467,0.2333022430702498,0.2806933064501463,0.4027716407645335,-0.1819146307863987
37.8,0.1184674663714795,-0.0725804541574634,0.3591165568494407,-0.0463504667889745,0.2718573807174608,0.2524346773257878,0.3613106037427198,0.2890756843050481,0.2663219034180057,0.3173775632539091,0.395695629158408,-0.1552942888351053
37.9,0.1317831966089978,-0.0702149076963223,0.3313358558587885,-0.02497947480004,0.297811550610531,0.2963015006207335,0.3658286040240019,0.3387685836552372,0.2966531362875142,0.3489349933402477,0.3744862068617801,-0.1477146781746545
38.0,0.1632874829155555,-0.0517780442322902,0.3076706570313888,-0.0017585389250165,0.3278253489103102,0.316136671450428,0.3733083987908068,0.3861617312356841,0.3195782090881494,0.378586273222218,0.3446293420905226,-0.1372890724432112
38.1,0.191475782845723,-0.0428119677035189,0.2976625039092119,0.0195239196056211,0.3543335813032124,0.3175274819363444,0.3824380369153458,0.4325618231206993,0.3294318148897957,0.4177930660074787,0.3087855714958609,-0.1302497813074671
38.2,0.2165117346498881,-0.0300904800278496,0.2885836550108849,0.048067803158558,0.3820988201458011,0.3033919516707944,0.3770343271178505,0.4801208291423556,0.3186770816410629,0.4655459763106755,0.2710863784182624,-0.1250986540878231
38.3,0.2430131428279793,-0.0208972493401742,0.2878500360169396,0.0803540975770638,0.4049992645011873,0.2752171088739701,0.3467588608382592,0.5135176196944171,0.2870544407134711,0.5066064900990178,0.2321923036618632,-0.1309746803174358
38.4,0.2516399983727385,-0.0205110258895318,0.2946801978845124,0.1120647469566912,0.4065614988064249,0.2471379808909689,0.3369420069280598,0.521558301537414,0.2540000289323417,0.5050068202037039,0.1929564624236047,-0.1376452047686919
38.5,0.2848026325835544,-0.0082491203942178,0.308278097641826,0.1441785947599224,0.3905076272264892,0.2386801205671794,0.295129487706313,0.5284432423572666,0.2499565849093339,0.4906759031875704,0.1563162836888021,-0.1464249847726279
38.6,0.3139341047144401,-0.0030934418734974,0.3208891851877276,0.1757430042648925,0.3620319387117623,0.2322477233982583,0.2631823247702821,0.5102276804704553,0.2169531717970739,0.4586114878771787,0.1170131869502488,-0.1549986704837821
38.7,0.343133198182153,0.0060822862846855,0.3102264011653885,0.1966425658978406,0.3307272844238327,0.2582797000803054,0.2546825276871129,0.5061171023624922,0.1991540589822929,0.4498192521205321,0.0734298044842381,-0.159986119949642
38.8,0.3686656962971602,0.0166810935175918,0.2982181713346069,0.2240851953132876,0.3070720835276548,0.2921718021453772,0.2075333199169005,0.4810515244754978,0.1908975058892233,0.432105403566057,0.0322955261521418,-0.1721483903637645
38.9,0.3928685971688319,0.026523334764612,0.2867740754747925,0.253991961927926,0.2855313143265771,0.3260362562918967,0.2029006811906359,0.474439628716379,0.2002887139906154,0.4123718664827449,-0.0053047340621906,-0.1977683440279849
39.0,0.4174741912886485,0.0364085725920451,0.2714615525318519,0.2864217221386353,0.2659478137280682,0.3611800860982782,0.1923094413229592,0.4453817189411332,0.1732652956738891,0.3722933761798368,-0.0354036555854271,-0.2283202217107393
39.1,0.4421257943535795,0.0437090413546108,0.2550929874893896,0.3175787807793072,0.2515292297261439,0.3973382377810194,0.1779907928182144,0.4089895085682382,0.1450800182722073,0.328554216652569,-0.0613682091733527,-0.2602434276315909
39.2,0.4642126218074791,0.0491202333509693,0.243733438504081,0.3495950421512081,0.2411672191816229,0.4352277207393307,0.1821868774193995,0.3797067477733781,0.1097213056771849,0.2901521734633522,-0.0799187156482452,-0.2933584564670705
39.3,0.4664274914377609,0.0498970688034443,0.2355843446687571,0.3792746661515837,0.239560264947142,0.4748055932761147,0.1732889440377377,0.2959252418363826,0.083612005158917,0.2529945279206011,-0.0943595249090336,-0.3297465104201855
39.4,0.4704046317652232,0.0562259092660012,0.229958882183633,0.4101449515073863,0.241771319605961,0.4826843677442162,0.1812689839128902,0.263904736415872,0.0650273628149713,0.2113570939188806,-0.1016204424468667,-0.3673956217297809
39.5,0.4704030685429773,0.0632470874792721,0.2281545335369814,0.439767319406968,0.2500766831251387,0.5008921151046448,0.1735301335419155,0.2184479071743969,0.0455764110997494,0.172543053805774,-0.1050853722758625,-0.4051323480510443
39.6,0.4688755426324175,0.0779955578311425,0.2394128234716713,0.461855583884994,0.2931919425991148,0.5164112351457734,0.1660594027255922,0.1839107462457912,0.0266351470869187,0.1323592929328582,-0.0924152420346161,-0.4404369322219377
39.7,0.4639233392091433,0.090141677646176,0.2345401733062698,0.4915660686357564,0.3211015201785138,0.5271233721087393,0.1494744110191948,0.1359191179459571,0.0047736614916867,0.0900211957670472,-0.071506157033565,-0.4768959033584575
39.8,0.4567475959293215,0.1013017618037061,0.2466750515637546,0.4948331062699096,0.3478329010321109,0.4995343659472301,0.1278017707149996,0.0896169355843894,-0.0126554480288995,0.0476398316601251,-0.0453486146484346,-0.5036852904925583
39.9,0.4420342934432135,0.1138417255876671,0.2707981304025154,0.5079614374210418,0.3660768601900255,0.4622955889244855,0.1063534325825614,0.0531752598981201,-0.0313699455648929,0.0044319154862291,-0.0239590236286139,-0.5070117127509095
40.0,0.4225839526569049,0.1248018766760408,0.289748991418287,0.5114511266882992,0.3816177088299696,0.4248476879140572,0.0659371870732998,0.0266998268901388,-0.049984687917903,-0.0414650829962983,0.000862859585383,-0.5108549368401304
40.1,0.404421569456012,0.1305535763233364,0.2883808051904581,0.5045311715415385,0.3972089494755729,0.3848998333589131,0.0481915823570227,-0.009618950079895,-0.0691610970207885,-0.0851848343346865,0.0356243025476629,-0.5012751696231612
40.2,0.3834803111612324,0.1337338599408603,0.3068082727806368,0.4988956122433116,0.4084173836608933,0.344193234949551,0.0240491497036838,-0.0556364148977065,-0.0872322742021404,-0.127563416339749,0.0729154815482949,-0.4790961348385477
40.3,0.3628845232236289,0.1424044557484813,0.3215008077531381,0.4937641430225548,0.4210693424870375,0.3009558729130626,-0.0130585077035003,-0.070354333501254,-0.1039763832676184,-0.1698702101258122,0.0970495236176827,-0.456998833044024
40.4,0.3567921273144258,0.1467150691192244,0.3559840079661336,0.4834627185618855,0.4282641440553135,0.2825652267413439,-0.0159618344125627,-0.0863235835615404,-0.1164729666990708,-0.198359285999617,0.1007014130614323,-0.4492400992633781
40.5,0.3250063440752775,0.1676087322259869,0.3791804622383403,0.4532248255064485,0.4391258065924845,0.2437479712694831,-0.1087920629533013,-0.1333175017552211,-0.1467863853499985,-0.2436542377856057,0.1163161038218252,-0.4150281109976876
40.6,0.3060196666167999,0.1873141644672266,0.3974158334365949,0.4290552741672136,0.4414274546783638,0.2297196371313924,-0.1405765205145787,-0.1466784207707496,-0.1586758786782015,-0.2868667106788938,0.1354414578999868,-0.3814282670980705
40.7,0.2889383309642989,0.2056023850654418,0.4141465907131237,0.4002103864851138,0.403456956939435,0.1911230410179582,-0.1717157657823521,-0.1491569125045095,-0.1701592288963512,-0.3285360856739381,0.1557576257843037,-0.3463056063982929
40.8,0.2643300820099421,0.2202852972859539,0.420911361998474,0.3711436747570546,0.3610881758115577,0.1851593020755038,-0.2155809550877665,-0.1672569451201104,-0.1791278978731455,-0.3682595299925765,0.1688540335119983,-0.3065065142599803
40.9,0.2417704772665705,0.2295598759117978,0.4297641908349808,0.343535353958636,0.3183808064065359,0.1864113981158455,-0.257144000654017,-0.1804530348032577,-0.1810296626122616,-0.41228290531775,0.1699915759689355,-0.2641743461451526
41.0,0.2186486920815453,0.2405451124281633,0.4316574726927636,0.3147889443221601,0.2756055025859739,0.184400511153542,-0.2941158571062832,-0.1817052888823327,-0.187790601465407,-0.4509084061298586,0.1596300657758666,-0.2232045808568656
41.1,0.1946558839096139,0.2516680407320891,0.4411437987148967,0.2760669586094659,0.236102818973573,0.1875312586781719,-0.3316889563439827,-0.2120805287217315,-0.2025615344126959,-0.4848562984404809,0.1501387507909011,-0.1840237106162313
41.2,0.1709988869585132,0.2573244224488233,0.4455286149031139,0.2470712268659081,0.2000381023695287,0.1959780495347114,-0.3656811961926574,-0.2376978873716343,-0.2320083423808116,-0.5076266977184043,0.1373643687824225,-0.1440184592019389
41.3,0.1472430813298742,0.2553518676041152,0.4420205128548523,0.2284004281000589,0.1621508827239329,0.2038130429402594,-0.398489227353116,-0.2688197135079193,-0.2629413406024028,-0.5141524003569787,0.1119113012696646,-0.1028943862709755
41.4,0.1205088489260853,0.2575944645002491,0.4169518723549707,0.2059410477998501,0.1201345376570188,0.2083309446399149,-0.4316043666614454,-0.3000648146828358,-0.2955129478660208,-0.5144576810360812,0.0814433000020822,-0.0647322977003422
41.5,0.095678411251853,0.2580185480975391,0.3888422088348891,0.19451883776314,0.0758328011875068,0.213100291586265,-0.4490942043084876,-0.3276344460612972,-0.3269674415197697,-0.5020702567724338,0.0491381126475084,-0.0360059591102751
41.6,0.0701770311975207,0.256253053541333,0.359591698579759,0.1863038288395813,0.0328463171586063,0.2169865567888957,-0.444342957073826,-0.3516231086533912,-0.3497468544713895,-0.4744017380301482,0.0141495459427456,-0.0266085317531716
41.7,0.0414925316119075,0.2576510093582603,0.3262753743435562,0.1858949235436854,-0.0108838487997363,0.2221161154001479,-0.4291331619682783,-0.3780861610036826,-0.3511884002319959,-0.4423881368460317,-0.0257452726044018,-0.0246165108963741
41.8,0.014073609396734,0.2558637319455315,0.2935636560448788,0.1874816741798445,-0.053695367066356,0.2292909805185902,-0.4032812771301362,-0.4086022403850075,-0.3446401302837377,-0.4125274601833619,-0.0659987388363429,-0.030565654615287
41.9,-0.0058562141023305,0.2683598283223428,0.2630271724568367,0.1905919171127067,-0.0932597167672517,0.2432454258286641,-0.3770187346890337,-0.4194971033098777,-0.3151069826877127,-0.3807689847240378,-0.1067739350842439,-0.039610493668642
42.0,-0.0378898036416331,0.2568760069846788,0.2339602859463956,0.2013410019929878,-0.130406635670589,0.2672254740788891,-0.3568825426650918,-0.427560741081111,-0.2946701042014257,-0.3418287160015258,-0.1463036734308765,-0.0654406497474269
42.1,-0.0557115710136209,0.2654512701812391,0.20544799505763,0.2164515110757256,-0.1598120919943778,0.2983788574047006,-0.3177071596618224,-0.4192423388158745,-0.2851066457654023,-0.2994420726270201,-0.1718521687547279,-0.0947893649086561
42.2,-0.0896378852585177,0.2401705333580738,0.1752729265845619,0.2349980774740897,-0.1792718648443513,0.3305646792021422,-0.2773916178495205,-0.416955842025127,-0.2812563739367495,-0.2504737881520702,-0.1907180826549614,-0.1256528949365516
42.3,-0.1194121499218812,0.2353242205356233,0.1444673404262592,0.2517526552088895,-0.1939460767650717,0.3671634820085079,-0.2347560920799618,-0.4287431132418058,-0.274790335124133,-0.201312159111421,-0.2043688267777451,-0.1620637236100691
42.4,-0.1401486459195284,0.2089139031041589,0.1153332576998587,0.2693470670060169,-0.2055889312297284,0.4062570588695409,-0.196815169666863,-0.4556788620100321,-0.2749757205836575,-0.1559680099699074,-0.2153950315076046,-0.2007680578843328
42.5,-0.1679852060918821,0.2065578383690098,0.0863089163912453,0.2965658723086478,-0.2284249840291829,0.4516469255251531,-0.1912480854937098,-0.4642069150639188,-0.2731287905015272,-0.1106351109388858,-0.219551552652748,-0.2414070925542144
42.6,-0.1894515438992478,0.1948405849424665,0.0692884920581653,0.3214733056124803,-0.2317156919563766,0.4738425451029097,-0.1917771227933534,-0.4871599477644521,-0.2721755553690654,-0.0685675661681559,-0.2171543124797532,-0.283270825823863
42.7,-0.2151936129083592,0.2175262833735312,0.0554052386030443,0.3499830170954379,-0.2760891974872183,0.4679449090416667,-0.2050564325806819,-0.5104999814282405,-0.2773700891507621,-0.024780491980871,-0.2093081546459208,-0.3229389364934159
42.8,-0.2401895522672791,0.2404494934378534,0.0467032016045606,0.3800371831519943,-0.3059265853878499,0.4685435177035159,-0.2297212675782171,-0.5088102588345866,-0.2801987613060691,0.0194014949172512,-0.1953580529132998,-0.3623843688799191
42.9,-0.2608516661696965,0.2551751402467698,0.0474619265904202,0.4107018137061298,-0.344012834199327,0.4511354038717886,-0.2646941314869679,-0.5028390302865723,-0.2838753235150586,0.063124743301873,-0.1823936775896629,-0.3939412342058037
43.0,-0.2824344473510037,0.2738121474097812,0.0558044375534354,0.4430457426556963,-0.3588211243658749,0.4269519951775609,-0.3045896278938907,-0.4862772906916695,-0.2895484828745458,0.1077445950373975,-0.1753576512859903,-0.4220111399845335
43.1,-0.3028314759280519,0.2847221469051254,0.0573488480375802,0.4688735880249962,-0.3749881056192158,0.4063851218091739,-0.3420764493431736,-0.4627400021433283,-0.2959700690770598,0.149667724571346,-0.1778743936932123,-0.4500081312909149
43.2,-0.3250276850381931,0.2855455654465637,0.0488672113721143,0.4806872214246389,-0.3814387285044825,0.3638272318241322,-0.3400012899423449,-0.4549780105815003,-0.2998622993802043,0.1903739025789036,-0.1904160782764688,-0.4742760672235454
43.3,-0.3526605123470561,0.2781659393257575,0.0294518536511848,0.4943475026878286,-0.3714921373877172,0.3556518676660017,-0.3584659894542581,-0.4114643821539031,-0.3005503519925816,0.2293728228959557,-0.2100545118146946,-0.4957249542585486
43.4,-0.3715568424099078,0.2596691016513998,0.0169900571596568,0.4913062987659868,-0.3847728929193471,0.3146830117879372,-0.3520380565372211,-0.3673419320783221,-0.2996775709603891,0.27142248046488,-0.239079444965306,-0.5117055912444506
43.5,-0.3841710073877576,0.2400107656323501,-0.0028825353057022,0.4896965899126871,-0.4197995299593088,0.2852971313052029,-0.3383531036551856,-0.3477812120106818,-0.3038283663559636,0.3180196609268069,-0.266283070388541,-0.5136968007582052
43.6,-0.3944101081610067,0.2190470458977035,-0.0373784728607221,0.4853092530960369,-0.4527505535021187,0.2763293827527559,-0.3409266368510059,-0.2965801563338381,-0.3144588377524541,0.3640699477987311,-0.2883517395272982,-0.5115867847164001
43.7,-0.4025819562655375,0.1953772233741157,-0.0474625830581505,0.4951728138244775,-0.4827160141567854,0.2563774388597224,-0.3307137735370664,-0.2465646029161214,-0.3213963793760586,0.4086973229953281,-0.3087255441845756,-0.4983190799835867
43.8,-0.4101188394132323,0.1695307061525166,-0.0733516246793553,0.466122490178559,-0.4889752809147623,0.253450782303551,-0.3147551272931134,-0.2009669048306171,-0.3269181836685641,0.431627746338144,-0.3356228083269154,-0.4824321360685217
43.9,-0.4141874784046509,0.1497917869969223,-0.0773968375990077,0.460822918116055,-0.5000000000000001,0.2202083186243909,-0.3051942791939173,-0.1658554304037105,-0.326228382126916,0.4364183080605567,-0.3465012769561963,-0.4611460581060005
44.0,-0.3995465274551018,0.1419821382181142,-0.089351034248594,0.4227688936529889,-0.4956912075314158,0.1988922580238125,-0.2912719292589234,-0.1207733024666407,-0.3437244016697515,0.4355437451054313,-0.3519429702132771,-0.4365490760275479
44.1,-0.3677089974577476,0.1372202020593809,-0.1035628594358809,0.3859132417200924,-0.4703418118352572,0.1685628890270702,-0.2755588936771704,-0.0837367061195195,-0.3692767225886945,0.4185944754471055,-0.3602769946738571,-0.403848210717943
44.2,-0.3414404707362248,0.1179043653725775,-0.1128757836667959,0.3488514761473659,-0.4595503922836109,0.1591699977933413,-0.2616644539409673,-0.0366529264815272,-0.3758277490249923,0.3930215278200381,-0.364822339086266,-0.367597958845248
44.3,-0.3130160813038358,0.0972112147091008,-0.1266642931476688,0.3149463461569132,-0.4303676580641349,0.1348401647199296,-0.2361364190654163,0.0058779908829531,-0.3796692926072521,0.3625961679452579,-0.3656703588433617,-0.3319148203947115
44.4,-0.2934853018124395,0.0798502404180847,-0.1440035361745417,0.2816400897324733,-0.4016491673459803,0.1221740137339898,-0.2065882040291865,0.0336164076098859,-0.3810063882017727,0.3259369250398057,-0.3651775003234079,-0.295715454049547
44.5,-0.275676761497539,0.0572589423732478,-0.1640175257755288,0.2471715382587906,-0.3706963001938529,0.1106968052136939,-0.1995181975440308,0.0797992306692388,-0.3787246869611995,0.2808936202772346,-0.3645969820253969,-0.2589621393981424
44.6,-0.2709080866858158,0.0334390082557005,-0.1714298846409626,0.2264864303259935,-0.350311063372364,0.0860889890753617,-0.190915535444978,0.1142919422518042,-0.3661533175422703,0.2339624346040311,-0.3763213039981592,-0.2349907559074166
44.7,-0.2737441573139334,0.0092667681355601,-0.149154525179281,0.2058398736406121,-0.3498429523465733,0.0520297119499968,-0.2028143641433471,0.131530677204458,-0.3456659486323997,0.1881843710679412,-0.3868363767610288,-0.2280635164527915
44.8,-0.2682555206352042,-0.015046516419785,-0.1227279342550235,0.1885638753807239,-0.3643218348053723,0.0137095038950092,-0.2269210883322556,0.1622748258820797,-0.3200462089986023,0.1455468961017826,-0.4140768769215514,-0.2251987346221272
44.9,-0.2562270946999436,-0.0420558962722596,-0.0913480494104042,0.1785538602854692,-0.3770688058356543,-0.0242149870746553,-0.2292352961524051,0.1777342665758225,-0.2997283771363562,0.1072464004514374,-0.4395064627781285,-0.2418174789130113
45.0,-0.2629622567979186,-0.0481200012915678,-0.0576939852213973,0.1732769552591303,-0.3872262879804078,-0.0659820034301942,-0.2614155300601408,0.2184126945097561,-0.2851226024641484,0.0687392133761062,-0.4573778726238333,-0.2642161223795339
45.1,-0.2355979820470784,-0.0814585593445901,-0.0204597252225568,0.1697853484022708,-0.3968345890539039,-0.108873505547553,-0.28881995496634,0.2506181130966429,-0.2732854148222596,0.0285004428576599,-0.4691346245099614,-0.2868181698835388
45.2,-0.2142030521088881,-0.1100168801989927,0.0162007480254656,0.1742836628391284,-0.395646361235933,-0.1235683629487987,-0.3279562067236376,0.2901092250998191,-0.2591530605018713,-0.0147070096044911,-0.4727266677110263,-0.3141658761400132
45.3,-0.1991017516362389,-0.1336693341212602,0.0512654199144101,0.1759973239320583,-0.3764836317743101,-0.1389562520087842,-0.3551005975931891,0.3321609044489189,-0.2360280748448618,-0.0597431987583893,-0.4666371594181135,-0.340821914847708
45.4,-0.1821568958406728,-0.1568695080352297,0.0885792948690689,0.1715020353163118,-0.3378889601367455,-0.1606436449040347,-0.3623727468161751,0.3635175104691582,-0.2018109018564197,-0.1023696447539885,-0.4558721780805927,-0.3727012802244461
45.5,-0.1624999421867253,-0.1721505290748812,0.1243328646177633,0.1632824016956461,-0.296137725903267,-0.1640315314128919,-0.3709168770262984,0.4064426478453158,-0.1670346851702122,-0.1332327148783803,-0.4325448397534792,-0.3927456504720875
45.6,-0.1409850609730667,-0.1842004317430218,0.1559385907166517,0.15532076040185,-0.2537796792203786,-0.1742282535779313,-0.347202576741103,0.4472967425961872,-0.13105175532126,-0.1519454089816197,-0.4047706799617456,-0.4056222389568397
45.7,-0.1260206212908847,-0.2018691496754558,0.1887128534571925,0.1429333758109003,-0.2174272404792425,-0.2004309139206082,-0.332691330624381,0.4618523313943831,-0.091839312286812,-0.1627700238439337,-0.370983857293581,-0.413254772280391
45.8,-0.0996033260185147,-0.2069338655167941,0.2198179788767265,0.1244252244459263,-0.1964451754205437,-0.2334917547283937,-0.2914432446978179,0.4676303809645249,-0.0526397199233573,-0.1747777155301484,-0.3311785902882155,-0.4204029363223796
45.9,-0.0769330250887065,-0.214313148314494,0.2499075129138533,0.1029370098823601,-0.1838601288340099,-0.269456817505949,-0.2481242779142372,0.4516661981449504,-0.011757833441739,-0.1853404366891953,-0.2902965239182747,-0.414666224799878
46.0,-0.0530266282920253,-0.2289686440707307,0.2711423008604898,0.0771344577395085,-0.1747362881613381,-0.3066726950391291,-0.2055901992414252,0.4241291637990823,0.0342709544298272,-0.1924620357928721,-0.2517609756208209,-0.4014196625585671
46.1,-0.0308594577182444,-0.2449212458365025,0.2863497922425265,0.0504305719900612,-0.1632931826191697,-0.3408065516623422,-0.1703689183995,0.4042343910215781,0.0810367286908785,-0.1936231422034517,-0.2203070101167458,-0.3872196051326093
46.2,-0.0085295496287918,-0.2591999692355796,0.2974032293450332,0.0207517477046017,-0.1308873772993763,-0.3717264313738461,-0.1502396013756049,0.3633179689034335,0.1296391422025206,-0.1913103937048078,-0.1955582128514841,-0.370012156727453
46.3,0.0138682698568402,-0.271916661958767,0.308581508258587,-0.0081331693292093,-0.1079374393772836,-0.400355879884934,-0.1283527948762495,0.339352151273337,0.2138158548253124,-0.1847929787975353,-0.1736060514319135,-0.3479318259127273
46.4,0.0373808281033306,-0.2854641779793916,0.3292595970912347,-0.0373590403763702,-0.0910126178313114,-0.4361811950769047,-0.1077946291131471,0.2904038508868696,0.2451838398399326,-0.189515856735504,-0.1509531877777688,-0.3188703329769263
46.5,0.0609017169101981,-0.2957484650485524,0.3526748272014893,-0.0624578719789938,-0.0731112604683655,-0.4697094090835522,-0.0689745058368306,0.2473309507849519,0.2826635450872864,-0.1874405205928435,-0.1367285576233297,-0.2869784184775795
46.6,0.0867896666271276,-0.3006444025643733,0.3637384937755122,-0.0859582540379104,-0.0479383073070784,-0.4969110332773023,-0.0345696955195982,0.2220167860487303,0.3248913637865281,-0.17562130707953,-0.1300723453524278,-0.25101967385838
46.7,0.1134246439602769,-0.3024040313186794,0.3671800047721515,-0.1097882198570509,-0.0180642820765468,-0.5108192256705958,-0.0010154931487882,0.1434284655669158,0.3666998704778251,-0.1718630028316307,-0.1239778579044399,-0.2140468127832174
46.8,0.1395498324855029,-0.3024538342687726,0.3781402576926277,-0.1340166803897912,0.0144383392673464,-0.5103485935376642,0.0159650220646138,0.1303343520502152,0.4107489428919565,-0.1824235059432855,-0.1257142169965264,-0.1786714060783553
46.9,0.1676751205089113,-0.2994584158732462,0.3946802728395781,-0.1601269722494856,0.0378132636017042,-0.5071239441727611,0.0058975350073345,0.0891073477078706,0.4486523247713703,-0.1957374904634868,-0.1305536184556061,-0.1415612808480206
47.0,0.1939111025081052,-0.2916367586290886,0.4122056361174556,-0.1817502537784293,0.0537948041034779,-0.4995883524352413,0.0023826914714214,0.042881127114839,0.4730602675921924,-0.2261408384770027,-0.1431860527106202,-0.1020487394025993
47.1,0.2198370399635072,-0.2845187583799867,0.434975683327683,-0.1978721041202378,0.080071656042297,-0.4802024890934165,0.0085591711413901,-0.0003542305749419,0.4811176180414873,-0.2528162432756478,-0.167511193681876,-0.0615269513602758
47.2,0.2462859138774007,-0.2731576120518009,0.4611939043477319,-0.2016626152216499,0.104692956654865,-0.4460055203577578,-0.0038463092841762,-0.045256257382016,0.4739446131085712,-0.282507346148392,-0.1950903688564673,-0.0241962814867067
47.3,0.2666296233479454,-0.2578512127471657,0.4676220897718493,-0.2121321021371785,0.1145899835652665,-0.4099607199444233,-0.0207557115346355,-0.0926322925802235,0.4519788008392371,-0.3125832825736874,-0.2249461688964667,0.0050031521684277
47.4,0.28048440757442,-0.2485461834160136,0.4720634684507508,-0.2165173239469732,0.1284211544164993,-0.3806962111024283,-0.0348849245828294,-0.1324081142250341,0.4289031074385357,-0.3272819885209369,-0.2516804158329581,0.024356493027687
47.5,0.3052081185825621,-0.2422663509820497,0.4766024418676134,-0.2285649696700096,0.1514728922777237,-0.3457557691373015,-0.0521958575715399,-0.1721763162765453,0.3993450446162045,-0.3384840335284842,-0.2756936920996387,0.0546540544262623
47.6,0.313891960333505,-0.2149121282164877,0.4806885494620007,-0.2428085229096514,0.1803603373005478,-0.3122224476047969,-0.0711647312487815,-0.2105352727824541,0.3606629999030943,-0.3438373156905409,-0.3074129864334489,0.0670543136826122
47.7,0.3384651611983355,-0.1896518362962591,0.4831219760655756,-0.2524242137460307,0.212846480162401,-0.26862345072869,-0.0951947903717234,-0.2540489597218324,0.3119136214381064,-0.3513531520607842,-0.3527507103055213,0.0691637779785993
47.8,0.3578981799156502,-0.1714055456192557,0.4733726076272911,-0.2848946187897397,0.2449839468787434,-0.2312318984827709,-0.1143664297732506,-0.292471256734797,0.2648749558413177,-0.3633036272233416,-0.3894090082438819,0.0468291193000438
47.9,0.3768872480365177,-0.1509623654414486,0.4722069117003747,-0.291626717677883,0.2785365069675815,-0.2072890474693999,-0.1511509613031135,-0.3347308515248464,0.2214171647162434,-0.3793118592690711,-0.4234759266821189,0.0254215624652195
48.0,0.3805002853694963,-0.1396047530206208,0.4451602370614906,-0.3235080796940681,0.3171672030769332,-0.1902296422481848,-0.175527697876801,-0.377195466498663,0.1846770597764898,-0.3971863569673217,-0.4514493982308267,-0.003826527139472
48.1,0.3864673114257007,-0.1199405672980197,0.4186896264393487,-0.3451311285814757,0.353843444984405,-0.1686973003113886,-0.2083937074077307,-0.4162240353738853,0.1533045844681625,-0.3913084945415302,-0.4759797805120151,-0.0386027439663361
48.2,0.3860505781694289,-0.0966520972447406,0.3893672921614077,-0.3532643033815757,0.3596052490562262,-0.1442427993471776,-0.2407931022825245,-0.4518399337498247,0.1229063482173613,-0.3741145929711842,-0.4713810662838703,-0.0694967148511731
48.3,0.3905935660158257,-0.074335500446945,0.3607066262170667,-0.3503861421089304,0.3510113867022245,-0.1127468453512098,-0.2716769764537874,-0.4874237023559131,0.0895578421091125,-0.349691779203661,-0.4590953453391617,-0.091985988462751
48.4,0.4001116845614825,-0.0519951775229342,0.3303913120625965,-0.3457966498098325,0.3382041760813397,-0.0781241279779757,-0.2894555978386671,-0.5013502131602368,0.0542374805059784,-0.3300854453673237,-0.4465631624355339,-0.1125534297281234
48.5,0.4187803625551453,-0.0405013484297385,0.3024930620880495,-0.3421759404475498,0.3198632487842285,-0.0388732917372442,-0.2956324526045688,-0.5130020431823449,0.0170578229830286,-0.3163304917467613,-0.4278942282285232,-0.1343199213284417
48.6,0.4253955011198507,-0.0137449093788852,0.2737540817520905,-0.330625832081438,0.2924621930342012,-0.0037759265831015,-0.3252802278395547,-0.5039324412268787,-0.0223987992149972,-0.3047145637192935,-0.4053518706546564,-0.1463299093481656
48.7,0.4390280134340255,0.0089569134504063,0.2461151484406055,-0.3086463402665001,0.2638870300483446,0.0180571007973217,-0.3599707825000761,-0.4841784713891575,-0.0645930232755967,-0.2984812448281786,-0.3836024070233746,-0.1466022565980338
48.8,0.4541248366170829,0.0321945187415012,0.2245060721092617,-0.2835840745183504,0.2332310005675902,0.035641364924401,-0.3703415737189774,-0.435854453734875,-0.1094651430170507,-0.3064675693460643,-0.349614485094773,-0.14457670137177
48.9,0.4666623564093229,0.0510371572658609,0.2055928318952317,-0.2543419606294771,0.2017509036786748,0.0523879884645134,-0.361534398881173,-0.3896830115899014,-0.1528324827681309,-0.3183392971279646,-0.3101335395702349,-0.1516498494554818
49.0,0.4733416165651618,0.0637428931482123,0.1886076149966705,-0.2267611930543999,0.1695793516140986,0.0776916724911203,-0.3452317571186085,-0.3462476909429021,-0.1954019130713543,-0.3309873276682728,-0.2688465077650836,-0.1618035044768683
49.1,0.4724102752891553,0.0726207541765385,0.1746406046842742,-0.2010369587071487,0.1417192654136513,0.1077024238905998,-0.3330127757668475,-0.301990726981909,-0.2375025897972832,-0.3455333688916207,-0.228863244678412,-0.1616115442439467
49.2,0.4655218625389156,0.0864399565659918,0.1581290849281834,-0.175649578115339,0.1169497223233554,0.1380334520813468,-0.3162207181711311,-0.2700605094969089,-0.2805822885572837,-0.3595363412364942,-0.1888391866382295,-0.15556068327382
49.3,0.4662265107500875,0.0926557101059994,0.1440014408555008,-0.1521223472482315,0.0975574064413377,0.1725056366003365,-0.297941600969343,-0.2223812365618863,-0.3238249343633366,-0.3770705321144019,-0.1490868379223137,-0.145014830310716
49.4,0.4420676469619234,0.1029657091624916,0.1299963385273239,-0.1210466540959325,0.0811296985952963,0.2091445463968363,-0.2840322517244088,-0.1729932711835569,-0.3579981971694354,-0.4010543540937024,-0.1109576352297624,-0.131170357614629
49.5,0.4398833347608717,0.1149400565978072,0.1181049072013135,-0.0868623068997405,0.0691042177416836,0.2481950975489371,-0.2460183748335274,-0.1357701926402404,-0.3626973968932697,-0.4232657018432004,-0.0711700355607742,-0.1134269033957087
49.6,0.4171520629307668,0.1167421258785576,0.1153722647077599,-0.0543891828979879,0.0638941475244404,0.2888566753256129,-0.2065882040291865,-0.1182220509435115,-0.3617886146303331,-0.456667259026769,-0.0332060532107317,-0.0942534651880646
49.7,0.3972405243245929,0.1236150690997243,0.1184876471640471,-0.0253349710011927,0.0573983394026103,0.3321503156971958,-0.1890881782976085,-0.1063837982427381,-0.3451270054548825,-0.4893050781188211,0.0018866807788134,-0.0711331591202178
49.8,0.375552030534623,0.1326644964604867,0.1234988652728943,0.0091263168530596,0.0534528786816369,0.3741537562254838,-0.1459415975281485,-0.0761328132700086,-0.3186579257559765,-0.5126161100251386,0.036042404126232,-0.0482741421643435
49.9,0.3540279611271127,0.1407208141249792,0.1290353746344733,0.042059919820756,0.057343504930512,0.4147398334872363,-0.1025634976324369,-0.0713593096691173,-0.2853144707352269,-0.5191452786717442,0.0680267295732477,-0.0219808330220161
50.0,0.3319771408210805,0.1470899750366178,0.138708207852878,0.074548968673637,0.0657879843780992,0.4414171228261929,-0.0568803190185106,-0.0762313474902545,-0.2545262128677037,-0.5200743463072185,0.091745865219031,0.0067941574787183
50.1,0.3083810860850851,0.1580109089153744,0.1462707540068057,0.1054283111196317,0.0589365658774038,0.4715840410402546,-0.0090125550175341,-0.0853960588666752,-0.2223721297739052,-0.5076730253724258,0.1116572953068777,0.0414445617065377
50.2,0.2887362366437608,0.1676327956629638,0.1543001190232986,0.1375515507131519,0.038159838994768,0.4984250122306666,0.0365441477273541,-0.0847527286560157,-0.1872548935645231,-0.4895196608428765,0.1260868199094932,0.079999952768694
50.3,0.2911321467267539,0.1782518811621004,0.1626040104394869,0.1705115385859368,0.019323594254872,0.5026337605896047,0.0818221796935943,-0.0904322281043131,-0.1752375802521807,-0.4623670371681043,0.1324828756630227,0.1185302597312517
50.4,0.2568453917718983,0.1806680572023809,0.1684309421603538,0.2035492064942161,-0.0098847876287965,0.4912152500381838,0.1303926836155188,-0.094579859317909,-0.1673619182262277,-0.4301276856102754,0.137065662614967,0.1582986637685309
50.5,0.2257230550980669,0.2013359020756157,0.1776438452686393,0.2376913520774216,-0.0438623434349348,0.4722790217228149,0.1771320523609424,-0.1088853831986753,-0.1644667106207053,-0.3925393546277306,0.1428032841871215,0.1978607618309338
50.6,0.2170690891106024,0.2172242501227267,0.1891066863924837,0.274770323977275,-0.0557791587541172,0.4700876376210081,0.2230126455095383,-0.1127219339238221,-0.1665300898978656,-0.352636649180721,0.1422003682701897,0.2375409860118592
50.7,0.2056310137724135,0.2390087788890277,0.2094653092660831,0.3124609224393895,-0.0768821309598436,0.4551611450852503,0.271714638292178,-0.1076731643691289,-0.1697923364649904,-0.3131567572842131,0.1358936152617731,0.2819954315297371
50.8,0.1971184855410204,0.2636574175147141,0.2378776691670266,0.3407957705918292,-0.0996221961631347,0.411320024646956,0.319928093022359,-0.0883047275421005,-0.1675728440192301,-0.2761716438022533,0.1214249475238142,0.3269421661739506
50.9,0.1846848954130207,0.2896202041416284,0.2691160416180947,0.3604536092934312,-0.1056994385748666,0.3677219181595129,0.3626773388862628,-0.0693249202229258,-0.1575854213772824,-0.2379700444571782,0.098426917628495,0.3665074651321509
51.0,0.1756375011400541,0.3137004275125676,0.3007728360988025,0.3729460732179768,-0.1071783825140489,0.3222188891797208,0.406464167975148,-0.0416778207478278,-0.1454684103346617,-0.1953169469701329,0.0890494855706647,0.4073669571628734
51.1,0.1603856276443189,0.3385240961366849,0.3178978612789896,0.3831022156022821,-0.1085519401681978,0.2741920967433748,0.4484395897001393,-0.0007314443705418,-0.1423771429525534,-0.1485769782298791,0.0610592483361242,0.4392052392711645
51.2,0.1533244351898734,0.3540520356980872,0.3561046461919017,0.3744540331866873,-0.1087065157361985,0.2337010963917302,0.4758875687847498,0.0172044080544593,-0.1566683415906051,-0.1107931750749695,0.0244536684220238,0.4520218096002943
51.3,0.1366596366240643,0.384818962872674,0.3929880161300211,0.3764173350406429,-0.1027800679064555,0.1509555376688439,0.4797368238432959,0.0446821332859974,-0.1766283025319592,-0.0662197747992606,-0.0145159073508787,0.479261269648
51.4,0.1201992860054309,0.4040710966528366,0.4261292295698766,0.3721908747722084,-0.1049167478435337,0.1184421572418904,0.4731835150862844,0.0739594535399882,-0.2054492202350804,-0.0234255220304044,-0.0441852120701697,0.4767454177926492
51.5,0.1027272859545576,0.4206681292426449,0.4609871868070069,0.3610547347176794,-0.1125722537135603,0.0801612986233183,0.4536868606266355,0.1078476012115301,-0.228919550505948,0.0142772813032347,-0.0720581390816018,0.4643231107693429
51.6,0.089791931086131,0.4399225941447756,0.472138284148486,0.3656281851555103,-0.1276272375936569,0.0418378496846142,0.4210948603835432,0.1257978047959196,-0.2496537762995343,0.0500932027254681,-0.0706980820745931,0.4641533728400577
51.7,0.080051923321278,0.4623719097424775,0.4937294219512098,0.3370677258582626,-0.1492307000610108,0.0045474940224595,0.3904874348340026,0.1294245268473863,-0.2643653479354551,0.0845044357771659,-0.0992704075287098,0.4302929183458664
51.8,0.0882455628199705,0.4683915566957626,0.4988242168254279,0.3040641308424509,-0.1682833561989153,-0.0333125610527,0.3585529722080917,0.1381600395889649,-0.2748664559489945,0.1231721195563846,-0.1062892424157958,0.3849463242196463
51.9,0.0588415574665572,0.4917504119552983,0.4929774944984941,0.2736572354651706,-0.189658352289384,-0.0698355237976502,0.3217658963065337,0.1556006267295279,-0.2855449027580948,0.167023466513218,-0.0920778799192788,0.3431783835622424
52.0,0.0597411636093761,0.5019286430448503,0.4819510185366515,0.2619563612533954,-0.2141315405316828,-0.1031492420904157,0.2886381891646452,0.1778105194112542,-0.3067191211957359,0.2125587342868767,-0.0706024191673307,0.2964032263742773
52.1,0.0394765835483197,0.512738260557453,0.4596893279353711,0.2248193031286845,-0.2439487092276642,-0.1309472545743834,0.2519618122195602,0.2050534690888222,-0.3351603025286973,0.2548276013405714,-0.0426774684144537,0.2536647011005544
52.2,0.0093440527216182,0.506347466523043,0.4320282831668234,0.1993908021472752,-0.2779398177521529,-0.1515629105531926,0.2463536384351854,0.2178813844306191,-0.3599008249568718,0.2927854313360673,-0.0087796507620236,0.2210773662488942
52.3,-0.0188066302890527,0.5002017057703604,0.4029508631704376,0.1886357313991053,-0.3082585828525955,-0.1653658539336473,0.2006165118178333,0.256839401628732,-0.3815933998040355,0.3196998088461777,0.0307492523549084,0.1993481496490377
52.4,-0.0451681487542078,0.4926145877608503,0.3719160471828048,0.1839102207668334,-0.3305019558406565,-0.186508413553611,0.1725173753746904,0.2967943406379723,-0.4067957701009826,0.3302322816087497,0.0743344325383751,0.1810874438164276
52.5,-0.0513533819384479,0.5017018297639488,0.3381368004925968,0.1824486581103914,-0.3441480668222664,-0.2096380604451806,0.1453101462102387,0.3365771213932124,-0.4280045457730625,0.3059604073407976,0.1182132311426486,0.1777566104299257
52.6,-0.069840832546564,0.4888737325160258,0.3037239806767923,0.1847701891122214,-0.356874642332948,-0.2381834593301696,0.1176739905069333,0.3752919718976954,-0.4534741529902396,0.2767977705561774,0.1618387357394659,0.1793019636120924
52.7,-0.0890456277332176,0.4712475695563021,0.2916167677559078,0.2018380647515579,-0.3635737289742246,-0.2638840298269402,0.099014678367651,0.4118023414942064,-0.4834223756032066,0.2525295608302724,0.1862967905832505,0.1853914845771407
52.8,-0.0893337561092054,0.4539239854637452,0.2883625490157147,0.2310842242268954,-0.4022714533720395,-0.2997503763895369,0.0803973318453053,0.448164667093084,-0.492202447987365,0.2273708673770444,0.2131970003535773,0.1915113355013354
52.9,-0.0925207143053103,0.42037743946643,0.3124794990206961,0.2654316513676436,-0.436146971589752,-0.3189804636005767,0.0598738633489583,0.4790587444039637,-0.4935440025312889,0.1961236448130554,0.2397686173183641,0.1943362422425955
53.0,-0.1100090262978226,0.4004612258162809,0.3254348357951811,0.3008555392900219,-0.4440468150014053,-0.322763556772162,0.0251690771405524,0.4900732560639795,-0.4753170602424379,0.1627739167666829,0.2761022615448322,0.2010211904129064
53.1,-0.1126682480045801,0.3714792993525875,0.3337345904761093,0.3356339418211271,-0.451895262622639,-0.3202072082529872,0.013416925304481,0.4965832552030742,-0.4465929256063006,0.1391336940129701,0.3199830447939798,0.216083143650699
53.2,-0.1165364445856533,0.349843405748213,0.3434351863305883,0.3720281610259447,-0.4582717563315356,-0.3409227614173764,-0.0254114670434377,0.4747199973734846,-0.4196124430228634,0.1214059295588722,0.3608685400824967,0.2478975858665622
53.3,-0.1159419193627583,0.3175862568445131,0.3556110449259864,0.3990812155699417,-0.4566000851422853,-0.3549461970766251,-0.0503776971270277,0.4609294091448476,-0.3941753102231161,0.1103413692422854,0.3670937212772684,0.271297386561433
53.4,-0.1250656400300598,0.2814330447902862,0.3626773388862628,0.4062640143646647,-0.4398646908236528,-0.3889122419080654,-0.0936566993522538,0.4196345137040568,-0.3534775220289987,0.0991477628458324,0.3626331892396896,0.3082713589420567
53.5,-0.1247498484021011,0.2724402881820094,0.3671718074017111,0.4386132611518206,-0.4205892962957462,-0.4051223066001039,-0.0914631981510957,0.381036526290437,-0.3063477090017114,0.0904836926520726,0.3890271551299927,0.3403465206953816
53.6,-0.1190880753712965,0.2384696499971814,0.3661867732958497,0.4685858244973325,-0.3828150802321699,-0.4290141464185206,-0.0916533945091868,0.3322442976848809,-0.2576826566671674,0.0896553513357399,0.4195375060442799,0.3641757508755224
53.7,-0.1254315523364172,0.201386300554086,0.3551712354697701,0.4943898153067389,-0.3452231121625321,-0.4508187858004105,-0.0932523128493541,0.2877182876908548,-0.2109434140528824,0.0956640101552675,0.4436675456533988,0.3697896087078344
53.8,-0.1144482751316891,0.1629252899691596,0.344989884966754,0.5043149082477721,-0.310268726353525,-0.4811696100131352,-0.0982579793837935,0.2450121432772224,-0.1650252037472014,0.0994438148471387,0.4658321889646316,0.3624638420514608
53.9,-0.0927532663345399,0.1341427919205679,0.3135435614350272,0.5233113077036916,-0.2929169966222143,-0.5055091508212788,-0.1015880496397184,0.2209696242656034,-0.1221320166840576,0.1035047095039205,0.4902665372675887,0.338765330232073
54.0,-0.0761058242466489,0.1218130039973378,0.2828938403558916,0.5258104752376545,-0.2687404039054948,-0.5141745920797247,-0.0894143875074177,0.1883282584822203,-0.0828326225552543,0.0811673063942035,0.4925663620319359,0.3122889421332113
54.1,-0.0584948056414589,0.1116981639254087,0.2545165011556901,0.5235512432592858,-0.2612179731874182,-0.5242845619031512,-0.0720651481737538,0.172684173898807,-0.0505489668204256,0.0696621056222083,0.4999999999999999,0.2846458699657468
54.2,-0.0341113290059236,0.1137575510883431,0.2282737098901493,0.5087961504193411,-0.2152330617751463,-0.5239008179046443,0.0043789185719631,0.1403556676301511,-0.0020362533331089,0.0573263898660124,0.4836736315641063,0.2555629486482511
54.3,-0.0012038031923427,0.1077795098159477,0.2156939859903101,0.494064912916834,-0.1924087509905488,-0.502688738876519,-0.0058526147552034,0.1334694956077134,0.0424294232795726,0.0485474631477638,0.4913539986772776,0.2631755686770563
54.4,0.0343267069669842,0.0984827698827881,0.1968741558307308,0.4659126088380945,-0.1666387988834022,-0.4699717511535642,0.0255444902338041,0.1447930416693227,0.1361777112875522,0.0401154992435439,0.4520491280502039,0.2339074775136818
54.5,0.0597254281297933,0.0909748106719863,0.1982190360689169,0.4551802082941082,-0.1537832701637914,-0.4366208307660313,0.0461327558003664,0.1494254014217992,0.1691927471911856,0.0292880759055012,0.4197568704472178,0.2057233082084139
54.6,0.0865237480554492,0.075127090556256,0.1712215190189628,0.4364631471759688,-0.1562027229592349,-0.4018118540195441,0.0843329398461513,0.1383703979545364,0.2101824847874147,0.0253478478644386,0.3858041854768696,0.196112405773658
54.7,0.1092580262253802,0.0607612329733359,0.1577360113270031,0.3976527027771179,-0.1530967967955642,-0.3678384495497488,0.103265192747577,0.1252341893810884,0.2518092404592662,0.026637735295573,0.3498548863531114,0.1930753502632833
54.8,0.1288848960888625,0.0447802849816835,0.1499911789776737,0.3611372284216606,-0.1490640514955071,-0.3308435610481587,0.1300299379841081,0.0984694441445574,0.29361559169192,0.0309973456408861,0.3131314844199419,0.1884223556858033
54.9,0.1252461939259951,0.0494966212711535,0.1319519090151642,0.3278850068043918,-0.1446171137304093,-0.2924684325470787,0.1746131605419158,0.0804403115081313,0.3352690598517593,0.0302825533786689,0.2726172870638765,0.1820878268987518
55.0,0.1427778760399509,0.0263907657257938,0.1141331714429567,0.2958304121959404,-0.1365738358252347,-0.2525843877440786,0.2218839054858362,0.0947840554814519,0.3784213831291776,0.0219185294470664,0.2302233424648358,0.1672581614555706
55.1,0.1800100173203576,0.0152185230125456,0.0968263664191462,0.2676210990085151,-0.1319125455454933,-0.2145509510833619,0.2628331635575117,0.1012724785690958,0.4240570710263179,0.0144503432392131,0.1892114518173191,0.1402798304894053
55.2,0.2138603126221886,0.0054888772226574,0.0817750626220814,0.2372953725901334,-0.1288034309576062,-0.1744719110883416,0.2988537156299195,0.1164841765152994,0.4656591310774994,0.0108619500556467,0.1569797260961504,0.1097329061656825
55.3,0.2427349204118453,-0.0050767439126633,0.0709472476799297,0.2058193083689909,-0.1229610629298628,-0.1350664790353596,0.3419759266016083,0.1457891765011531,0.4903245853989495,0.0392781806406905,0.1354895385231701,0.0780633329536552
55.4,0.2668517726771373,-0.0032476590035829,0.0641435679144482,0.1764145237012992,-0.1168077893469796,-0.1037762996341811,0.3682991426217916,0.1733006656998535,0.488492474861925,0.0584562550581146,0.1187367530264228,0.0493696196389698
55.5,0.2895168086424323,0.0053194088913477,0.0584524294924777,0.14434246452153,-0.102923651560083,-0.0674538277848563,0.3840920163849183,0.2061983295332579,0.4813083992024076,0.0720046916446707,0.0980625316591875,0.0171619723020015
55.6,0.3190522967230341,0.0213446165067673,0.0591036147975889,0.0998914942723211,-0.0752845831178339,-0.0280873789845764,0.4036443309777606,0.2526676779452698,0.4617882789073203,0.1029109369644248,0.0695763002629945,-0.0203022646670169
55.7,0.3415850034638982,0.0374133332859531,0.069280350603208,0.0568570757265631,-0.0475871331633857,0.0066967398920541,0.4279098454137299,0.2808855139791169,0.4374124064833162,0.1173059503324398,0.0547341722178564,-0.0595721917693805
55.8,0.3623653336057383,0.0516193164435525,0.0775873848582085,0.0150662331798185,-0.0147933822237675,0.0354663964684752,0.4587879377211018,0.3106978607748081,0.4301039086167545,0.1200871229894478,0.0495291089785192,-0.10070527440415
55.9,0.3733555957834351,0.0676265566404022,0.0824200689076641,-0.0196304821857786,0.0121039217198756,0.0587551897096637,0.4709626078197865,0.3403142371157799,0.3963007368960782,0.1253859787571699,0.0507050402111668,-0.1342052398822013
56.0,0.3789757148766018,0.0909058935024445,0.0917097156164466,-0.0607033961677895,0.0505744223152377,0.0851927370432333,0.4677848254658883,0.3658810909405829,0.3611828875001333,0.1447745807992587,0.053285403234267,-0.1806364429188332
56.1,0.3698811781422338,0.1013120966055765,0.0991810595182205,-0.091324549324471,0.0806821019905393,0.1089338414318904,0.4495876511246334,0.3810375262792653,0.3647361654429191,0.1504548147001273,0.0615736889770251,-0.215726906274393
56.2,0.3488665484133431,0.1200623642521284,0.1083218422279787,-0.1215791973700695,0.1117147971625462,0.1327165660910632,0.4145277711440957,0.4070968122114873,0.3208831597861413,0.1677200906311977,0.0727393991022094,-0.251879325685558
56.3,0.3274983266868895,0.1268570909270241,0.1123717947790589,-0.152907390260433,0.1443868662583184,0.1517339745224641,0.3777905490939964,0.4175759346089623,0.2792877039845584,0.1977768868527792,0.0918693762332084,-0.2916520417145816
56.4,0.3085512096474666,0.1234286759130021,0.1118680277860123,-0.1866511483605171,0.1764299113327493,0.1676166837042546,0.3366504059052729,0.437692614026073,0.2420434118014058,0.2304815665333186,0.1204371609814747,-0.3279531399673805
56.5,0.2875301695683102,0.130381255772729,0.1057137341822258,-0.2195697338213858,0.2134150179898579,0.1768787010807414,0.2993468412779237,0.4612628106525314,0.2064511250789337,0.2552985259297488,0.1500463072849325,-0.3577783721547666
56.6,0.2643683708059275,0.1272930159377447,0.0916468098428103,-0.250966805095192,0.2521019437154137,0.1830620892218146,0.261999659435601,0.4884620322211779,0.1705256775351425,0.2758415041240653,0.181916968930347,-0.3836616739920211
56.7,0.2398076729278168,0.1119823316606109,0.0678969659611911,-0.2787450552901727,0.2905819427784114,0.1830496066702371,0.2341945351088547,0.4972779409611617,0.1277190851930003,0.2780664248502166,0.2134355301777429,-0.407660918219283
56.8,0.2088666051267711,0.1021273890718476,0.0407591743540198,-0.305969710522061,0.3326422314889976,0.1822240040433988,0.2108388803328654,0.4803817704042892,0.0776225079844236,0.2596549752651741,0.2533276815460211,-0.4350515985569058
56.9,0.187833203072078,0.0946720666710609,0.0217136699547661,-0.3142284056611091,0.3618049771209105,0.1851061194212344,0.1907715602738205,0.460972650956539,0.0440833464034891,0.2250610859032809,0.2866989526598362,-0.4360905967604414
57.0,0.1567946832206392,0.095381204309573,-0.0128857787036305,-0.3194604878506974,0.4041607517136816,0.1962844233372421,0.1693332502375187,0.3825313537742342,0.0090197121777805,0.1840628368545643,0.3309105485282482,-0.4389849303192775
57.1,0.1449564305198658,0.0840576582479637,-0.0389592267920667,-0.3197755565956582,0.434584678098553,0.2019228010709914,0.1751292897739124,0.3570179299904086,-0.0045351390295884,0.1494391702498381,0.353723550871808,-0.42290745467462
57.2,0.1191827693438527,0.0549972159447119,-0.0755292284742733,-0.3132221139255317,0.4719803927878473,0.2201542521630955,0.17391911221553,0.3260810665770529,-0.0258045635571287,0.1034008990704945,0.3657681651867705,-0.3939847544274009
57.3,0.1082606688685393,0.0395016527109158,-0.1027002961730957,-0.3096137889435271,0.490112471634717,0.2338658850579918,0.1887064948488108,0.3146462325934622,-0.0334770103785489,0.0627722812332704,0.3694394671661894,-0.3681769783004659
57.4,0.0976034197167724,0.0403075939190187,-0.1381178023558411,-0.3050190246237254,0.4976685354424479,0.2692432066537126,0.2052481200137305,0.2151766674468286,-0.0297274685227097,-0.0213357533063835,0.3652785156002118,-0.3360425655088334
57.5,0.0874818821474879,0.0030559361111246,-0.1703337745886746,-0.3013996176663071,0.4999159239965887,0.3062472413962496,0.21969725249111,0.2010586042768885,-0.0310188952864448,-0.0552238911267638,0.3590579884910124,-0.2982004949386046
57.6,0.0708801011345703,-0.0236070898133498,-0.2010323930712771,-0.2961942022102283,0.4942859438806317,0.3479128345058103,0.2278241994252793,0.1540577611742757,-0.0215035908687138,-0.0946414330743144,0.3450879402575925,-0.2583060777405298
57.7,0.05984048865467,-0.0381578711137163,-0.2229870653810226,-0.2903101641873985,0.4798952983553163,0.3737072438049691,0.2248891460900463,0.1092333488604089,-0.0094210083330177,-0.1272164448477328,0.3239834595484213,-0.2274236559353805
57.8,0.0439041663521966,-0.06632314207338,-0.2574764200882358,-0.2821341471035141,0.4504526873423469,0.3892921268093633,0.1968097519376656,0.0313474424253539,0.0011577514968343,-0.1719393397849172,0.3012231241813654,-0.190440395154064
57.9,0.0361501121482297,-0.0590874218271255,-0.2825905983735365,-0.2756057204643914,0.4207771549094229,0.3991470961866366,0.2051771073020607,0.0351605275273781,0.0194947770437915,-0.2120351503032133,0.2777248462348011,-0.16284090431658
58.0,0.021440261052131,-0.0979844626048469,-0.3193110053674486,-0.2593397066117908,0.3843266152308111,0.4080179527667273,0.1620245759680072,-0.0135946151548173,0.0464610176453825,-0.2571095383970179,0.2461219617276588,-0.1283841173271565
58.1,0.0135118150988307,-0.124835869609677,-0.3419244256769037,-0.2496604965763107,0.3541078574536134,0.4130981747402319,0.1367211242932408,-0.0384425218730823,0.0703037992992196,-0.2937024013198621,0.2189330069044159,-0.1103962178124158
58.2,0.0051135378237209,-0.1539348885687751,-0.3708770890681996,-0.2354474337559778,0.3131436259586772,0.4273180187083142,0.0799705722789395,-0.1251675268422312,0.1060962900355589,-0.3371081101294411,0.1856709553523074,-0.0826930051938698
58.3,-0.0008850503798897,-0.1820997852958056,-0.3968776033951157,-0.2311200447043095,0.292006557611949,0.4453661217702495,0.057773879700681,-0.158265425590609,0.1329245004894817,-0.3781865429005121,0.1518594302607533,-0.0661726379738697
58.4,-0.0023577389877661,-0.2032192195839408,-0.4133755325443059,-0.2383563277030477,0.2715261257232235,0.4599737138768587,0.0407228913785745,-0.1900314916888313,0.1596641601556149,-0.4078010374826576,0.1197238738170472,-0.0619564069327424
58.5,-0.007960939109808,-0.2261989430110197,-0.4326071115418466,-0.2515417795978307,0.2478931019947728,0.4887560510053023,0.027644082123452,-0.2274536468975121,0.1930765341075663,-0.4306951622107934,0.0814318613524812,-0.0593259693143042
58.6,-0.0197043966214917,-0.2524354148623564,-0.4585229111595773,-0.2846586850110036,0.2440868067212588,0.4955824193973336,0.0137549409569516,-0.2749729139369306,0.2386794856715166,-0.4523718760352901,0.0359912340095446,-0.0622074974151852
58.7,-0.0279228097912451,-0.2737938552975359,-0.4703465148813749,-0.3098698598000469,0.2201983852146238,0.4964243791211892,0.0158704827561825,-0.3127687738542126,0.2746814509122984,-0.4638366948514147,0.0019718211252008,-0.0756989024207066
58.8,-0.0419237181955781,-0.3022690241051324,-0.4708584814525172,-0.3374451158835707,0.1829108917491662,0.4655177530428478,0.0308153712041886,-0.3986695815474274,0.3079468662551511,-0.473571370152104,-0.0370123876652779,-0.0965754362909678
58.9,-0.0466522568738583,-0.3247070301426626,-0.4643314347891443,-0.3523928720375308,0.1749389907651509,0.4547459370466744,0.0334080419085961,-0.4228491246824297,0.3324998751592743,-0.4622820128807198,-0.0687836173392381,-0.1148201131101978
59.0,-0.0496298324238465,-0.3507375067283189,-0.4503408487989768,-0.373718414814925,0.1779907928182144,0.4683915566957626,0.0385535062748471,-0.4545450352794709,0.350205537607192,-0.4376181069763963,-0.1038763980139074,-0.1399603916801978
59.1,-0.0431618905994739,-0.3755712685668782,-0.4323973044215172,-0.3895404080489068,0.1738711192991755,0.394527080042862,0.0407369263005427,-0.4786200162433977,0.3781185380611846,-0.4244725012461267,-0.1263016255080885,-0.1716273513906665
59.2,-0.0285109572967644,-0.4045783523991126,-0.4012171306603671,-0.4083142553440499,0.1753241222305453,0.3779551492106415,0.0275206236817657,-0.4951816782586744,0.3664541885106051,-0.3771311617953952,-0.1249656565301474,-0.2501261907677638
59.3,-0.0231281884282705,-0.4126926439773065,-0.390308265174138,-0.4137356100635647,0.1604587877117896,0.3550961642404475,0.0248990064641783,-0.4970521039226281,0.3730449844133534,-0.3450679341421248,-0.1220039066746196,-0.2656277070221507
59.4,-0.0011377881931371,-0.4419795930993206,-0.358279154063557,-0.425251316613837,0.1462993787639184,0.3188189532692826,0.016279770728851,-0.4929284842549465,0.3829467955153223,-0.3016601012435197,-0.1115276367590435,-0.3047414398417031
59.5,0.0164402320615786,-0.4640121217230255,-0.3268485651398162,-0.4380574059159551,0.1234105548670618,0.2830469264431777,-0.0251657804076767,-0.4947841732580128,0.4029511650278974,-0.2615780122482735,-0.0855803181916203,-0.3426410083742301
59.6,0.0347348485225078,-0.4804168347275446,-0.2952032966601976,-0.4581264148641664,0.0940694937940939,0.2494591464146661,-0.0466075766410129,-0.4786686593661062,0.4188796599421697,-0.2189469517797106,-0.0558055867554655,-0.3747548237094824
59.7,0.0495789723086416,-0.4893042007804936,-0.2703577416312534,-0.4773718428226658,0.0646492150463322,0.2165756201782144,-0.0686468247332186,-0.4615313792659389,0.4360571521829943,-0.183268277967951,-0.0245008756620594,-0.3999274213317049
59.8,0.0617138392288922,-0.4880887137939137,-0.2442405386212404,-0.4925701811951662,0.0357750219973978,0.1807514681751075,-0.0868961512864369,-0.4395425514159368,0.4287970795288767,-0.1541337350326869,0.0074809484176517,-0.4206906276844061
59.9,0.0749202583566499,-0.4829839350643188,-0.2121308034668912,-0.4969416892478697,0.0038618641789244,0.1437925840221147,-0.0995292230830622,-0.3887404225628262,0.4123458966258025,-0.1469162498431362,0.0398580906612277,-0.439213106187909
60.0,0.0926641911009792,-0.4686043807120238,-0.1853368366085343,-0.4912556527775658,-0.037930664026721,0.1047704808825723,-0.0923233301347654,-0.337658648107122,0.3798504983839503,-0.1420435643521866,0.0652790423545039,-0.4389570212114055
60.1,0.098013551038773,-0.4589733061230167,-0.1798424181552395,-0.4842086461493264,-0.0662832948026685,0.0742241837491686,-0.0835733172689764,-0.3009429078467525,0.3493879304346906,-0.1385923719133292,0.0866574167346387,-0.424914811768414
60.2,0.1072317347188381,-0.4485368251102474,-0.1629480580622715,-0.4622937405456822,-0.096975172067723,0.0520582815505325,-0.0858361863103485,-0.2569703993235946,0.3172729569937824,-0.1290850052814243,0.0978680031599874,-0.3998464656619581
60.3,0.1152535179930247,-0.4315737251237739,-0.1549485617039493,-0.4413982395080682,-0.1295839604483241,0.035302139936037,-0.0658489322331473,-0.2161284920368082,0.2795745916210385,-0.1175471693155796,0.1162053025916353,-0.3721622484546664
60.4,0.12190719546693,-0.4133583478913377,-0.1528518216717544,-0.4057980697123776,-0.1620985612284329,0.0247293300080088,-0.0406429709209223,-0.1785900343396086,0.2376492500540948,-0.111657155983658,0.1397128112607938,-0.343728330787551
60.5,0.1385049981434738,-0.3933791113900372,-0.1597332711825019,-0.369845517711221,-0.195733722480301,0.0198367841293621,-0.0195741118257837,-0.1375441181111946,0.1968924765046243,-0.1415311120062493,0.1681127087149774,-0.3201489613828196
60.6,0.155765269942311,-0.3905018630612987,-0.1628105689436288,-0.3372005009058091,-0.2325315687018356,0.0192313521738076,0.0007142668284011,-0.0964190966141836,0.174934837221994,-0.1778922569684832,0.200194677714193,-0.2989612006350214
60.7,0.1712101047847144,-0.3637346940464467,-0.1673146344824322,-0.3040091328554253,-0.2710164496265309,0.0225530500476463,0.0302793903184013,-0.0573987348909764,0.1646552987904012,-0.2201648610433856,0.2316159441269953,-0.2754887202001342
60.8,0.1925085683941806,-0.346695821155869,-0.1687852546134567,-0.2635105795445785,-0.3152858428469351,0.0379129507239468,0.066053280990174,-0.0159817316912786,0.163700677565217,-0.3079169746459494,0.2640233167894515,-0.2404857649466393
60.9,0.2065820925924206,-0.3394310552639914,-0.1657123086377149,-0.2346692953954519,-0.3491743140310849,0.0496719058472332,0.0841030934936983,-0.0076494823147603,0.1579872015490621,-0.3266833533686881,0.2775516301528974,-0.2074264304733003
61.0,0.2257851616667455,-0.3139985674080169,-0.1536050831215889,-0.1992407049529753,-0.3903740603399214,0.0517593693287395,0.1307760265069332,0.0360089277674681,0.1454513572881848,-0.3618141703808732,0.2928999288997912,-0.160739072263146
61.1,0.234748076027534,-0.2975903447064474,-0.1454695977899278,-0.1736088560377935,-0.4200374819040893,0.0419941015195607,0.1663008700377927,0.0554512412687232,0.1318087736606635,-0.3915286551484089,0.2783209543374778,-0.123253951584193
61.2,0.2408883929308979,-0.2821464287697316,-0.1362569565078394,-0.1519504938359948,-0.4307205728032186,0.0277254185557736,0.1997704651960231,0.065109816374212,0.1180587888410101,-0.4164247883898571,0.2636144769638578,-0.0924228011673731
61.3,0.2413636356383356,-0.2556925166261569,-0.1218173971389185,-0.1137683108466352,-0.4596819754810272,-0.0027578134653778,0.2427135688701032,0.0755554670973278,0.0921263410537551,-0.4512619349006869,0.241909782987156,-0.0526823480724609
61.4,0.2365284357786917,-0.2287258074876853,-0.1093424154428692,-0.0774470639969687,-0.4686162221356238,-0.0278271125263228,0.2808313336912919,0.0728215358193334,0.064928537517265,-0.484570922359538,0.2143798012928988,-0.0146034885989564
61.5,0.2272349161493758,-0.205113208093399,-0.0916113746287216,-0.0428353493315478,-0.4744189082354239,-0.0534513202141845,0.3235596343097943,0.069131165712206,0.036146617222218,-0.5039064520325083,0.186308737714657,0.0163848000864056
61.6,0.2092658390707762,-0.1854013898250301,-0.0629407224347971,-0.0154378728000753,-0.4728506011841366,-0.0844756154811668,0.3719090154958622,0.0723045545467558,0.006329439157757,-0.5099358299784771,0.1601268664831566,0.0463123492322568
61.7,0.1888642667987533,-0.1698488636416506,-0.0356192559231199,-0.0028184818538962,-0.4554283425126164,-0.103183886355864,0.4170470122556075,0.0817717552328528,-0.0214418341400809,-0.5004397183582722,0.1320868687520383,0.0715854365627052
61.8,0.1622567766868964,-0.1623697877604616,-0.0005800027981028,0.0072937879824872,-0.4174962368810343,-0.1334542714829832,0.465155430743827,0.0881753113612762,-0.0562310794627666,-0.4791029303615832,0.0963753325592374,0.1032627037875961
61.9,0.1403164177986877,-0.1620214146289739,0.0274374321364614,0.0091857949291664,-0.3875739573835272,-0.1483116083596553,0.4862160100041408,0.0660638046297803,-0.0742196194619549,-0.4564197602464065,0.0688308757048714,0.1176166081445265
62.0,0.1115873346939629,-0.1630433694908147,0.0647155340461462,0.0127009720806074,-0.3460036258129012,-0.1660435870910709,0.4903245853989495,0.0506017267022998,-0.0888557341781041,-0.4193213759000979,0.0283767620879868,0.1406306314569524
62.1,0.1002955100905557,-0.1698110665661682,0.0959288204644689,0.0120644262546285,-0.310720769143919,-0.181903044649243,0.4837284854568912,0.0067999849999448,-0.0956650591253741,-0.3863333218810973,-0.004792738252493,0.1476617025829592
62.2,0.0975441504674142,-0.1715986891419128,0.13361835718977,0.0067865654993769,-0.26908741427876,-0.2123676964965077,,,-0.0986416937463218,-0.342913385291315,-0.0458499405631734,0.1569888821775343
62.3,0.0632725100382244,-0.1872534032723146,0.1649981081000344,0.0036493581627264,-0.2428083008592499,-0.2322688326508794,0.4568686538532857,-0.0423736870736541,-0.0991170649729875,-0.3080750107453898,-0.0792170777545968,0.1495128462056572
62.4,0.0552590443400615,-0.1882440676519685,0.1985074986741198,-0.0044205709098101,-0.2130516915759032,-0.2580042053573075,0.4295892019775905,-0.0693249202229258,-0.0998502089111991,-0.266000190794035,-0.115320760036675,0.1350665735615193
62.5,0.0199300804332546,-0.215597314845661,0.2340201815485498,-0.0173166211073932,-0.1812889956150175,-0.2853591978497942,0.3884126708444658,-0.0631484405529571,-0.097879034720225,-0.2248538000241227,-0.1480212516739493,0.1109516434567427
62.6,0.0018018940964891,-0.2373731330982459,0.2511794808495284,-0.0370466317665228,-0.148605461315963,-0.3107790037117472,0.3440436467542726,-0.0648599868420084,-0.0876992684849682,-0.1830515388084172,-0.1763056277735338,0.0820222976208674
62.7,-0.0092249733747499,-0.257144890600717,0.2456117024241265,-0.0599321611975152,-0.1161824553718515,-0.3361099515311598,0.3311786931317058,-0.0661176325938491,-0.0812542609914016,-0.1375091679054809,-0.1954837146622214,0.0490052680640593
62.8,-0.0134087460891083,-0.2751388773303994,0.2307076886859432,-0.0870207179526387,-0.0911149629157672,-0.3663779728080769,0.3025583325513102,-0.1085167595005085,-0.0777341791125138,-0.0897091579325223,-0.2099303935905925,0.0141153469442946
62.9,-0.0162361300012092,-0.2979088277243512,0.209564471206567,-0.1093645639677715,-0.0789804354303661,-0.3950326472083681,0.3009749308701107,-0.1541007430331192,-0.0709367440666424,-0.040445325938401,-0.2299267707282518,-0.0231243670462435
63.0,-0.0185786202105303,-0.3234447019434462,0.1851032121848262,-0.1351907846706747,-0.0696920082096828,-0.4282883453951114,0.3013727316116228,-0.198533924575319,-0.065238408029758,0.0085329098341187,-0.2420912892808966,-0.0634603038824634
63.1,-0.0216136256880316,-0.3496271376498067,0.161958316448549,-0.1620265815834791,-0.0653552440037497,-0.4609488923286133,0.3096973848249394,-0.2444219269069699,-0.0564419414388498,0.0567219659511151,-0.2413451558564479,-0.101477033217802
63.2,-0.023452176630742,-0.3713795728079788,0.1461306444411696,-0.181310420566634,-0.052051249232293,-0.4843565390900804,0.3182595765604403,-0.2703184092141971,-0.0486767545119335,0.0964427760618669,-0.240356316094264,-0.1335313700079798
63.3,-0.026883729622171,-0.3993506120290625,0.1173526312536333,-0.208443259898513,-0.0283205352418445,-0.5030482604809924,0.3647354557474496,-0.3562083134379053,-0.0317752111688751,0.1445235107478677,-0.2366009139749199,-0.1777388553986444
63.4,-0.0288574249966769,-0.4247381433998281,0.0905069149269403,-0.2295423869373572,0.0034576259638485,-0.510458041153899,0.3563986341152838,-0.3525268658241509,-0.0349063773530259,0.1893150124964774,-0.2237445349595045,-0.2214296447649817
63.5,-0.0247932534647494,-0.4498426365889226,0.0583464313136006,-0.2453022366770046,0.0332244085405063,-0.5091284777535844,0.3572739695967527,-0.3923534064000059,-0.0514617232119737,0.235931955634014,-0.207448991587183,-0.2626811432716385
63.6,-0.0149223571063159,-0.4691217186927126,0.0258972453491343,-0.2574610608875587,0.0817847690064635,-0.4841784713891575,0.3652508720820831,-0.4162371950195017,-0.0707896850268813,0.2809639829151789,-0.1810876750093556,-0.3000576310256428
63.7,-0.0019590480758185,-0.4868861968857585,-0.0062121668493803,-0.2684464332480498,0.0831121262905517,-0.480060818275845,0.3534126193813097,-0.4532960730393139,-0.0856957086892671,0.3257970847335159,-0.1522497318145845,-0.3307613193408749
63.8,0.007488908129795,-0.5008369926154355,-0.0399144030475589,-0.2816561810248871,0.1030690142930432,-0.4519769300149659,0.3253078836243273,-0.4789437420662724,-0.0941334834746879,0.3634381072921221,-0.1235959892497081,-0.3588623176880309
63.9,0.0138531466655139,-0.5014264430234324,-0.0767569003416538,-0.2906511213045614,0.1118383085075663,-0.4245172583451844,0.2842618766782337,-0.4979718551698324,-0.0924214807765129,0.4043609824774489,-0.0970640626639301,-0.3864979629334462
64.0,0.0240276780832083,-0.5013481179081214,-0.1118365945106472,-0.2940534004698113,0.115339903688542,-0.3932004140738944,0.2415660496962945,-0.5047667369557198,-0.0796649505907127,0.4466553763887161,-0.0732106546011007,-0.4142013202769258
64.1,0.0397260953689914,-0.5008103226586901,-0.1448658233219693,-0.2997364649471574,0.1250462158770629,-0.3580330742004085,0.2206183064769825,-0.488810831141634,-0.0494155358698111,0.4829683659452713,-0.0476846444327542,-0.4428312215689761
64.2,0.0509918315724746,-0.4989051406463509,-0.1779082839046442,-0.2961845140831062,0.1379147131155357,-0.3200594646960092,0.1813053484279689,-0.4475973289367848,-0.0203756811841423,0.4976595084877183,-0.0206803252086974,-0.4708418504721509
64.3,0.0713188459642615,-0.4886104829659594,-0.2105410535971515,-0.2825525641115731,0.1540084644201098,-0.2809859709029556,0.1769143904783843,-0.4120574748138064,0.013485917775223,0.4935510076046756,0.0030435290444068,-0.490363735385768
64.4,0.0907970966759944,-0.4717251461482794,-0.2354509395215272,-0.2646757285592443,0.1758017855888605,-0.2441919517040739,0.1817271501796952,-0.3778397482037958,0.050811809704877,0.4742318507107069,0.0303950279556019,-0.4910021880450394
64.5,0.1027275465367509,-0.4556163151313673,-0.2621552960428569,-0.2380947509529485,0.1951679533359438,-0.207463749127929,0.1876756542087547,-0.3432110852295518,0.0853707214744878,0.4438875494569776,0.0651134514199538,-0.4699055987571113
64.6,0.1091584219085718,-0.4417667368120011,-0.2799057573886878,-0.2117585107793712,0.2243769877870463,-0.1753705223654623,0.1973969838175535,-0.3071884152292621,0.1026507240122173,0.4114091622544554,0.0756305731062845,-0.4483718443455702
64.7,0.1165030766463768,-0.4259838495798519,-0.2988352362671657,-0.186637548633951,0.2544193383400148,-0.1497928939552111,0.2100509502527451,-0.2696384500527944,0.1172338943449111,0.3739004588092351,0.0851483360436674,-0.4228197581742655
64.8,0.1232803235074904,-0.4039093161330158,-0.3209990896586346,-0.1605708506298896,0.2845886399914057,-0.1274730094257701,0.2213178384323396,-0.2302167600921396,0.1328284557514748,0.3329980063675147,0.0922727486643022,-0.3899609608985459
64.9,0.1379851317540449,-0.3939612519013946,-0.343918599709008,-0.1274459449403915,0.3249854225175775,-0.1090466246918971,0.2358122314440549,-0.1870579044745342,0.1823973059171771,0.2540431918335977,0.1063295590312813,-0.350499055479165
65.0,0.138932675867306,-0.3727247428210494,-0.3553724226780322,-0.1081944253072365,0.3552416318551754,-0.1020091876510295,0.2572858646894064,-0.1516417822203485,0.1954120104073635,0.2298384743732484,0.1140995582716394,-0.3200822533010339
65.1,0.1464675969506889,-0.3539779044297411,-0.3745684346830346,-0.0773116266442403,0.3828794290760964,-0.0884760783257883,0.2850449529664429,-0.1200589125780228,0.2121761964194989,0.1960235091541187,0.1227372186796769,-0.2877010781569495
65.2,0.1549510781053855,-0.3365818252843454,-0.3886153385940818,-0.0449635994631722,0.41402548619574,-0.0761990829170806,0.3176939336321695,-0.0979563618364645,0.2352549152496554,0.159883723778147,0.1321852402164535,-0.253138065053295
65.3,0.166279991285234,-0.3156942793520699,-0.3952189573114368,-0.0094986889822421,0.4393205467970691,-0.0621405719118988,0.3540477999345554,-0.0758886195834773,0.2621857162752117,0.1256806127537414,0.1354080197733846,-0.2165646015669966
65.4,0.1738045655222894,-0.2928405978556872,-0.3975591280726444,0.020650977319023,,,0.3953690788446219,-0.0560868650515847,0.2918004793481997,0.0911928852022367,0.1314986142006702,-0.1797535256183143
65.5,0.1850448841276726,-0.2687077696638593,-0.3895040255684745,0.0259567601244313,,,0.4357620587752875,-0.0368189575422048,0.3215701373771686,0.0629395476116736,0.1286586091645364,-0.1416725987554697
65.6,0.1925080375514819,-0.2469979631944821,-0.3767599566299979,0.051121997737563,,,0.4529569789771873,-0.0015298836226147,0.3516478474482794,0.0381054046285629,0.1241080324402055,-0.1011685489701715
65.7,0.1912789982194229,-0.2260810001115298,-0.357898628012013,0.0822757815880005,,,0.4383537972980042,0.0381081636949308,0.3834675987188695,0.0158537893324503,0.1189942160037556,-0.0617109281024333
65.8,0.1904636377553344,-0.2041893819516503,-0.3352903174139086,0.1112759049174162,,,0.4197170667237283,0.0759344502067597,0.42010020064944,0.0014833359196079,0.1185108670975055,-0.0240243661875724
65.9,0.1895709311981442,-0.1786082391371924,-0.3087708683774223,0.1363409475870059,0.4758789358134163,0.0848185196133738,0.3982758964226431,0.1072206372840655,0.4559509850756613,-0.0113265796343393,0.1130363191697148,0.0135523871689414
66.0,0.1868266051605757,-0.1537026005268686,-0.2831705527944144,0.157299440612546,0.4552140261556245,0.0923747778079749,0.3710878285055245,0.1250761146829181,0.4638907043490349,-0.0202564817624663,0.0992081488467572,0.0507985297677671
66.1,0.1911407544834454,-0.1383359790190794,-0.2562113175378396,0.1768536393178489,0.4316715255709027,0.1041188609750515,0.3424802886573416,0.1445226584751183,0.4855796006763492,0.0084768301665436,0.0797909433424497,0.0876777416833851
66.2,0.1811932076576799,-0.1218249974176599,-0.2267730360638802,0.1964789432218433,0.4036189526302305,0.1159028219651667,0.3088893840477036,0.1693635296997651,,,0.0563568299043433,0.1223311640593241
66.3,0.1580395496635697,-0.109743980587757,-0.19907356526089,0.2092124661947667,0.3709806740104777,0.1232638003912989,0.2731141092913221,0.1987209993813778,0.4859351239502045,0.0480098207760527,0.0307022849601195,0.1500124187261732
66.4,0.150308706748036,-0.0907474815183293,-0.1698583308992579,0.2195253696984518,0.3361847486696139,0.1288942164453443,0.2417053760841969,0.2312642050094061,0.4822943730055548,0.083659302918036,0.0010295111136191,0.1705926131274213
66.5,0.1243982684499907,-0.0800815521825847,-0.1363874974896618,0.2249834562106742,0.2983516930713575,0.1288915438851874,0.2111947849671696,0.2590014725380392,0.4490875323303011,0.1045683800846362,-0.0356254675726372,0.1867977968857061
66.6,0.1048703644482427,-0.0633529863082613,-0.106545834787146,0.2247164706003856,0.2600055472758535,0.1312722040589999,0.2051771073020607,0.2755285280169937,0.4316480285342468,0.1365577354426977,-0.0705122063460992,0.1868968977818555
66.7,0.0804586341137461,-0.0444090915443877,-0.076656338863612,0.2266698916409535,0.2195102868806475,0.1374068719557768,0.1585876988368821,0.3013073563109007,0.3850306408207944,0.1323184348293822,-0.1048351604855292,0.18496112577276
66.8,0.0677723370554342,-0.0217163813010985,-0.0444483093417312,0.2226666356411586,0.1799636878759702,0.1488808417975636,0.1241677289287401,0.3404235036111526,0.3372165171356143,0.1401949956927905,-0.1399793359786488,0.1971979861198523
66.9,0.0588937775261735,-0.018617058951612,-0.0104584978287106,0.2172054348165317,0.1437294939340392,0.1721318179513655,0.0981392425257482,0.3793609582158659,0.2877624802253242,0.1529430962786947,-0.1728240106020873,0.2145126045659489
67.0,0.0286414404888359,-0.0124223855745419,0.0227578721592924,0.2019773162727057,0.1064985600237266,0.1971543013116377,0.0743742564862783,0.4210505151151283,0.2416723432290428,0.1602248075037786,-0.2083608259972492,0.2302648107106325
67.1,0.0026253074641556,-0.0140537856605897,0.0503359019001766,0.1799578614337287,0.0697032272161625,0.2262092249457346,0.0518514448231681,0.4599204712814122,0.1988451993786859,0.1675573027835705,-0.2492969405742673,0.2345072826060242
67.2,-0.0159581353925658,-0.016379652256609,0.0761122424698103,0.1529082844811325,0.0403258612665563,0.2598375480619769,0.044167066635559,0.4766268629223876,0.1546803377456012,0.1791260950158091,-0.2929096011554433,0.2268334918288987
67.3,-0.0362202073504123,-0.0222248521009698,0.074180229989195,0.1192788484554384,0.0204171120742625,0.291627876664945,0.0086712338527018,0.4913513199166001,0.120139202821573,0.1887056202874305,-0.3343888533049181,0.2010120145026704
67.4,-0.0603216631070369,-0.0252985211117194,0.080870276090311,0.0858237261615717,0.0085393270300007,0.3253355939285834,-0.0309724773988504,0.4825658694762976,0.0838317886724724,0.1866739276226368,-0.359184313234454,0.1706386900414584
67.5,-0.0808128965434596,-0.0283952108375252,0.0835133577194457,0.0526120495756664,0.0033852863677489,0.3644503747463222,-0.0501173857233125,0.4793523571259611,0.0439028898975683,0.1811253996182161,-0.3762248403628038,0.1427784218501202
67.6,-0.1033537569504557,-0.0397026657137943,0.0857905259266276,0.0200245598236156,-0.0022522599559753,0.4048277081238555,-0.0789409575164998,0.4515581986111019,0.0020033280247648,0.1749378447767278,-0.3756502758194099,0.1227191043224563
67.7,-0.1173224019398334,-0.0378521628145136,0.0874222580226802,-0.0137769402769227,-0.0046780501403936,0.4451082538232017,-0.0989435224247031,0.4079165973670382,-0.0407512355599078,0.1648978930339029,-0.3595482712375595,0.091702089800744
67.8,-0.1375499857208991,-0.0645372977239246,0.0844653080320508,-0.0473099102594703,-0.0085234360514021,0.4724146638057344,-0.1097254668736189,0.3634044240985679,-0.0818157404175165,0.1596575628371543,-0.3336262943679131,0.0667676744176203
67.9,-0.1545834799160278,-0.0820631541818663,0.0755979334979377,-0.0781770159014341,-0.0164912101541414,0.4810657274248,-0.1091589827576352,0.3339349551561777,-0.1267344550208497,0.1604620787931702,-0.3028299263903328,0.0413474742642794
68.0,-0.168904589750633,-0.1006553308305206,0.0613711917537994,-0.1083966929733272,-0.0276591064585893,0.4833149886119111,-0.1326578352766335,0.2877622409015219,-0.1720807212852305,0.1656623358309842,-0.2704738974272818,0.018599938396871
68.1,-0.1744636663582371,-0.1182220509435115,0.0470208623483119,-0.1393202712414905,-0.0595436798043139,0.4796505205188749,-0.1477337238818097,0.2386602820857608,-0.22014714267901,0.1575846398926901,-0.2360147919803761,0.0030624060178861
68.2,-0.1763717510373134,-0.138274395789955,0.0397682130751153,-0.174050858943689,-0.0593821052282656,0.4865582500742579,-0.1821734596882643,0.1930294306207464,-0.2693974785917626,0.1405866748913738,-0.1993959252029957,0.0002110649043202
68.3,-0.1796117437671409,-0.1626929961857786,0.0434705435976964,-0.208709109591765,-0.0747584594722691,0.4548598863436924,-0.220744098202159,0.1636683167696763,-0.3171034009598316,0.1264190725825957,-0.1611921049353934,0.0022904230539252
68.4,-0.1833291793205622,-0.1900548360984813,0.0526492957610834,-0.24345553617677,-0.0959656910812822,0.4323610320693073,-0.2477647351623112,0.1525136412567836,-0.3542476697989994,0.1149266954815104,-0.1217820332353355,0.0063819336223207
68.5,-0.185269720631795,-0.2177194000777359,0.0649054361503281,-0.2764639519579356,-0.1070328802027762,0.3872184507909688,-0.2879529122361864,0.109748020585271,-0.3932019294409893,0.1209606902159042,-0.085363343159051,0.0146528173656272
68.6,-0.1843508518865964,-0.2427360719104128,0.0758786159679179,-0.3052522025535468,-0.1090972137198048,0.3482371886101654,-0.3179419414483356,0.0673324597151273,-0.4346140735092819,0.1378513599832054,-0.0496677764121744,0.0215718486265834
68.7,-0.176211536368148,-0.2667703535214653,0.0812265650758422,-0.3353593763043961,-0.1132981847971617,0.3060914312463133,-0.3507648866110275,0.0281348761714039,-0.4715414888301229,0.1632449822364002,-0.0143950001970584,0.0309547636165138
68.8,-0.1644728624826849,-0.2900792948741321,0.0810284864874105,-0.3656237596765779,-0.1200249653047217,0.2622714626059981,-0.3811190220649473,-0.0108601698905175,-0.4925788259373739,0.1934704079138227,0.0217968266815382,0.038957937575247
68.9,-0.149412896254674,-0.3079352167931617,0.0813095984726176,-0.4004018635747813,-0.1270072625596946,0.2192323204914172,-0.4154884444853255,-0.0380658997664782,-0.4992701260059842,0.2224310854920557,0.0613332294766483,0.0506448078747409
69.0,-0.1337938842097513,-0.3170509031044341,0.084842841207445,-0.432938516107158,-0.1369341223729007,0.1783619107128423,-0.4361473650963569,-0.0384425218730823,-0.489679569653392,0.2550321535792313,0.1019360591405928,0.0646889322897064
69.1,-0.1144984785154741,-0.3249525500077179,0.0832545488424387,-0.4593625479157605,-0.1451024485026373,0.1361212155876901,-0.4658767106726995,-0.0316255590898477,-0.4687063060688923,0.2885996042617911,0.1397656582347461,0.0832428223083657
69.2,-0.0949193026191803,-0.3301539721021297,0.0743734699827226,-0.4785936660641168,-0.1496360783249953,0.0903969644343558,-0.474537944420673,-0.0434506991716151,-0.4410818100095167,0.3153065597716223,0.1758007878415069,0.1118391364200887
69.3,-0.0738900451123954,-0.3295753028882502,0.0604264992047327,-0.4941835099636541,-0.1561913045300843,0.0436957875097063,-0.459091583324911,0.0004014523543761,-0.4115877522729409,0.3210656766436765,0.2013459408303422,0.1437806452666982
69.4,-0.0521465888762759,-0.3258214398212224,0.0451304988232458,-0.5019669012498377,-0.1619525483130005,-0.0014557860237189,-0.4531326841887708,0.0228075681874407,-0.3757777484233727,0.3144734294052536,0.2228330266590176,0.1762522034871656
69.5,-0.0256811344140974,-0.3218625145187839,0.0157650640896869,-0.5011637904815714,-0.174793234733638,-0.0415792535852423,-0.4119225591491273,0.0447413896883212,-0.3332556902726634,0.3075015192456861,0.241389503845792,0.2083378795591417
69.6,-0.0016414122311808,-0.3164196040312718,-0.0136866065667238,-0.5103172079417103,-0.1913328711406295,-0.0801071505830069,-0.3676382774342899,0.0355731098333747,-0.2863400606996606,0.3035175002275365,0.2537050596707111,0.242318923032847
69.7,0.0180533742192194,-0.3068786654118401,-0.0362904175980424,-0.4950224860212527,-0.2108506612769838,-0.1154752331791726,-0.3190611362909624,0.0264105146615891,-0.2383791004468879,0.2930808414071534,0.261112774093179,0.2758076433466876
69.8,0.0393298787642202,-0.2919764394040436,-0.0559234003592323,-0.469533888049456,-0.2365090448338251,-0.1516329597278613,-0.2702745721817527,0.0058222490950267,-0.191907516907645,0.2784979893967863,0.2693315115564264,0.3096822997428723
69.9,0.0620785994236932,-0.2788826631540718,-0.0755273889724533,-0.4415691896113421,-0.2595187574891635,-0.1838530528874991,-0.2233381547589676,-0.0160971840609313,-0.1466312998103728,0.2595947977723957,0.2750278853409489,0.3470884183684162
70.0,0.0863236206510655,-0.2641091646675761,-0.0903063371269417,-0.4110105678908175,-0.2823148774072377,-0.2102388484120476,-0.1759617526966322,-0.0324488615011773,-0.1023100114855859,0.2381576233945949,0.2826931138037165,0.3841776113181147
70.1,0.1059301240889339,-0.2480747820736387,-0.1016233774547993,-0.3813876138798381,-0.3095498605087033,-0.2347298113704784,-0.1294427618768322,-0.0383779312360107,-0.0570919621628477,0.2200772468336981,0.2903990413875,0.4216285501909089
70.2,0.1197224775313297,-0.2301509026477788,-0.1145104651546599,-0.3465655893082295,-0.3349029821918889,-0.2591745702938459,-0.0813858140525291,-0.0559425476046603,-0.0151066463627313,0.1979034540591311,0.2912672244680924,0.4626832042660468
70.3,0.1434123106023736,-0.2175604323021749,-0.1190971615736493,-0.3122798159706453,-0.3595386514065137,-0.2855995442923534,-0.0379233245075083,-0.0949061483969479,0.0250069891527317,0.1731424076620939,0.3081184351348726,0.4891317832700783
70.4,0.1457498368392284,-0.191821708866117,-0.1161944466009062,-0.2757943443925067,-0.3869100522738136,-0.3132421023695828,-0.0018264364138075,-0.1343089417596373,0.0605903684361545,0.1406056032759736,0.2955820960140736,0.5120306340754966
70.5,0.1544852694410659,-0.1738142343141812,-0.1055086713540576,-0.2401617525157858,-0.414194880755498,-0.3377586352688139,0.0291109326909905,-0.1693450506023714,0.0905517889910765,0.1041300523042097,0.2856353203480251,0.523004406195203
70.6,0.1588312334129241,-0.1501564454915273,-0.0926961884875457,-0.2127042674756262,-0.433430751533681,-0.3493219303146975,0.0558744101911185,-0.2054266555310598,0.1193973044381334,0.0648986577563358,0.2578119631032101,0.5240236070360332
70.7,0.1614643068021951,-0.126552457567267,-0.0753364292764044,-0.1823342937596565,-0.4401169484548583,-0.3549610790464437,0.0823404615446721,-0.2410822079918247,0.1457759567179715,0.0239288070633661,0.2275343421280623,0.5164022585461593
70.8,0.1595140049985873,-0.1017943057292834,-0.053161386309972,-0.1553619397236109,-0.4320849849842951,-0.3767277569576586,0.0984452704062526,-0.2782478345961542,0.1774815156767103,-0.0142689212074422,0.1990392124296531,0.4847622369500461
70.9,0.1590073385320597,-0.0760809916466274,-0.0284160343649823,-0.1271563042475475,-0.4111661173865339,-0.3980547319990096,0.1154413704148821,-0.3163070483438601,0.2103173491559243,-0.049829672626776,0.1856868825657149,0.4535489466362847
71.0,0.1591904862233779,-0.0710192813969696,-0.0079135400137523,-0.0971931629145943,-0.3910020420837955,-0.4217890342093084,0.1331547887515851,-0.3599733703922193,0.2365238925572346,-0.0860998600026081,0.1698720444971778,0.4523800347263104
71.1,0.1507637858469362,-0.0402193724634016,0.0093471171075179,-0.0660104636428274,-0.3694758139712382,-0.4304444846756193,0.1378843990051979,-0.3792273366796098,0.2641584781083986,-0.1223701600709757,0.1567603694446949,0.4062926091779517
71.2,0.1448038525851325,-0.0090786186724935,0.031310726574439,-0.0363427055739926,-0.334468294021495,-0.4414230980652638,0.1710141234817902,-0.4166827172040466,0.2903741042023969,-0.1579674533145592,0.1596982639765338,0.3743745433434151
71.3,0.1356496634995325,0.0216005792414797,0.0576448885418792,-0.0160374425043776,-0.2980128287834842,-0.4487398398758529,0.2048531852571466,-0.4497017050091515,0.3176847405612108,-0.1935713498478858,0.1556884338098071,0.3357909635668538
71.4,0.1300947732826838,0.0316583000390673,0.0750616769056632,-0.0022455302254842,-0.2626051749022963,-0.4655957190047396,0.2119036207554182,-0.4705455716126444,0.3407621325559823,-0.2213158549831853,0.1511090421787441,0.3020166851250051
71.5,0.1167213312256433,0.0686431237769805,0.0981648882443315,0.0159984180901614,-0.2246532828233226,-0.48614100430107,0.2181620075546688,-0.4906386687073394,0.3646028671261602,-0.2609929806892538,0.1469646981312901,0.2572469107222407
71.6,0.1169959021822465,0.0914351200759819,0.1251976523333283,0.0322513471053254,-0.2023968299128687,-0.4914259161755119,0.2270396982779783,-0.4959661987390312,0.393113704393812,-0.2958744579229087,0.1482569651807679,0.2130757227794341
71.7,0.0881523237275411,0.0966885449349684,0.1533889103219674,0.04692771413381,-0.198050307185769,-0.4893564020237109,0.2269095681439481,-0.490454750984936,0.4220902659427521,-0.3208792976698121,0.1506831376058428,0.1706624118148079
71.8,0.0566308824076098,0.104789475023981,0.185495632824627,0.0574243231241912,-0.1634942369796971,-0.4675441140441865,0.2321320553893555,-0.4714323807089314,0.4407050315537818,-0.3235935265656487,0.1546750591012361,0.1319477141886547
71.9,0.037907208537542,0.1055063915904985,0.220895912664321,0.0536938365120148,-0.1589206502799373,-0.4380911110141624,0.2512483452988441,-0.446448941990515,,,0.1588262915195716,0.1023625935596787
72.0,0.0279713833614866,0.1111978020589278,0.2560490701839334,0.061278102832376,-0.1503779955377916,-0.4058984323783827,0.2742599279623442,-0.4241057569577789,0.4717951463890433,-0.2927076016201275,0.1685293744650984,0.0692545712799092
72.1,0.0066680141717343,0.1093367729578167,0.2908078018541842,0.0690194622623637,-0.1499271650718899,-0.3650154368564779,0.2854713430116539,-0.4203548481328142,0.4865245474018153,-0.2476941664495979,0.1843459399069196,0.0356201530627858
72.2,-0.0158111512682604,0.1042462248859444,0.3259435533553725,0.0682730436940528,-0.1480638297301124,-0.3249499499035816,0.3266420459025803,-0.4012593410993686,0.4855347342132928,-0.2022916818473832,0.2075854064691032,0.0027398162067406
72.3,-0.0466610165926486,0.0772058120630225,0.3611514891988908,0.0664914029322004,-0.1375066713736215,-0.2886685994857917,0.3369420069280598,-0.4069724755145486,0.4691100412849984,-0.187982887872531,0.2348395217792188,-0.0286527646996485
72.4,-0.0659944267263884,0.0616632747619479,0.3961516161205197,0.0604272372161625,-0.1121274869608686,-0.2561927224872366,0.3572317752142138,-0.4119988401817623,0.4438233097168466,-0.1592132673222784,0.2624226707176091,-0.0564082077185151
72.5,-0.079852723563019,0.047987870866545,0.4284576727887204,0.0480147509963158,-0.0852527415070651,-0.2289950229448283,0.364221458803755,-0.4095460087103689,0.416855461871524,-0.1493112020888737,0.291057066007121,-0.0793294544716419
72.6,-0.0865951488510138,0.0299991210502682,0.4611249859617206,0.0297538516502912,-0.058383986466213,-0.2086130656383249,0.3657655787212472,-0.4285901543594391,0.382996722555867,-0.1472155362309508,0.3231612929561677,-0.1016231570103849
72.7,-0.0826890776581048,0.0270867348615164,0.4770499420772532,0.0135401886998563,-0.0295120994345556,-0.1931953819521168,0.364221458803755,-0.4399137004210484,0.3477320309169044,-0.1557724995878381,0.3485819887708631,-0.1203170292044849
72.8,-0.0978754228596961,-0.0066324825663485,0.478998195654251,-0.0035149843287035,0.0034528160093444,-0.182916161846783,0.3221007307232896,-0.4763578846400046,0.3117687004281612,-0.1670004266921904,0.3703489187938033,-0.143301180806093
72.9,-0.0996780920802358,-0.0342754569224101,0.4734244863750813,-0.0165375780289215,0.0376741643776006,-0.1704841037919252,0.3116282442171722,-0.4920510319843717,0.2805040858769627,-0.1643493584568714,0.3944624373845484,-0.1683807278112242
73.0,-0.0971691154695129,-0.0612910493773207,0.4635551524881089,-0.0350167694878264,0.0730019231675614,-0.1577561674884703,0.2610323092557902,-0.4862372979458138,0.2531061279638356,-0.1404699909929832,0.4211644963872084,-0.193414985170489
73.1,-0.0891713213356368,-0.0839170474493347,0.4440120193757568,-0.0543487859300914,0.1095314683599896,-0.1405053306401266,0.2155703450903983,-0.4595730785746265,0.2326424506800053,-0.1112996854031491,0.449280447708747,-0.2111389162435845
73.2,-0.0788989760514922,-0.102803924226631,0.4178381066745179,-0.0724322797670908,0.1462096887581843,-0.1257216929126244,0.1877551644739648,-0.429469197046296,0.2151156245891923,-0.0775283122383578,0.4689361995428455,-0.2272869446796489
73.3,-0.0638427198618017,-0.1230297687189184,0.3917253306623499,-0.0754424354158408,0.1803860470299178,-0.1192270360133197,0.1748608862552976,-0.418296021576158,0.2036985551093029,-0.0434628239969033,0.4739346386878548,-0.2420801043908353
73.4,-0.0493033098131418,-0.1467277394849573,0.3604385932448372,-0.074642553469682,0.2162679690388532,-0.1194405401301039,0.162403502893505,-0.3713073298756827,0.1948376971518408,-0.0039760965202754,0.4706338780358491,-0.2583393011120952
73.5,-0.0373385836255026,-0.1687179494469819,0.3281327125878276,-0.0701848938238283,0.2562424672743604,-0.1246733834692963,0.1567720942145317,-0.3316354509785971,0.1823712605722948,0.0381035389330547,0.4672258144565077,-0.2747398625945859
73.6,-0.0259548221446941,-0.1867677347549874,0.29413673482399,-0.0666131277371659,0.300210594510408,-0.1303621988845638,0.1664809719729075,-0.2951291738081946,0.160574865069619,0.0802123117052182,0.4560702925850352,-0.2943868902927947
73.7,-0.0021862215837401,-0.1983327041975604,0.2603862665865386,-0.058928177874839,0.3442286381726961,-0.1352492918436401,0.1582298337145245,-0.2534770634560945,0.1303872337156209,0.1191354498486679,0.4434387847654928,-0.3090783745557994
73.8,0.0205810708542136,-0.2068742552236273,0.2291483915876386,-0.050369292341457,0.3848002715394788,-0.1444432584068206,0.1734687490356825,-0.2123822405827972,0.0992829955138348,0.1546024120448818,0.4279087379415233,-0.3284382632153359
73.9,0.0445217062508543,-0.2158666585172157,0.1996106093634321,-0.0403002940282606,0.4218044222507185,-0.1606104115821918,0.1995153342712561,-0.1846192073956751,0.0716172651253769,0.1875134713407399,0.4087310857180128,-0.3349123117230932
74.0,0.0675452641967555,-0.2148695675414573,0.1699071373482039,-0.0274906566756794,0.4576790308618362,-0.1768714427355917,0.2088698997462207,-0.1453808876813824,0.046262911502224,0.2218447241549868,0.3883421869260004,-0.3402476993672958
74.1,0.0932492424171466,-0.2119381457799367,0.1362760790500039,-0.0153102615117994,0.4795938252271559,-0.2008383738410699,0.2239276668046961,-0.1049551078052588,0.0163895045447547,0.257138920571857,0.3618092870481943,-0.3581326742484746
74.2,0.1148658816962842,-0.2053503136158572,0.1022870386269321,-0.0050792798237147,0.4831702586074519,-0.2368238932724473,0.2394684093675179,-0.0634543045621729,-0.0124191953305083,0.2921124184100871,0.3327536132324794,-0.3783736811559271
74.3,0.1334261600505115,-0.1943835315171904,0.0695898336346906,0.0046465507718836,0.4778980965391312,-0.267284770121417,0.2549749746411834,-0.0375775287711537,-0.041024909680832,0.3269371303202893,0.3040745300712197,-0.401879834539469
74.4,0.1520953018140976,-0.1798324848115868,0.0375481765286894,0.0155745046885876,0.4637677449927252,-0.2995690929498308,0.2846999184932028,0.0089441672656601,-0.0705842952377083,0.3567612102792445,0.2775821583510756,-0.4249010090278462
74.5,0.1733845150290631,-0.1653373872628929,0.005639966954346,0.0289573337768084,0.4345719267500106,-0.3267633957873812,0.3163537413614975,0.0243516881049328,-0.0905345352122195,0.3865567544466267,0.2555275935857983,-0.4483606746648559
74.6,0.1890803978887741,-0.154625506126324,-0.0271179546319285,0.0400646595667645,0.4047898305745925,-0.3472544654501338,0.3589523343914708,0.0615453456855683,-0.0934922981260337,0.4131971105396858,0.2375749858662928,-0.4737713958268655
74.7,0.2102355089003857,-0.1390204570795428,-0.0579256528237042,0.0518556441366536,0.3702352657581362,-0.3583171298263111,0.3997473859470696,0.0931765597177105,-0.0767729316728729,0.4405150007189271,0.2354453928470793,-0.4874731452353756
74.8,0.2278241994252793,-0.1341779567575973,-0.0869510514144101,0.0690807679172695,0.3318494866740534,-0.3613165846107508,0.4190971051023232,0.1018906697342672,-0.0537510020325969,0.4730594737912847,0.2512443358590826,-0.4961123155907022
74.9,0.2351265222948441,-0.1069598954159371,-0.1132664139313765,0.088288669371092,0.2932511725691339,-0.3561513609350102,0.4285597886992624,0.0979547375053933,-0.0242293332975266,0.4926068988465187,0.2776420350751931,-0.5001885872022142
75.0,0.2519520736645513,-0.0843420693371164,-0.1431149757842481,0.1068007693971435,0.2559079690449575,-0.3487939646746568,0.4679641746089405,0.0699838777084279,0.0074214434584657,0.5006266139216331,0.3108938140715415,-0.4905546341670372
75.1,0.2685546514711285,-0.0604573471425112,-0.173220780947762,0.1298366295215365,0.2175811497786709,-0.3410597281170398,0.4866038851284706,0.0417653965740424,0.0395234133031149,0.493281870782914,0.3379728150753289,-0.4714237897942628
75.2,0.2791391115495737,-0.0363384770542002,-0.1953536018343604,0.1529673989512634,0.1791893440823006,-0.3325994756087813,0.484826755964323,0.0102540638903179,0.0694959877929222,0.4622723668335318,0.3516157831409847,-0.4445783259425717
75.3,0.2837966184612179,-0.0105971165879632,-0.2115092198124448,0.1778301614823471,0.1406274195101277,-0.3272543303545053,0.4672465122498708,-0.0317856493398938,0.0861263782465937,0.4315800417921416,0.3616983257426735,-0.4187107805797029
75.4,0.2770081594748289,0.0109404122547471,-0.2280580113534331,0.2076283902626965,0.1039549448395063,-0.3231029320865067,0.4289108602797327,-0.075755282165777,0.0942332719417829,0.394779557173475,0.3733516797132478,-0.3903210266105121
75.5,0.2628566761595768,0.0247922798386305,-0.2367718676914982,0.238582803758331,0.0646390293919135,-0.3159305715653644,0.4296975612700461,-0.0689727525224451,0.1056259805325427,0.3625757148324194,0.3720734239728892,-0.3610578029642136
75.6,0.2483215388978568,0.0346182183239687,-0.2465696054436059,0.2691512172705828,0.0252732773373491,-0.3031926885736582,0.4078631638402444,-0.0792668853057263,0.096162241127113,0.3169571334272475,0.3808734375627927,-0.3291973175396159
75.7,0.2324158890037561,0.041963758819186,-0.2523970949147878,0.2755285280169937,-0.0104263333677414,-0.2943335868913954,0.3580811603261086,-0.0639444267840454,0.094515179881788,0.2680775366690949,0.3950144983620769,-0.2953319416716986
75.8,0.2146471440451561,0.0482988871457515,-0.253968798253457,0.3197855756271732,-0.0463691152428257,-0.2836564707123865,0.321949629266951,-0.0243023030921489,0.0816475139026865,0.2187201656203679,0.4057848793232095,-0.2574453529072698
75.9,0.1937524791019517,0.052470031478266,-0.2501558467492744,0.3589036620095088,-0.0811920366818083,-0.2719384860134261,0.3194419811964819,0.0089104889300111,0.0600058952141139,0.1714660175050726,0.4110272822613078,-0.217459774271523
76.0,0.17109888152895,0.0546571123087656,-0.2382265246708716,0.3928610146533633,-0.1159384850545541,-0.2566430794604959,0.282902553655826,0.0495754759839666,0.0338518474284791,0.1269411206020749,0.3985726014641836,-0.1745495929239477
76.1,0.1470217921049136,0.0623882844023613,-0.228205882874077,0.4016316546121882,-0.1510286002668283,-0.2374129559288551,0.2823831031766696,0.0830282449696356,-0.0013079965020521,0.0893593323372999,0.3710284731216167,-0.1353694857854784
76.2,0.1285849841033501,0.0634993881449246,-0.2261269597757463,0.4316636913183038,-0.1864010673520633,-0.2187154458815686,0.2710595571150603,0.1159694698761354,-0.0368047866966036,0.0523062921733233,0.3435175057246136,-0.1074135853094752
76.3,0.1167097924206638,0.0734577239381325,-0.2370783200169352,0.4515461310752194,-0.2196921045307975,-0.1936603295019733,0.2604222865723365,0.1610850694150559,-0.0678845942415399,0.0173117046462277,0.314519887238297,-0.0847493809705577
76.4,0.0934311765053667,0.069450907715323,-0.2572400355416411,0.4646804912649976,-0.2451736724027544,-0.1665723144867391,0.2656108555871492,0.2020599915827079,-0.0913421522214789,-0.0201221027783567,0.2844787470894891,-0.0692788459314985
76.5,0.0680108853621965,0.0492227115309131,-0.2696138932378819,0.467151867180562,-0.2663189690103167,-0.1363553425401075,0.2714092936775693,0.2455633632933527,-0.1039680253641499,-0.0624262889108247,0.2549201216193528,-0.0545947024855693
76.6,0.0465167801153708,0.0430174156333781,-0.2866055376862536,0.4685826151694041,-0.2848865002714951,-0.1044836406500347,0.2777840871994039,0.2917821028061438,-0.1089444762027899,-0.1053050835621912,0.2225149058857481,-0.0429693884100064
76.7,0.0459487768750958,0.0456591158110867,-0.3009376690808686,0.466750191592015,-0.2973277052194332,-0.0677514926020648,0.2895962049014254,0.336268236704228,-0.1097539572183662,-0.1526649854826284,0.1855674917074579,-0.0366741280036828
76.8,0.0265739035121322,0.0408223005581827,-0.3095295318619983,0.4669993977860237,-0.3047347908531615,-0.0294486375263389,0.3062487307096583,0.3815116645028191,-0.1020516506551357,-0.1984743070335984,0.1463468883898643,-0.0384832331326772
76.9,-0.0078303258870036,0.0123354553396557,-0.3492373006794975,0.4444665269335588,-0.307888953146552,0.0075725321622657,0.3241674783408071,0.4272150255626379,-0.0947337520716956,-0.2442683906559812,0.1077186189784364,-0.0466096369710421
77.0,-0.0310664331705708,-1.789971917079229e-05,-0.3596685804733388,0.4298749021946689,-0.3036816911729043,0.0429826185648149,0.3357845162824348,0.4690034318860823,-0.0916885252797964,-0.2908584703609085,0.0710168094262313,-0.0619915969514908
77.1,-0.0468826932775969,-0.0148250927662025,-0.3746128368601022,0.3991506062910252,-0.2967141244451363,0.0813784823586318,0.3246301068072009,0.5013648643543129,-0.0921993391796726,-0.338463147559933,0.034553699044375,-0.0814305583138138
77.2,-0.0617806209236666,-0.030469310819499,-0.381122867108951,0.3629871166686964,-0.2870981263304294,0.1221568847054709,0.3061887335887383,0.5136952260509975,-0.0919901383973355,-0.3854766354393154,-0.0023314583234943,-0.1051280357771944
77.3,-0.0741728359598077,-0.0438029855891493,-0.3815867468807867,0.3323306856861111,-0.2792695742521914,0.1535724929039983,0.2822553796773215,0.5159889850695702,-0.0935674553444407,-0.423767496960644,-0.0251663466619165,-0.1270634646295287
77.4,-0.086273309794708,-0.0651288737693516,-0.3901108627743344,0.287814629569991,-0.2571049502170883,0.1908938224671772,0.2465934303099514,0.5142648771992486,-0.0698380428086824,-0.4661053537898922,-0.058405543053116,-0.16094007258601
77.5,-0.0900370466849366,-0.0887439304513019,-0.3839797793821329,0.2453774471353657,-0.2296825852972706,0.2259479308397851,0.2081718187906939,0.491830421906677,-0.0365235604777352,-0.5056331769895833,-0.0788789514291435,-0.194817385057346
77.6,-0.0965730229890456,-0.1150802087685418,-0.3669628793443791,0.2060215193709661,-0.1994162959708025,0.2543970523552113,0.184885085504163,0.4612652547021434,-0.0018069248263646,-0.5087274917955877,-0.092087743016342,-0.2276216734718202
77.7,-0.100444323261657,-0.1404493004235253,-0.3434520716451503,0.1720350090364491,-0.1675768806516542,0.2756353338913748,0.1825300151788421,0.4577346782810707,0.0356344744419802,-0.5062202117529918,-0.1018635373011601,-0.2605946402709032
77.8,-0.099157316151715,-0.1615022187980164,-0.3251263606142673,0.1404028707612528,-0.135572776292053,0.291080763418875,0.1589673241946249,0.3762653016521021,0.068386426747562,-0.4850160627449749,-0.1062404672032542,-0.2978433958534869
77.9,-0.0935340994985327,-0.1805460567904132,-0.3118288622789946,0.1098542394685344,-0.1014708874363727,0.3027001405725071,0.1755594166941632,0.3723227879877891,0.1035091963272384,-0.4534132540897289,-0.1051581722169324,-0.3388053893574712
78.0,-0.0856030200549726,-0.2012070616949152,-0.301194427554192,0.0771799726375155,-0.0648516621216174,0.3097043278421379,0.1660594027255922,0.3285433118508918,0.1162745735156213,-0.425421197908646,-0.0952198040100116,-0.3810428263865002
78.1,-0.0761111322518999,-0.2212040600570819,-0.2956521716235828,0.0433136041032844,-0.0260803789648573,0.3125295273785867,0.1450250580717543,0.2869207016304916,0.1325964736576436,-0.3908818026046092,-0.0703053239038584,-0.4195744927504181
78.2,-0.0667101233306893,-0.2425937142424176,-0.2949075703612281,0.0082906944887588,0.0153267424857387,0.3146719322314787,0.1115770261004086,0.2416591031281165,0.1546210437454206,-0.3535825168886911,-0.0378178535345164,-0.4442683894866076
78.3,-0.0692015641109844,-0.2550739678532488,-0.2886531681766056,-0.0265573994783499,0.0549536100100403,0.316518362691755,0.0826197375544408,0.1960129510692128,0.1722194791693344,-0.3141922813334511,-5.059662354775794e-05,-0.4605041016998066
78.4,-0.0403182291580274,-0.2743212081636891,-0.2802255156834051,-0.0600882803093987,0.0941678211802972,0.3149804318873912,0.0638054397378862,0.1557494847946393,0.1922889528274578,-0.2743862544601845,0.0406831207767207,-0.4646694805983325
78.5,-0.0234557189913313,-0.2928792684832182,-0.2729153750022552,-0.0933920908361363,0.1322530136243686,0.3025264355395977,0.0498705772319836,0.110592322674695,0.2117139519345588,-0.2365954369863419,0.0813914528168451,-0.4601763230849647
78.6,-0.0057395619878593,-0.3053385803255174,-0.2679081492213168,-0.1255074442926332,0.166279870149287,0.2812770747645602,0.0330791312935669,0.0655857778299641,0.2295417998534648,-0.1936220334574881,0.109484966214212,-0.4383698099759767
78.7,0.0156740564486377,-0.3194360500348393,-0.2521312642570871,-0.1584091445028306,0.1972981536702615,0.2526171391861104,0.0138393793135085,0.0217613768798653,0.2386980432058799,-0.1443889692140569,0.1239721030919209,-0.4147899183094397
78.8,0.0359897670301731,-0.3336829478169123,-0.2459813778939033,-0.1913572820942969,0.2206711173154427,0.2199556030909471,0.0065003445847339,-0.0178542563065199,0.2211330131161465,-0.0927563272248707,0.1437262096918065,-0.3880283927750201
78.9,0.0563147717143253,-0.3441918398394858,-0.2563314863806915,-0.2199403602484013,0.2414865743328849,0.1850870844471091,-0.0010665114611584,-0.0650394118420072,0.1904409002510847,-0.0420673043864679,0.1685645188834868,-0.3644930248852105
79.0,0.0760158921680072,-0.3475402684673095,-0.2779851396224292,-0.24612862099569,0.2713484738697665,0.149900031666158,-0.0120703459590942,-0.1116696197939347,0.1514655886699786,-0.0026317845162269,0.1980353522527252,-0.3399419573101427
79.1,0.0994403402755807,-0.3486715257717442,-0.3032312637564919,-0.2633700177986252,0.3004832188576269,0.1151403922035206,-0.0236832244257568,-0.1556721897012248,0.1107204840673987,0.0197980178386443,0.2255623703403608,-0.3164362899751635
79.2,0.1226555605404445,-0.3465025419217023,-0.3350476217604474,-0.2753452497722008,0.3278489606000194,0.0824156032678221,-0.0203875428315971,-0.1990655837922125,0.0675236237733034,0.040026072227835,0.2498840530147615,-0.2923208177534476
79.3,0.1471157306327971,-0.3398085471855482,-0.3644376662144033,-0.2852438706943963,0.3530546228851707,0.0513878529317852,-0.0263816840416281,-0.244571995927077,0.022939282783266,0.0465672185076215,0.2728893913805402,-0.2659088406833757
79.4,0.1732291225307753,-0.3298214154881264,-0.3958278937480597,-0.2919679723642556,0.3739812615017403,0.0170168800174649,-0.0286569783515,-0.2908832525324238,-0.0219981493310866,0.0501725035049619,0.292917114671413,-0.2356728636183138
79.5,0.1963263471251422,-0.3184203481122646,-0.4121892617932762,-0.3080605229299113,0.3876861633707775,-0.0183352905487293,-0.0318372071613034,-0.3371892615493938,-0.0693609564539777,0.0600240869860375,0.3012316305510285,-0.2004603207367682
79.6,0.2108348737944184,-0.3036714495633797,-0.4068393635251328,-0.3280084909961657,0.3984169358094893,-0.0523142412382987,-0.0374544133086311,-0.3816856008261124,-0.1166791286007902,0.0749036605200401,0.3043265348945194,-0.163794678371822
79.7,0.2223239766534824,-0.3069666035508379,-0.3917719111525808,-0.3520710500499624,0.4073469740710999,-0.0637915842305718,-0.0448514369583217,-0.4294034178680396,-0.1651963364449829,0.0794252984954872,0.3041936124491986,-0.1251249668339871
79.8,0.2263043068135692,-0.2757185742666245,-0.3725858742370251,-0.383020695253059,0.4225188123787431,-0.0662204508993192,-0.0454605161308758,-0.4537127403186374,-0.2132608940650408,0.0780635901006728,0.2961736694121161,-0.084331775877066
79.9,0.2396555893708636,-0.2645483445292213,-0.3464454358153761,-0.3964408031405773,0.4376905017419479,-0.0644651555647831,-0.0254009089585318,-0.4859273871006338,-0.2608140294342773,0.0673545615798471,0.2739095473993395,-0.040487720263406
80.0,0.240496189012998,-0.2344780475884743,-0.3106258130113973,-0.3989900605597181,,,0.0002431006575587,-0.4970703004452102,-0.3099310760485803,0.0479460594683151,0.2467625487825361,-0.010706004719604
80.1,0.2458307232435952,-0.2055595286551801,-0.2801747202485082,-0.4168030852194367,,,0.0266910414485653,-0.5013321762651941,-0.3593805855538347,0.0241301191516927,0.2188961815481609,0.0067589820781999
80.2,0.2422019971808132,-0.1798736895208675,-0.2570025086488128,-0.4339058689085213,,,0.0588546370124585,-0.4920408139097432,-0.4061350378928703,3.1059883397984503e-06,0.1860832113274345,0.0166501517263298
80.3,0.2500497223011826,-0.1636681961977019,-0.2344737111184715,-0.4616103415929848,,,0.0969124467448566,-0.4645896448768259,-0.4532632547907406,-0.0204567556768386,0.1514586278804085,0.0224482636014939
80.4,0.2272320350526066,-0.1445350239493541,-0.2147167338589025,-0.4857375278914725,,,0.1007495685447026,-0.4356078131070631,-0.4759144573758699,-0.0487954319453406,0.1166116467139631,0.024744500595698
80.5,0.2141682149680957,-0.1225241625734965,-0.1981298064254254,-0.4886815583966113,0.4729393066994679,0.0801597898345901,0.0972040707674809,-0.4002021825962031,-0.4714058979149353,-0.0849328538382531,0.0796234629859421,0.0248877219920116
80.6,0.1999352807401452,-0.1074273372607345,-0.1917030769923005,-0.4729171464122019,0.4501285029425245,0.1011116048922662,0.0940322779783085,-0.3643166707861334,-0.4504608527833148,-0.1244824464813835,0.0395746605576842,0.0189249987004131
80.7,0.1796409764978377,-0.0945127599818316,-0.1864497641938776,-0.4633562690278751,0.4198421430495687,0.1210334679579373,0.0988520598969665,-0.3272358386640498,-0.4217924662357202,-0.1356620628694256,0.0010656191038597,-0.006047346870215
80.8,0.1851035483746624,-0.0816778795628632,-0.1807665497976441,-0.4427171574290343,0.3869682195536326,0.1274546675411815,0.0781998647827071,-0.288420054637077,-0.3879220936729996,-0.1424937403534729,-0.0328661348673305,-0.0328305768254308
80.9,0.1514097535065325,-0.0749323488822101,-0.1768305477022997,-0.422843225555555,0.3528872636392666,0.1331245829977907,0.0766072014806502,-0.2531933822994142,-0.3483532437289699,-0.1517433629574067,-0.0551681579583765,-0.0594915980956502
81.0,0.1254946761123446,-0.0623523258024959,-0.1737600502499942,-0.4020221185461197,0.3150155387950963,0.1444446995960361,0.0641474881711085,-0.2232222053329795,-0.3042757755787663,-0.1558828617976402,-0.0750972555268158,-0.091245669145912
81.1,0.1243614630439394,-0.0530808323061831,-0.1641228079737234,-0.3658537100186251,0.2795078860951829,0.1591157238656999,0.0711493532624394,-0.1751411860402576,-0.2560585610068256,-0.1618258162277329,-0.0904218047755252,-0.1288892836190764
81.2,0.0903883719073047,-0.0388724612791824,-0.1423831473598419,-0.3402897335777505,0.2450579290578303,0.1838484780037302,0.0844203697675949,-0.1291343363081417,-0.2087887613995256,-0.172462681990491,-0.0985195990335159,-0.1677076311840989
