frame_number,timestamp,center_x_1,center_y_1,tracked_1,center_x_2,center_y_2,tracked_2,center_x_3,center_y_3,tracked_3,center_x_4,center_y_4,tracked_4,center_x_5,center_y_5,tracked_5,center_x_6,center_y_6,tracked_6,center_x_7,center_y_7,tracked_7
3,0.1,-0.046066162981638036,0.10932282796348858,True,-0.021970610505379642,0.08617715004385844,True,0.03696789756481659,0.12986743144196938,True,0.03586521399946662,0.07858535693650355,True,0.08857892910679332,0.08592008145129656,True,0.11572123208799376,0.03454982860077232,True,0.1314176315383887,-0.0028856703533083785,True
6,0.2,-0.04754139275860741,0.1076388476052208,True,-0.03975462538814291,0.07638720956380599,True,0.034800313574623536,0.12711718587016096,True,0.018284214878201407,0.08334593857145915,True,0.07987249573096625,0.08309632785841399,True,0.10193739880886399,0.05063576610522311,True,0.12236051525483582,0.008743087992011317,True
9,0.3,-0.047294754614256675,0.10690841791160469,True,-0.02629184068887656,0.06519201355456326,True,0.036890179210395495,0.11884603583153573,True,0.013327497535701319,0.08453777985603769,True,0.07456253616486014,0.08124632513821851,True,0.09929643158379682,0.05868754421807191,True,0.12457902864096117,0.025376673799268192,True
12,0.4,-0.04689832338429687,0.10510587442824715,True,-0.023409580376994706,0.04620102239790126,True,0.0337565365910576,0.11459443973003022,True,-0.006127096592541936,0.08227898757179501,True,0.0789259803733991,0.0896266776451229,True,0.09283123872962362,0.06411043191848106,True,0.1286690279117464,0.02151454118662157,True
15,0.5,-0.04341876893715048,0.10528210622984319,True,-0.025411467043437733,0.035675234166542176,True,0.030214467567153774,0.11349750414867256,True,-0.0012746758493831416,0.07125100090221893,True,0.07555676951244122,0.0951959689116389,True,0.09093625894663843,0.06400340818933133,True,0.13122503662125268,0.01773577028737672,True
18,0.6,-0.05114549429533105,0.09289225957282957,True,0.002784751876425047,0.002976631918234274,True,0.016805782294198244,0.10996306284565784,True,-0.013227757003962013,0.05008686009215242,True,0.07560964793436543,0.09252264095241791,True,0.1002732846196495,0.051888317512423475,True,0.12168367218302922,0.002888299763206422,True
21,0.7,-0.02704795642045608,0.10738815894273039,True,0.021941543759655707,-0.014766016471535614,True,0.01139493969808553,0.10148634639656819,True,-0.03746866079651325,0.03205135167604724,True,0.08183536648626037,0.08661136780431145,True,0.10085747838750195,0.046915326887200084,True,0.12920845390871863,0.001990021108057874,True
24,0.8,-0.01490876032794631,0.11477238298676898,True,0.06459320414964383,-0.029992073717917882,True,-0.007601534521503415,0.0841101183733193,True,-0.05069955133376029,0.024634626257455848,True,0.09287882929485042,0.07831515858820351,True,0.10183023844266116,0.042350779553961194,True,0.12309213862234232,-0.009892138408440049,True
27,0.9,-0.0010819111686409596,0.11391890265285745,True,0.09775864870318692,-0.030207215646457387,True,-0.02780742735844356,0.06989785845785369,True,-0.05575011210405149,0.018264478472832746,True,0.10012254417695161,0.07243649640239799,True,0.09999845016104836,0.032425737363778295,True,0.11823887704415625,-0.0225082169524338,True
30,1.0,0.019052382837205926,0.11543922918058791,True,0.0722805533510424,-0.044554575678012784,True,-0.05212696401086739,0.05671491256793616,True,-0.05838957342340144,0.009061516229575345,True,0.10043636206842411,0.06835069551425796,True,0.11528753885629148,0.02499884591924183,True,0.11313502436456475,-0.024891429433041453,True
33,1.1,0.04138306170765491,0.11336290923639715,True,0.04563246280692429,-0.08050014522049422,True,-0.06226530871147541,0.04213291753847569,True,-0.059150680739378306,-0.018366640960845726,True,0.10738284586088952,0.07582235202133879,True,0.11419287341116123,0.010245983701657553,True,0.09046024488047784,-0.02785012962383548,True
36,1.2,0.04190189056914267,0.11056096519158608,True,0.030757190357955395,-0.07932657988238671,True,-0.06748607398741158,0.022038275468690117,True,-0.05818554614852644,-0.050151574128475256,True,0.12257398339361726,0.03884282460839768,True,0.10921129327878094,-0.01408404186189656,True,0.06134368775666792,-0.014797133663241096,True
39,1.3,0.07522784195419856,0.08975505416428649,True,0.04150039604788995,-0.10020731857276942,True,-0.0728651614214714,0.0028318452187217212,True,-0.04808655480195641,-0.07310708465747871,True,0.12540390918660288,0.0023370583833439386,True,0.09236139696402819,-0.04484533218784074,True,0.037748984326946323,0.00917731962014197,True
42,1.4,0.10399610407256879,0.06649951297718473,True,0.0006447885217371135,-0.0599250252369802,True,-0.07089203628644503,-0.020286028194977244,True,-0.029124634951517757,-0.09092251601650923,True,0.11542155518939826,-0.02911154461894863,True,0.07225211040973703,-0.06610581181804115,True,0.02306256972004309,0.040828675198087465,True
45,1.5,0.11039637332176398,0.04643805230699707,True,0.00913314702991246,-0.04703968246421052,True,-0.06714794162645685,-0.04275638505570103,True,-0.012969590266705635,-0.09990326867983712,True,0.0996565010253224,-0.05491223311094297,True,0.053196568270144025,-0.08318753251791149,True,0.0041804503306872715,0.07539962045171607,True
48,1.6,0.12078255243441212,0.02146008614947708,True,-0.025523186313953936,-0.024565392485387774,True,-0.06431340255560893,-0.05488408849075375,True,-0.004869470877724289,-0.09592578118302349,True,0.08988282012931151,-0.0477072413780354,True,0.04713241814088122,-0.08449651115828546,True,-0.005211078811061431,0.08755473449719404,True
51,1.7,0.12036890572917615,0.003262123268615203,True,-0.032450428108762405,-0.007179889789802306,True,-0.06619025563242506,-0.0609728114538918,True,0.0004545696203063858,-0.09396882240098364,True,0.08495219447824248,-0.06227035982494739,True,0.046310126915569294,-0.08909877757038814,True,-0.009288601865166297,0.08433734738179634,True
54,1.8,0.11561815208751447,-0.0111630699973872,True,-0.047562234907462385,0.01312005394317431,True,-0.060159806716905795,-0.06887625266899304,True,3.264325321491637e-05,-0.08876396613140841,True,0.07692291505589398,-0.08736817800206827,True,0.03300496073398324,-0.0883552310933026,True,-0.02633050757353083,0.06742872422962257,True
57,1.9,0.11627901639701044,-0.03216439736555579,True,-0.04239678613585168,0.004792835816698633,True,-0.0576917563314437,-0.07237103449101717,True,-0.002787314938732543,-0.08656169721058363,True,0.06823704315523607,-0.10047999814463424,True,0.03156187279340483,-0.09560277414799519,True,-0.04222784295787394,0.05963296604431359,True
60,2.0,0.11492841604982361,-0.050675273717673545,True,-0.04462718157222923,-0.01828317850582331,True,-0.05879757216118857,-0.07416918941324518,True,-0.006839343423571896,-0.08377075415470137,True,0.06065424912145797,-0.10688763079797615,True,0.024108218843692766,-0.09002378088378032,True,-0.041232991992223744,0.060096044735851895,True
63,2.1,0.10939690696516607,-0.05805036639460773,True,-0.04852889454382354,-0.018499118647541595,True,-0.06305122711035203,-0.07163740564387434,True,-0.0154161258261119,-0.08040972382648225,True,0.055761176022073713,-0.11411230665993419,True,0.015521448189081284,-0.0884062377115787,True,-0.03315746914911548,0.06268218630136553,True
66,2.2,0.10394386813701188,-0.06516312167684818,True,-0.056293865393281274,-0.0024130571315981947,True,-0.05773199078548558,-0.07399423060369431,True,-0.01667546137982712,-0.07293692107638296,True,0.06385545603541264,-0.10254357565833676,True,0.011449338053112,-0.09036969671738898,True,-0.023578424066849627,0.047451146622199396,True
69,2.3,0.10103640075867343,-0.06975496483546108,True,-0.04900846491535744,0.011659775612375241,True,-0.05062740788794493,-0.07928333233143939,True,-0.019025479927912595,-0.05748511210857997,True,0.06505729343043105,-0.09846810032919406,True,0.011225715738449193,-0.09787656228290419,True,-0.0025319928287691456,0.027334056234524454,True
72,2.4,0.09569959004577334,-0.08199372227325936,True,-0.041760712443508485,0.04441973034809576,True,-0.06008234668377964,-0.07865770157094205,True,-0.01884581355800165,-0.053160528436268215,True,0.048872041981680305,-0.09801763439598676,True,0.0006524010674231444,-0.08632988195303837,True,-0.002403573644827429,0.004396570582928844,True
75,2.5,0.09287752695664435,-0.0791554227251428,True,-0.03469301972149553,0.05792868901100389,True,-0.05399394305201656,-0.07107813971257845,True,-0.01521493372431329,-0.04890146253068034,True,0.02389667910189091,-0.1167262857818715,True,-0.0014260480662883267,-0.093097826728692,True,-0.022680084380757026,0.003521808434098376,True
78,2.6,0.08281603218180351,-0.0872088902656773,True,-0.0109856345718961,0.07487521153913433,True,-0.05670305043189845,-0.0672015868484171,True,-0.01404746744998776,-0.0475759825779141,True,0.026204836697908306,-0.10950045075844071,True,0.0015894974635175124,-0.08512062047496384,True,-0.05013917791834226,0.011309773877868695,True
81,2.7,0.08651636048937345,-0.07536228999041784,True,0.02142683712049165,0.09229296447458868,True,-0.06360446200835666,-0.07024582871125896,True,-0.013302740031018829,-0.04468759445205625,True,0.011867866088611727,-0.1124036551422897,True,-0.004332460838559974,-0.09027605007670522,True,-0.06439161895874998,0.0051240712809773855,True
84,2.8,0.060661026897231324,-0.10033643945578177,True,0.05160341412970945,0.08370148994069401,True,-0.06389042651157185,-0.07241404352279034,True,-0.0219032653054245,-0.04761847017274986,True,0.014053109560713943,-0.10590747158271367,True,-0.008942197595117145,-0.08839710109989568,True,-0.0759295037535586,0.00392632632315648,True
87,2.9,0.06872436695017776,-0.11567007693029234,True,0.1696938832011527,0.03618695180083313,True,-0.05916893593105185,-0.09004210329380158,True,-0.026919558835523945,-0.054522985890244555,True,0.023349810498068946,-0.10576711827136613,True,-0.004293671941658998,-0.09790854126786332,True,-0.07656483621157237,-0.0123926230400095,True
90,3.0,0.0691656409293674,-0.11484659911650742,True,0.16958576032870756,0.03600038948027802,True,-0.058020184664504926,-0.09119912460458617,True,-0.02690028344689328,-0.05463277716991284,True,0.021766396142565782,-0.10996800897419308,True,-0.003638663901351739,-0.09689800023259827,True,-0.07641858921827573,-0.014544505759499367,True
93,3.1,0.07102917617751513,-0.12193483905337751,True,0.15972201664865343,0.04803594803211673,True,-0.04988828931671269,-0.09501193243755389,True,-0.021007726987483145,-0.0598575384490463,True,0.026696614279764122,-0.1162893280789379,True,0.002477104575004132,-0.10432971973384428,True,-0.06735608756030134,-0.02015385319302245,True
96,3.2,0.07515624490449116,-0.1348572756062457,True,0.18264791899318839,0.018961282145599702,True,-0.04189627060290997,-0.10504074557183386,True,-0.02005227065105467,-0.06474975009702312,True,0.040751095226249694,-0.11293142691781838,True,0.015328249515579722,-0.1111243815399096,True,-0.0594967587721881,-0.03318697347995521,True
99,3.3,0.09591298542726022,-0.1481330045469391,True,0.16757578884636248,0.020363187476355144,True,-0.021979756305554866,-0.11478834134489402,True,-0.0014946030050661053,-0.07351748265372732,True,0.05940323567098758,-0.10716704747624864,True,0.031511061609588574,-0.11791763599267623,True,-0.04273605392056381,-0.04265835013482257,True
102,3.4,0.0856235546073401,-0.15074816475100297,True,0.16163435536944573,0.027335556871420075,True,-0.024886608895987018,-0.11215589551649321,True,0.009966336953139867,-0.08146952203446878,True,0.05460948461410336,-0.13066186296484542,True,0.028289062230417716,-0.12419392014724193,True,-0.036769091380712354,-0.04850392496889324,True
105,3.5,0.06726405457535262,-0.14815325597332396,True,0.16341412254370674,0.017804441401384548,True,-0.03936701196373388,-0.09887130857429015,True,0.017991395288643085,-0.06885419443871578,True,0.03978470725067646,-0.13221192482670444,True,0.015616396938254277,-0.11405024882856757,True,-0.037696765416724495,-0.04615118128995775,True
108,3.6,0.05903419753453496,-0.14016403681714348,True,0.15931045201976943,0.014767971185422517,True,-0.060661245489998204,-0.08089573010345992,True,0.0007104830144115043,-0.05989422912085233,True,0.021791231201315608,-0.12899293264920425,True,-0.0025796854781840553,-0.10528968356551914,True,-0.05076317869754462,-0.03137033147872562,True
111,3.7,0.04963746035401345,-0.12666174087691195,True,0.14343820779176564,0.002488574533305537,True,-0.0732235323943771,-0.052407687202593034,True,-0.014598600923861458,-0.04633705898563572,True,0.03338089881507687,-0.10474960466339227,True,-0.015873177019140986,-0.08659942078398673,True,-0.053537128968344165,-0.0034483631323474033,True
114,3.8,0.027414580293005843,-0.12710339608495963,True,0.15816410058024155,-0.016395877305580533,True,-0.0828037082942263,-0.03213979502745898,True,-0.025500428684774683,-0.02679224689003461,True,0.011493543647735666,-0.10895324646523179,True,-0.022262224940107957,-0.05180964392426152,True,-0.04758007704734065,0.019264014002977756,True
117,3.9,0.004984701250349684,-0.13093588256973823,True,0.16225117227506464,-0.02342181612329946,True,-0.09682205290269706,-0.03434937859973005,True,-0.04117907235198627,-0.012072224715163005,True,-0.009354500108420092,-0.1081558932469833,True,-0.05133910470927785,-0.06428514886129748,True,-0.044048073414866905,0.04619401400388398,True
120,4.0,-0.009497617886556358,-0.1318659546949886,True,0.1809387138194268,-0.032407586528883786,True,-0.1178970813794209,-0.06129241169937609,True,-0.06695606163751298,0.000707749860830622,True,-0.04667846663966694,-0.12051654903824648,True,-0.07323989203955704,-0.06788354639129815,True,-0.04032860714026328,0.07702559166464774,True
123,4.1,-0.043279268832699364,-0.14836314224701183,True,0.3339729320890324,-0.06812178448061208,True,-0.13249537780621787,-0.08270799840204018,True,-0.10173606480226884,0.020338289149590634,True,-0.08719474513052744,-0.13361427444181626,True,-0.10676391080837527,-0.10185688603016808,True,-0.04136384746958414,0.1175468851241671,True
126,4.2,-0.0663916145133044,-0.16417769592529743,True,0.012331622952032908,-0.2268749716364628,True,-0.16104886182096037,-0.0984839164723363,True,-0.13604286101901428,0.03886161721662132,True,-0.12217631520628085,-0.14241326298422227,True,-0.13811402095809353,-0.12355156186184152,True,-0.04393509773189498,0.1608557312392768,True
129,4.3,-0.08375685215111442,-0.18537154873072037,True,-0.011570639877720092,-0.2521048418224644,True,-0.1886049686318858,-0.10698505754062733,True,-0.17106552355435403,0.059731518300401375,True,-0.16164477513120085,-0.17583578101446104,True,-0.16892828385257738,-0.13438736631100454,True,-0.054462897730816785,0.20301850732217383,True
132,4.4,-0.09323651635294843,-0.2078431848635249,True,-0.03549472414483226,-0.2806775954655479,True,-0.22056602158295563,-0.11077575454233214,True,-0.204892737770774,0.0866166699398578,True,-0.20139078063804167,-0.19654413223982609,True,-0.20258917854128136,-0.14195443878016745,True,-0.07581172461585112,0.24214268601367217,True
135,4.5,-0.1000943473017642,-0.23184286588749578,True,-0.054351308655940296,-0.3086394027155748,True,-0.254252301262544,-0.10907233914914084,True,-0.22778933753425598,0.1151866182714367,True,-0.23949829177877996,-0.22290564423776493,True,-0.2354296070983476,-0.1503678409173125,True,-0.09260013643141626,0.2786384531378908,True
138,4.6,-0.10484105165441192,-0.25583610804771223,True,-0.08279420653435135,-0.3521609189608289,True,-0.28576306017042646,-0.09971725094268265,True,-0.2471778462671968,0.14700300360275959,True,-0.2759709189413498,-0.2538280788406964,True,-0.2692589496402604,-0.17148236580147785,True,-0.1107200460490381,0.31760633529343457,True
141,4.7,-0.1088733544694864,-0.2802634656755382,True,-0.08577405882490835,-0.37991966401083116,True,-0.3146969358465487,-0.0791503424347284,True,-0.26158174894253755,0.1847296398717045,True,-0.3110426036260586,-0.2863092080567052,True,-0.30629263451942934,-0.19266136542696155,True,-0.12865680289119444,0.35427287468009827,True
144,4.8,-0.11556855413942335,-0.30511798483320746,True,-0.10036683115226595,-0.4224242327743763,True,-0.33451799057199577,-0.054600170744863785,True,-0.27067440605322524,0.22627998591078596,True,-0.3436290684354968,-0.3136242230208264,True,-0.33902344612871343,-0.2198157664182428,True,-0.15896046116222898,0.3809245110395258,True
147,4.9,-0.12170520156134454,-0.32646810417424316,True,-0.09018225664092316,-0.4513884747219997,True,-0.3504161184787104,-0.034833925339441116,True,-0.2804642445377452,0.2687448553586362,True,-0.3768310769420296,-0.33495646343778196,True,-0.36850205455469043,-0.25043419627444574,True,-0.18858366081206918,0.40858467129325327,True
150,5.0,-0.13001528082374184,-0.3504345494810841,True,-0.05317241867835088,-0.48456649993074946,True,-0.3719311182864199,-0.0018333664001149515,True,-0.2837789141971535,0.31243033222372774,True,-0.4080719122157098,-0.35089127284242394,True,-0.4020231738116075,-0.28056391860600405,True,-0.21644590847467657,0.43733899878199545,True
153,5.1,-0.14381758092644684,-0.36925008843807344,True,-0.007549709880723121,-0.49860885095744517,True,-0.3829156834384716,0.020825190187046268,True,-0.2808951716500238,0.35567804243609175,True,-0.4294490333556201,-0.36013597733882685,True,-0.4323629861916352,-0.3082502815586213,True,-0.24440059255055238,0.4584018059731768,True
156,5.2,-0.15719004658011232,-0.3894533956216727,True,0.030989259147965333,-0.4900199509540577,True,-0.3954322566088567,0.02372343913398577,True,-0.27802636216732235,0.39774890554026415,True,-0.4356325888552132,-0.367235591727532,True,-0.4566166164335004,-0.31724770776177924,True,-0.2765792505336951,0.47355389921053004,True
159,5.3,-0.17213806125721795,-0.40522240714316266,True,0.06971011932331991,-0.4604758447740891,True,-0.41546128042812613,0.0173160791970185,True,-0.2611421390055253,0.4278331745825812,True,-0.4430812882146328,-0.37998544724386585,True,-0.4561715666880169,-0.3178329881364038,True,-0.29836875077013725,0.46868867485331767,True
162,5.4,-0.19315888802708295,-0.41668424304494883,True,0.08123389151123057,-0.42705257642875055,True,-0.4326953190935553,0.005427440314647695,True,-0.23175779860451348,0.4488858300093567,True,-0.4483008257389439,-0.38773589035280354,True,-0.4369639884004851,-0.3060759686155587,True,-0.3191124603148107,0.4489613659377886,True
165,5.5,-0.21741567190213204,-0.4253217544415346,True,0.0893634304686164,-0.39259645087328154,True,-0.44657078387918103,-0.013223910024528067,True,-0.2272572459044689,0.4469911061160712,True,-0.4560830728066067,-0.3707738636039146,True,-0.43408853853970064,-0.3081488007950493,True,-0.3485977012552203,0.4269328156099491,True
168,5.6,-0.2422777762165189,-0.43797443405932013,True,0.09973764915687292,-0.3486991601569618,True,-0.45816746198578256,-0.03863209739230271,True,-0.2009240242205101,0.4362249606150028,True,-0.4478924804052815,-0.36955085186332554,True,-0.3501400385535816,-0.30175307400343415,True,-0.3470099791291259,0.4344209185109348,True
171,5.7,-0.26500796882127164,-0.4536502630466701,True,0.1108495681172334,-0.30888662061256345,True,-0.4613973992542578,-0.058124621097324816,True,-0.18720092062067362,0.4170958574357877,True,-0.47320624311616916,-0.3369723725882366,True,-0.3175239115766742,-0.3029334999717028,True,-0.3598793940515813,0.40835215419725324,True
174,5.8,-0.28550533824938573,-0.4655165636764409,True,0.12006983310824908,-0.2652748005687523,True,-0.4494950564551339,-0.0840922464485807,True,-0.1671585560350429,0.3823214905486006,True,-0.46249054108557264,-0.30366840205032597,True,-0.28138577956211897,-0.3070619288890817,True,-0.3689481241314959,0.3715427623310559,True
177,5.9,-0.30936769375455975,-0.4736904060214349,True,0.12818871098222046,-0.2486771686340769,True,-0.43087644424716603,-0.11542449684359743,True,-0.15601853987377126,0.337952233420396,True,-0.4383421184815924,-0.2593785203558577,True,-0.24287381385870538,-0.3108657840273076,True,-0.37173282578958383,0.32775737787112047,True
180,6.0,-0.33515222943730166,-0.47991803975521413,True,0.12755528082941234,-0.16495493326568433,True,-0.41278573905053406,-0.12545035939250257,True,-0.1410162623113882,0.29228859716916,True,-0.40379463598703685,-0.23053750979143772,True,-0.20683149032687673,-0.3146745979566213,True,-0.3658793424998328,0.2842344845733762,True
183,6.1,-0.3442309966007775,-0.47686183278277167,True,0.1300144754005091,-0.13033106335283842,True,-0.38509305998302756,-0.14013123984147544,True,-0.13080311042208814,0.24810948146188896,True,-0.3733414543496728,-0.23010340195071402,True,-0.17117170530322395,-0.31766394309930845,True,-0.3488326734724382,0.24004427985402363,True
186,6.2,-0.34833724696721025,-0.4725939771593615,True,0.12763325271046203,-0.11439738468633852,True,-0.35427355931197846,-0.15674970185660428,True,-0.12839369871512357,0.20236633110217492,True,-0.3396895349288046,-0.23177267130501156,True,-0.13404254683205497,-0.33022399665253005,True,-0.3323004921001727,0.19592518402932774,True
189,6.3,-0.3527045523618027,-0.46592062975694465,True,NaN,NaN,False,-0.3225381056156651,-0.17051029989436262,True,-0.1319044678920904,0.1566184760055192,True,-0.30533552029990874,-0.23474742007777008,True,-0.09565218486204193,-0.3424776413238808,True,-0.3071588055772212,0.1538376531997313,True
192,6.4,-0.3553237084354451,-0.4611358585552263,True,NaN,NaN,False,-0.29090994100831663,-0.1903205566545487,True,-0.14138074230877493,0.11294443962841683,True,-0.2645815822861902,-0.23775662891255098,True,-0.056629287629138894,-0.3578440821265043,True,-0.27507716885591954,0.11553372932024415,True
195,6.5,-0.3554694527858293,-0.4602169794502329,True,NaN,NaN,False,-0.2650473405371924,-0.20637838634755226,True,-0.15648859599691559,0.07014824397303784,True,-0.2247333566458957,-0.24910190622655778,True,-0.016583734941535595,-0.37777978972127707,True,-0.24087932721814512,0.08825073473975838,True
198,6.6,-0.3562232671774293,-0.45826689746890614,True,NaN,NaN,False,-0.23390737092333574,-0.2210606492619223,True,-0.15313895735287608,0.02712353811272507,True,-0.17937688716314149,-0.2560099212418339,True,0.019409273965287348,-0.40751270030987397,True,-0.21256777620318465,0.06307608958069746,True
201,6.7,-0.35559995715752785,-0.45808890015576514,True,NaN,NaN,False,-0.20113951065183003,-0.2321363744403244,True,-0.15383977558572004,-0.015389277494474019,True,-0.1332066344552755,-0.2646826049761887,True,0.0470929802749715,-0.4388192593439765,True,-0.19081874100979793,0.03572608220145958,True
204,6.8,-0.35357706237469844,-0.4597165350741403,True,NaN,NaN,False,-0.16979908690537907,-0.24048179716737023,True,-0.1748459596438062,-0.05835509200167548,True,-0.08727961848994496,-0.2627181882828095,True,0.05109074314909136,-0.4481869453345947,True,-0.1786952285390638,0.006951526138610606,True
207,6.9,-0.3551109225671698,-0.4589488323481037,True,NaN,NaN,False,-0.13870419456938365,-0.24698913217113613,True,-0.2057441151530064,-0.08477587331375014,True,-0.039845213756635744,-0.254440878687077,True,0.052786798331415294,-0.45099360098594016,True,-0.17586318973042597,-0.02356106053935121,True
210,7.0,-0.35325041461678197,-0.458744030407429,True,NaN,NaN,False,-0.10631298432148543,-0.2570937895894281,True,-0.24565386546721582,-0.08437753063083463,True,0.008184839040179935,-0.24715346452562764,True,0.06317448109981211,-0.44631365051540295,True,-0.1789210596849738,-0.06084190311375748,True
213,7.1,-0.3543609255671639,-0.4582041410631421,True,NaN,NaN,False,-0.07570811712111428,-0.27221167893684023,True,-0.2850821724685264,-0.06931623726181534,True,0.05637849736116227,-0.24000956033340728,True,0.073788938112108,-0.43691216838483676,True,-0.18277429656979013,-0.09837516867304692,True
216,7.2,-0.3548084621173332,-0.45631251125961475,True,NaN,NaN,False,-0.046333788472472555,-0.2905551920381687,True,-0.3237096240990485,-0.04398060571152976,True,0.10290915507236596,-0.23067448667245521,True,0.08502859980243321,-0.4170858879785845,True,-0.1849802969058136,-0.13710082899766957,True
219,7.3,-0.3560468220075934,-0.4553257431424564,True,NaN,NaN,False,-0.018301867476096186,-0.31125148463717695,True,-0.35911986240603216,-0.015001750573538345,True,0.14547500349998166,-0.226796154249992,True,0.09078355674784862,-0.38980026889243824,True,-0.1803374670510337,-0.17882590598353723,True
222,7.4,-0.35445615413292775,-0.4545865107617246,True,NaN,NaN,False,0.005934373774810636,-0.33420392780797104,True,-0.3900226253597411,0.014787060794482597,True,0.19014389081749988,-0.219700315022479,True,0.08962407243367512,-0.3570506602692103,True,-0.15916667708256804,-0.22314978989673356,True
225,7.5,-0.35561139859931895,-0.453538361774335,True,NaN,NaN,False,0.03135135287087978,-0.3587131170087823,True,-0.4168431295921751,0.01797698807878126,True,0.23403765514691202,-0.21539511471672607,True,0.0868925410339916,-0.3219964869267211,True,-0.1287748331390209,-0.2631201776386747,True
228,7.6,-0.35418284663921995,-0.4554097325071632,True,NaN,NaN,False,0.05378260011164322,-0.3822510210699746,True,-0.4431174537763647,0.01587673446711315,True,0.27591556085438235,-0.2135050833348859,True,0.08055321239420743,-0.28128580671286585,True,-0.09160083858370004,-0.29115909188055294,True
231,7.7,-0.3547556619617739,-0.45575869759257026,True,NaN,NaN,False,0.07173411837667451,-0.4077920429468998,True,-0.441004506138892,-0.005157610625589954,True,0.320190233138879,-0.21357580175639965,True,0.06783792873983929,-0.23852321282071984,True,-0.05196339666190013,-0.30683285432373386,True
234,7.8,-0.35500361643783823,-0.456077450099309,True,NaN,NaN,False,0.07156080154720827,-0.42956038129155816,True,-0.4476939026430942,-0.037186592818912935,True,0.36802323276468324,-0.21741932892446017,True,0.05252773928496875,-0.1975949420484402,True,-0.012837699324666113,-0.3192384592358726,True
237,7.9,-0.3539559037995633,-0.4575443661886818,True,NaN,NaN,False,0.06903338413694389,-0.45492698189830466,True,-0.4514108522603141,-0.07430348930046671,True,0.41666308945704544,-0.20771124738278643,True,0.035564607902857814,-0.15611249533151816,True,0.02662524582027841,-0.3287494740860803,True
240,8.0,-0.35511096874920983,-0.4582119284497971,True,NaN,NaN,False,0.049139989885217436,-0.47789732449564865,True,-0.44161072423295245,-0.10351085010810122,True,0.44924774969593306,-0.20342425789986332,True,0.01637330828135228,-0.11449171999501219,True,0.06837177794197079,-0.3296851823861641,True
243,8.1,-0.3549065474927804,-0.45972702588829994,True,NaN,NaN,False,0.02823395381651173,-0.4922927891840922,True,-0.42090377332136364,-0.13369689806920326,True,0.44943721529906283,-0.20519976200135112,True,-0.007955291422557732,-0.07768347506165835,True,0.11014348280170547,-0.32788721784954317,True
246,8.2,-0.35538394720530936,-0.46158440276077545,True,NaN,NaN,False,0.021645821399699547,-0.49734705878517627,True,-0.4004219214000356,-0.14569708639060616,True,0.46358992042055147,-0.2412748165472964,True,-0.031512144278656604,-0.04714662764937704,True,0.1504099572382296,-0.3202910686603646,True
249,8.3,-0.35550585571916477,-0.46193869491056416,True,NaN,NaN,False,-0.011714281020765206,-0.5070377011297788,True,-0.364918421302813,-0.161470318766816,True,0.46448249947114206,-0.2614286885260391,True,-0.05155471153812913,-0.014558929823731566,True,0.19329790613754724,-0.3045354876212199,True
252,8.4,-0.3553587035981681,-0.46220797690525495,True,NaN,NaN,False,-0.04384487064268222,-0.5030880955266642,True,-0.3265370949467099,-0.16428587732344505,True,0.43424607157002737,-0.28900661578613834,True,-0.0687473091615672,0.021543093121368827,True,0.2319160547927323,-0.28388560472153707,True
255,8.5,-0.3550638534293203,-0.46214672191465517,True,NaN,NaN,False,-0.06990612468953458,-0.48655570271045595,True,-0.2851527558969968,-0.16514173369993715,True,0.42958920197759054,-0.31638410702167424,True,-0.07570182187998918,0.06220285742924621,True,0.2668113311554012,-0.2587312028685491,True
258,8.6,-0.3560832441687879,-0.461332910917592,True,NaN,NaN,False,-0.08887741492890831,-0.46431182277616384,True,-0.24189770621147474,-0.16528911361373597,True,0.3554924349019355,-0.3214017414688355,True,-0.08624214222474384,0.10360601970024053,True,0.29779276788460207,-0.23037839140958144,True
261,8.7,-0.35560832903953254,-0.46071046355607653,True,NaN,NaN,False,-0.09507363126726835,-0.4571715595520626,True,-0.21355480676265426,-0.16923115661033156,True,0.34253729296388746,-0.326764835061828,True,-0.09800105182199485,0.12955501871140054,True,0.30802431493763316,-0.21225790579401763,True
264,8.8,-0.3560224948990228,-0.4610105031978807,True,NaN,NaN,False,-0.09836502036150398,-0.4177079615357238,True,-0.1303751550137141,-0.20272036678635172,True,0.31154981272929955,-0.3213236947680705,True,-0.104307180279339,0.17613741677327835,True,0.3377375643638112,-0.17184963405867518,True
267,8.9,-0.3552249949856123,-0.46128258936679845,True,-0.16888248430158329,0.014003174824094041,True,-0.08789630960711378,-0.3787427959973199,True,-0.09949247258961784,-0.22227607985772924,True,0.277236036785029,-0.3369723725882366,True,-0.11401486146960921,0.2207234492990926,True,0.35063621135633766,-0.140766529121375,True
270,9.0,-0.3536911469380191,-0.46161968070956655,True,-0.16763549061181113,-0.017063285400967573,True,-0.07128463492592217,-0.3434946068928392,True,-0.07163894859634826,-0.2506174077662197,True,0.23672944127748277,-0.34109002570154906,True,-0.12677525774227963,0.2628039040254984,True,0.3494098048755751,-0.10732019224892812,True
273,9.1,-0.3555050554694911,-0.4626943679667529,True,-0.14997047372114003,-0.05439842768716816,True,-0.043557904909546835,-0.32628742231128494,True,-0.04819151336118697,-0.26199723964014077,True,0.19848592099292797,-0.33388413275325224,True,-0.13581388755986415,0.3035459414339171,True,0.3299305587101139,-0.07391776714249684,True
276,9.2,-0.3546217685188186,-0.4636432505129311,True,-0.1529035184699034,-0.10028420421181462,True,-0.012455796321326205,-0.328960711442472,True,-0.01677454218649641,-0.27632870916521374,True,0.1580799958449925,-0.33797270639542554,True,-0.14531933275993655,0.3465839318336629,True,0.31571586215088016,-0.039621686023306006,True
279,9.3,-0.35605929772604034,-0.46289710563966896,True,-0.15008598544214058,-0.1481344905773066,True,0.01154514375722101,-0.34455149156141834,True,0.02393402672415347,-0.2958284694512554,True,0.11599449672690336,-0.3448396358954593,True,-0.16699799825849268,0.3896890121126906,True,0.29258852141573344,-0.003906779254153854,True
282,9.4,-0.35647134700141714,-0.4632638576782932,True,-0.14212362533539363,-0.19522086930298516,True,0.013952469680555484,-0.36863293970964656,True,0.0684903254390553,-0.3068909864455922,True,0.09575091016737595,-0.3471839785686138,True,-0.1960643309434459,0.4323262844455985,True,0.2650260653187754,0.028392131080195965,True
285,9.5,-0.3560031032252006,-0.46366690545198447,True,-0.13089533986031401,-0.24054763894466494,True,0.0012758339071079663,-0.39486277066264214,True,0.11323403886872772,-0.3127553756291862,True,0.05682129396691245,-0.37248180088808014,True,-0.22613151521113406,0.4629828852056886,True,0.23765675095854866,0.05365007895001907,True
288,9.6,-0.3551478390427991,-0.4644881119900708,True,-0.12938220815457768,-0.2899624995445859,True,-0.009161426117279272,-0.42634390161868146,True,0.15599991561604754,-0.32476575141041447,True,0.03935584999038881,-0.4015770823265211,True,-0.2613394677659195,0.47292807452232594,True,0.20988063570946047,0.07760787672712871,True
291,9.7,-0.3561744171184751,-0.4633761678748888,True,NaN,NaN,False,-0.02155116724970729,-0.45480187300397495,True,0.19486874448917035,-0.34985022597489923,True,0.028130878734733328,-0.4393179064727365,True,-0.29591766280677223,0.4702097651461431,True,0.17917409088442432,0.10020034695866653,True
294,9.8,-0.35386119497263785,-0.4641897108735756,True,NaN,NaN,False,-0.03851491610676073,-0.4815119268971282,True,0.22929146645476076,-0.3846566124149729,True,0.023282446169128234,-0.451980156389024,True,-0.32707497288526727,0.4483937620089472,True,0.14652935995572752,0.11959525316362554,True
297,9.9,-0.35625165131991815,-0.4639720972462881,True,NaN,NaN,False,-0.03809392788792675,-0.48773183148188365,True,0.2637789435144735,-0.4212781131883614,True,0.01705724051713783,-0.4798166031137192,True,-0.3542266269846894,0.42025579670146895,True,0.11356143228609669,0.1390521336448784,True
300,10.0,-0.35597545737862274,-0.46421438827219497,True,NaN,NaN,False,-0.0521318866439483,-0.4812187979511881,True,0.28697820868438484,-0.44856789885800247,True,0.0023149111732599626,-0.4981496853477013,True,-0.3694455903583192,0.39349048526229474,True,0.08019174140480502,0.15809912794915332,True
303,10.1,-0.35713619936509744,-0.46405940974243726,True,NaN,NaN,False,-0.0728484395875326,-0.4662751000390433,True,0.29455660541253087,-0.4349342587969516,True,-0.02083057795487756,-0.5068255635123761,True,-0.3857778148856254,0.38616228741223757,True,0.045571630941923034,0.1748813314062624,True
306,10.2,-0.35597695935980067,-0.464820383042357,True,NaN,NaN,False,-0.08404984758673652,-0.43995434697501373,True,0.27882340223563046,-0.45860255433731834,True,-0.06882468971861788,-0.4924232217742992,True,-0.374808220221433,0.34667426830144515,True,0.007283374880652925,0.18383557245991747,True
309,10.3,-0.35474555081118564,-0.46537695398094503,True,NaN,NaN,False,-0.08871075605441685,-0.419488363574797,True,0.2445294024175031,-0.4724678687914026,True,-0.06942668327740666,-0.48459959500301886,True,-0.3798793085050759,0.30958184606195405,True,-0.03836713985721499,0.18961015182879723,True
312,10.4,-0.3563278234956747,-0.4658850153701757,True,NaN,NaN,False,-0.09893132803617853,-0.39063685673263293,True,0.20961334049522004,-0.4611020663762783,True,-0.10703739300212659,-0.44545173026796747,True,-0.39050546792035107,0.27187144202968877,True,-0.08426081827985978,0.18345547596853062,True
315,10.5,-0.35687619730111914,-0.4649634076669274,True,0.10201096507513144,-0.35132196286972345,True,-0.10323593713743875,-0.3520952215755735,True,0.1797143416675531,-0.42952850090481165,True,-0.09541156996974977,-0.4352813406685719,True,-0.40692959016062874,0.237217872643246,True,-0.1267631730717798,0.16210677732245124,True
318,10.6,-0.355590775528211,-0.46504571153786345,True,0.1140740321700223,-0.3194723468566586,True,-0.12764222451600013,-0.32294070420962206,True,0.1570554774098698,-0.39717857398777173,True,-0.09085151604470357,-0.39405417026257783,True,-0.41793618734549653,0.19701710816917706,True,-0.1582718032472836,0.13290591338710014,True
321,10.7,-0.35759256593262473,-0.46429403402526365,True,0.11793433196375273,-0.29422312672433276,True,-0.15403806283597987,-0.2990597483289846,True,0.13749402803336275,-0.3635759555820131,True,-0.06864682473321869,-0.36579594438142393,True,-0.4312727534415844,0.1664266608991262,True,-0.18140130592581935,0.10230554832704508,True
324,10.8,-0.35776003949901214,-0.4642499661509783,True,0.12194315407127178,-0.24672714185480496,True,-0.17742561116103822,-0.27588343861727543,True,0.1290346660506892,-0.33070415960770333,True,-0.05564895628413104,-0.32307393705507803,True,-0.4304754906369454,0.14544419529797536,True,-0.20790525626412582,0.07175104737060613,True
327,10.9,-0.35793756323890064,-0.4647251521974502,True,0.13547724991526103,-0.20525536927449303,True,-0.1907115097803944,-0.25894100343894993,True,0.1248474212403485,-0.3020651415126901,True,-0.031587946713406444,-0.3019723211250806,True,-0.4194195135504755,0.13234961458455216,True,-0.224712023985501,0.046924413905224206,True
330,11.0,-0.35571383273109974,-0.4643265778839348,True,0.15125760232646263,-0.15973890723149328,True,-0.20599189755698424,-0.22743950439625213,True,0.1286066506239295,-0.2614010654171726,True,-0.01700459193709147,-0.25413965538943284,True,-0.39345867935032686,0.11889462142241126,True,-0.2488354824346067,0.009844768412700253,True
333,11.1,-0.3555583565072793,-0.4648023308696547,True,0.16798597827079667,-0.1113789546887921,True,-0.21517575786727483,-0.19630107430342814,True,0.14718319042985983,-0.22228997247144555,True,0.015584616820385625,-0.21292879241912382,True,-0.3619478187499298,0.11218279328131252,True,-0.26178629241692836,-0.027833571721252972,True
336,11.2,-0.35683075116889806,-0.4643915226294861,True,0.1835714683785543,-0.06507482797438996,True,-0.21564461587664044,-0.16277139587678383,True,0.17869014025174515,-0.18980303854725605,True,0.043960676879756355,-0.17231146448462975,True,-0.32602526023433703,0.11174524380885163,True,-0.2618892072036104,-0.06941454575710869,True
339,11.3,-0.3570834709253003,-0.4639324261013977,True,0.19948972697577536,-0.026238084846933518,True,-0.18935061810296505,-0.14534787951851008,True,0.21173506963868785,-0.16606395931360454,True,0.06696908592550685,-0.13143667946599852,True,-0.29099941202320445,0.10286487544408539,True,-0.25377732814120285,-0.1047277593808799,True
342,11.4,-0.35793237108855575,-0.46530083166381514,True,0.21505759456710957,0.009197220482422174,True,-0.156468843474344,-0.13121915678916435,True,0.24689832510350507,-0.14686366473796322,True,0.08716814923121274,-0.0865752004292826,True,-0.25283676218766715,0.086104506689814,True,-0.22757930805208693,-0.12407554419336812,True
345,11.5,-0.3574882024469386,-0.4648928792036088,True,0.23914774548688866,0.05008702006313583,True,-0.12112881854570497,-0.11508726314311152,True,0.2865605454450365,-0.13254675263600416,True,0.10059807652645404,-0.04442306208382385,True,-0.21439305070095507,0.06528757184881881,True,-0.18901654012901453,-0.12452766067940158,True
348,11.6,-0.3567216782562023,-0.46319295101616925,True,0.27063798786774507,0.08575373917320912,True,-0.08932426410816159,-0.09356472912494891,True,0.32652044898212085,-0.1269488542261021,True,0.10976193432635908,0.0025166886790620184,True,-0.17791034348415358,0.04353141160600286,True,-0.15345350292461069,-0.10026735945589338,True
351,11.7,-0.35528908475806936,-0.4654429269068589,True,0.29988312890824764,0.1247194827419244,True,-0.06109195258091976,-0.07529355752679606,True,0.36788445438580597,-0.12479027955551066,True,0.11597328767071402,0.050003035296838645,True,-0.1397965822981403,0.022190615493615472,True,-0.12939587208106143,-0.07098518351552943,True
354,11.8,-0.35834615776123935,-0.4650608604100975,True,NaN,NaN,False,-0.03174453141149269,-0.053983365855877256,True,0.4124959046728014,-0.13128993308316855,True,0.1339810472476494,0.09595549344671565,True,-0.09300372329206039,0.01610265636793024,True,-0.1088747346859738,-0.045532409563744415,True
357,11.9,-0.35619311634036976,-0.4642709299216731,True,NaN,NaN,False,-0.005673201144564263,-0.037549699203677074,True,0.4429685271912428,-0.16344644962430713,True,0.16863293592141254,0.12883713585523687,True,-0.04781184028176774,0.01890496697570734,True,-0.08292890858091163,-0.029813156676885378,True
360,12.0,-0.35686103976931033,-0.4636289716065393,True,NaN,NaN,False,0.023553477463598965,-0.030956331940787524,True,0.4445500082892925,-0.19851934075881708,True,0.19113569232042113,0.15290307538059555,True,-0.010142055865580517,0.01681054562154838,True,-0.056817651236664095,-0.019188805726632917,True
363,12.1,-0.3586802505546149,-0.46130693180973864,True,NaN,NaN,False,0.056419862307858795,-0.03334757767274952,True,0.43572978857648775,-0.23514516568148144,True,0.23307739089715998,0.1857440570069374,True,0.024939484184260428,0.015350029523802803,True,-0.02901310842956015,-0.013249504185361975,True
366,12.2,-0.3569595185269464,-0.4610639691357083,True,NaN,NaN,False,0.09156553205094217,-0.0365352106907255,True,0.4231097917013725,-0.2761571256434118,True,0.26637995375802276,0.20406387334929219,True,0.06758193497626418,0.009152342735414348,True,0.005544681997934927,-0.016858340479687907,True
369,12.3,-0.3564156634591896,-0.46181818337076763,True,NaN,NaN,False,0.12703177181097744,-0.039196812197857304,True,0.4075827028878851,-0.3055428226522318,True,0.30713923713841407,0.24116872139767592,True,0.11067758109753842,9.92014643215729e-05,True,0.04343850850045504,-0.026557989566804666,True
372,12.4,-0.3551134803209857,-0.46217108829898457,True,NaN,NaN,False,0.1610019804510772,-0.05349053198983283,True,0.37683430129930245,-0.3217266607427561,True,0.3342753363403908,0.27897951348338895,True,0.1538685710936269,-0.011085261719866464,True,0.07962165548370216,-0.0365848682381386,True
375,12.5,-0.3559584800802319,-0.4612315470979817,True,NaN,NaN,False,0.19066093189951702,-0.07195034646794678,True,0.3401822939293468,-0.3307482789831001,True,0.36643551434682564,0.3170073471762942,True,0.19566008062104687,-0.022802663995325274,True,0.11665405803867987,-0.03830422794165125,True
378,12.6,-0.3563803642300875,-0.4621876471101902,True,NaN,NaN,False,0.21786072985923882,-0.0933916503882833,True,0.30319609290027416,-0.3324098506924245,True,0.40091813585526653,0.3478107693751548,True,0.23744646958425591,-0.03600729703102766,True,0.15700587494744064,-0.03815481706226409,True
381,12.7,-0.35688192047513817,-0.4619751562503859,True,NaN,NaN,False,0.24519808261071652,-0.11375450243435596,True,0.26702255071653525,-0.32992497067402,True,0.41789132381477084,0.36125057919413517,True,0.27887872977746997,-0.0460616745350128,True,0.19772554529432582,-0.03120666928339057,True
384,12.8,-0.36012438560628823,-0.4618998904874942,True,NaN,NaN,False,0.27353667942013626,-0.1342716627335713,True,0.22966931213350222,-0.3189107128409854,True,0.43253880029360836,0.3691670099271366,True,0.3205293648471392,-0.05836851985273392,True,0.23851832709674806,-0.01779174671468352,True
387,12.9,-0.3595350314876138,-0.46300753430926905,True,NaN,NaN,False,0.30148677613048014,-0.160048039164399,True,0.1949222101624506,-0.30200319888015903,True,0.4715020673800429,0.3595968512278888,True,0.35756021530813437,-0.06619916582848386,True,0.2780613599183752,0.007767891405657869,True
390,13.0,-0.3595516801178626,-0.4614424450734269,True,NaN,NaN,False,0.3235602851163554,-0.1849034471613206,True,0.1619168598925931,-0.2791756779510943,True,0.4842520503835955,0.32842712660953666,True,0.3938093210966161,-0.0537062249520832,True,0.3123194598402459,0.036383276652812956,True
393,13.1,-0.35877319103134925,-0.46215543563575545,True,NaN,NaN,False,0.33742173350436816,-0.21086461900060086,True,0.13045092512272424,-0.2510721237337482,True,0.4847352525618051,0.3000819410260051,True,0.42900072669815625,-0.036567339775835185,True,0.3433557388973321,0.06310697171620969,True
396,13.2,-0.35795470909640287,-0.46122718025177806,True,NaN,NaN,False,0.3463009170170109,-0.23989884663570618,True,0.0975011982583649,-0.22033480906768302,True,0.4803189312629873,0.254570807340707,True,0.45995689368827003,-0.024545442615652738,True,0.3709567305913392,0.09298826536701532,True
399,13.3,-0.3575859750719494,-0.4618049450576414,True,NaN,NaN,False,0.354390295188133,-0.2702043535880884,True,0.06103153123116108,-0.19196590323718424,True,0.4712311383476606,0.24205879207870865,True,0.4618473808970584,0.019082706885819697,True,0.39477283013860687,0.11710384293970479,True
402,13.4,-0.3564229883630053,-0.46342300256322294,True,NaN,NaN,False,0.36017166961917646,-0.3029004927529199,True,0.02432028822737145,-0.16461261075831157,True,0.43417380544395895,0.2137884938360293,True,0.4756536590069434,0.06116155295903845,True,0.408481225679539,0.1155835828708288,True
405,13.5,-0.3592749348167429,-0.46215405667527276,True,NaN,NaN,False,0.3591041310179327,-0.32394521617854616,True,-0.007874578512559537,-0.13361128925771767,True,0.39043324597875817,0.2011553874809971,True,0.4589346772402151,0.09254600858098247,True,0.40099385144667227,0.11770014778167595,True
408,13.6,-0.35947416674327604,-0.4619138962483878,True,NaN,NaN,False,0.35074261545540625,-0.34911690024915254,True,-0.027452209923707005,-0.10108821965876963,True,0.3499072037640985,0.1987354365002205,True,0.47240299042005623,0.08956747027101511,True,0.38384782912904053,0.1209398257339305,True
411,13.7,-0.35779488541372767,-0.4629589519575116,True,NaN,NaN,False,0.3404654574482572,-0.3766479726504933,True,-0.03839539674762261,-0.06713139488964023,True,0.30699057286149567,0.1975798635098306,True,0.4415097680715249,0.11687392547327921,True,0.3760096902437215,0.12502668878706788,True
414,13.8,-0.35822967609105205,-0.46170726913966803,True,NaN,NaN,False,0.32704101197774016,-0.4054398752218377,True,-0.041686784722969106,-0.029255274675059003,True,0.2911331160424586,0.18699898608077556,True,0.4363194362827056,0.11598363525892613,True,0.3704925822637966,0.12368747648304634,True
417,13.9,-0.3569340817437143,-0.4627050715578741,True,NaN,NaN,False,0.30522116921152265,-0.4361555136915935,True,-0.034907470779518855,0.009501508540912479,True,0.2713319718248468,0.16174823798132756,True,0.43944186218050346,0.11877981513114362,True,0.378030543224714,0.12692868643937524,True
420,14.0,-0.35837420992833685,-0.46168961543141496,True,NaN,NaN,False,0.2828978098158337,-0.43991370042104844,True,-0.022417449462070898,0.05224241271056425,True,0.2499565849093339,0.13449890888604152,True,0.451206880822481,0.10773416364951045,True,0.37679964129125393,0.12994370313886996,True
423,14.1,-0.3574687169380068,-0.4619167302639922,True,NaN,NaN,False,0.26163615983473654,-0.46604654716068233,True,7.802292608635661e-05,0.09447150887263742,True,0.25047129154849795,0.08817531136127621,True,0.4167810701485533,0.07833584866920391,True,0.38703130658424195,0.1269812301335858,True
426,14.2,-0.3580883026906779,-0.4602502158035945,True,NaN,NaN,False,0.24342979505827525,-0.4653553046356012,True,0.024594691677001825,0.13623183908791672,True,0.25067365484252835,0.03905382133643958,True,0.37828976311549567,0.055802086032531235,True,0.4049345397065469,0.1204635526928903,True
429,14.3,-0.3592905940676482,-0.459316027628949,True,NaN,NaN,False,0.21970465051509297,-0.46086258009515213,True,0.05737833951497358,0.1731216883143763,True,0.2393598670109078,-0.007709856363722857,True,0.3405668343253906,0.02705774114833388,True,0.4271435531239688,0.1062408377138828,True
432,14.4,-0.35871390579706347,-0.4588291914855823,True,NaN,NaN,False,0.2027197448416662,-0.45532864749027785,True,0.09645072341109946,0.20755506107908683,True,0.24635363843518548,-0.04461900154305104,True,0.3131660288426979,-0.0074549175435266206,True,0.4472829554639739,0.08663905892712004,True
435,14.5,-0.35910059240430425,-0.45811888332599954,True,0.07666358421914603,-0.08640643490587568,True,0.18728469533448064,-0.44062640195174624,True,0.13586502171067186,0.23583358560560488,True,0.22782419942527934,-0.07961905300620706,True,0.28737894741877773,-0.04227479568684294,True,0.4624047939473504,0.06118335126531433,True
438,14.6,-0.3605841263000556,-0.460392995409948,True,0.0741559631241937,-0.1244760414271614,True,0.1742206307045764,-0.4224072728656001,True,0.1731477709912799,0.2619119638779085,True,0.19230944132295927,-0.10931655378047506,True,0.25947812928762726,-0.07290590681992999,True,0.4583068364017264,0.03704530229722591,True
441,14.7,-0.35766665691757005,-0.45955509926441923,True,0.08146110868968547,-0.16612704942836917,True,0.15973162163042395,-0.40248610646389443,True,0.21044152812973443,0.29262425945204146,True,0.164000576168936,-0.1434426762625504,True,0.2290602457025655,-0.10628769658260827,True,0.4566511095476047,0.012482645292248719,True
444,14.8,-0.3567380877958264,-0.4596597466119786,True,0.06357681521289106,-0.208926939477694,True,0.1458100707802297,-0.37949703071791163,True,0.2479588101358511,0.3220339439909183,True,0.12693632134662539,-0.18286050417847452,True,0.20377265161492986,-0.1415743009291143,True,0.44303055139826036,-0.013505133109790336,True
447,14.9,-0.3579619324639393,-0.459369164855837,True,0.05538636652893485,-0.25155822527372135,True,0.13964349310797813,-0.3572475724314698,True,0.28728693267554073,0.34242475445092907,True,0.12548578596075388,-0.22638799042433513,True,0.18259959778612472,-0.17886636301122116,True,0.4209159685552128,-0.0329039021945299,True
450,15.0,-0.3563697476568996,-0.45826758798670875,True,0.034639624314292745,-0.2963869111216664,True,0.13344761460721055,-0.3360740387519841,True,0.3253465510438938,0.35145637813526,True,0.13713036224430442,-0.26612511794137406,True,0.1676729968338569,-0.20894762473787573,True,0.395938808057264,-0.04494665641863148,True
453,15.1,-0.3577717798039216,-0.4586232699671002,True,0.016686847201233482,-0.3362519964224501,True,0.13637266393488937,-0.3416259094895633,True,0.36319833638434995,0.34897201835931335,True,0.16844496707524725,-0.28065564474123067,True,0.14809661165659135,-0.2212601590271786,True,0.3702481539706863,-0.05059428016874089,True
456,15.2,-0.3569380831024342,-0.4585601254670809,True,-0.0014898632422891348,-0.37540757239042893,True,0.15016627118641093,-0.3317059078291261,True,0.4045478564991593,0.33741670009086244,True,0.1856182550138265,-0.28035464228019014,True,0.12383072617245161,-0.23037234574411963,True,0.3419290560726399,-0.06620690973732558,True
459,15.3,-0.3586920060598193,-0.4595043377320357,True,-0.014921255540475046,-0.41597204311447783,True,0.1761997919673049,-0.32025034859478896,True,0.4451609426914308,0.3309620600791374,True,0.23175514522830676,-0.2790375988211527,True,0.09303968751618458,-0.23644209881349573,True,0.3119894531116842,-0.08431260384027436,True
462,15.4,-0.36084306283195877,-0.45952539697412303,True,-0.026369179894419573,-0.4617003874161122,True,0.20336539403049858,-0.32468201270441377,True,0.477048020978686,0.3051938365361869,True,0.2753754305845558,-0.29277589602856025,True,0.05899422211845688,-0.2412261556845718,True,0.28319409638908755,-0.10492279610389624,True
465,15.5,-0.35895059148404546,-0.46031160457339665,True,-0.023867347125945553,-0.47800199171918883,True,0.2314949446161486,-0.34457842715551645,True,0.47666278760257014,0.29478155991484933,True,0.3134362280058431,-0.3253601639924971,True,0.02242513687140914,-0.24975391659890467,True,0.2520697099897987,-0.1229154852419025,True
468,15.6,-0.3575861007634364,-0.46160192361300395,True,0.016549494854181324,-0.5054887052911903,True,0.24974780832075721,-0.3663658011134912,True,0.4784138925045159,0.2681701293978335,True,0.33817142415183593,-0.3573421034923606,True,-0.020776046437707977,-0.2685803453026556,True,0.21635893857472727,-0.14577276961936755,True
471,15.7,-0.35721696794236113,-0.4611837177176754,True,0.03109149162980371,-0.4872731855214897,True,0.26118782100733956,-0.3907743155854537,True,0.45446871394874694,0.22459736978136355,True,0.34295110232512965,-0.3913584520778588,True,-0.05936159752866183,-0.3026479765852427,True,0.18435449916253838,-0.17353414490028293,True
474,15.8,-0.3561455946473727,-0.4597984090962908,True,0.03223567654293689,-0.4769725784408607,True,0.2684402870917461,-0.42018908002145794,True,0.44708922770916854,0.21942550434811128,True,0.32893506343176754,-0.42984555571232524,True,-0.08520309262717161,-0.34319838793475643,True,0.15911015682853152,-0.20284049609342814,True
477,15.9,-0.3694749659586633,-0.45789349922678974,True,0.0584857151403039,-0.46976668549256384,True,0.2667469957954076,-0.45125090247163696,True,0.4012797129367319,0.20891862615397563,True,0.3062894553742655,-0.4632042982758196,True,-0.10777457936958718,-0.3840401531198826,True,0.1403638188517408,-0.23824620488816262,True
480,16.0,-0.356772525089435,-0.4586624858963484,True,0.08848644008046812,-0.4199020969224384,True,0.24611689693753802,-0.4727946602862729,True,0.3578901941662117,0.20583177876207306,True,0.3101772616915288,-0.45947255270928267,True,-0.10708352832510572,-0.4199114942215956,True,0.132014485308132,-0.2778239003814297,True
483,16.1,-0.35707364039140577,-0.4591445016124437,True,0.09512221676144483,-0.37563531627869673,True,0.22907911004899925,-0.46374459395219125,True,0.31804017507442495,0.2062567547932288,True,0.29328507999096365,-0.4711588444023027,True,-0.08863150230956998,-0.45531123314824323,True,0.1282662507503059,-0.31480866897534404,True
486,16.2,-0.35346312218653714,-0.4600376837647242,True,0.1037798993867411,-0.34881062528900997,True,0.2045018789252336,-0.4504513212333692,True,0.277667726224328,0.21628429163321292,True,0.2674566106409119,-0.4692519788533998,True,-0.06206950059200222,-0.48394412836236517,True,0.12650550066181743,-0.3515309434164092,True
489,16.3,-0.363957778313616,-0.4593489088232155,True,NaN,NaN,False,0.18425641924377972,-0.42338926243690556,True,0.23638866156715915,0.23554627940824513,True,0.23811833220856052,-0.4671931522967436,True,-0.028070557535853434,-0.5042779246487997,True,0.12456375725940257,-0.3783813823907964,True
492,16.4,-0.35330384938336473,-0.45890439922015314,True,NaN,NaN,False,0.1662980403148851,-0.4061083765017062,True,0.19733108936790436,0.2556957637688556,True,0.1921564204302347,-0.4683060315165577,True,0.011074868500166913,-0.5129348372934899,True,0.09741127553230643,-0.3831572893188174,True
495,16.5,-0.35287852366321254,-0.45697483768289404,True,0.12053581919273018,-0.19832485358936322,True,0.15720131258672004,-0.37968665425793274,True,0.1589881362895406,0.2813377153026314,True,0.16341821618603328,-0.4348651372978914,True,0.04278487896446586,-0.49701580539566675,True,0.06241024761806798,-0.3840990899551459,True
498,16.6,-0.3508548902371586,-0.45888842815311703,True,0.13755917946306587,-0.16461267047896228,True,0.13165122472649773,-0.3487551983564059,True,0.12112043855407105,0.30903934779580783,True,0.14671217598439518,-0.40738883513897717,True,0.06935586496085795,-0.4724558230357718,True,0.02806083380305053,-0.39849596133910914,True
501,16.7,-0.35256645737860676,-0.45941155373907044,True,0.14032407076738931,-0.14498679618004257,True,0.1074922168788703,-0.32817695417861925,True,0.09035604547683243,0.3434367886647295,True,0.12831512528330175,-0.3784660506207272,True,0.0874684668131452,-0.4469853792019485,True,-0.006859948494158233,-0.420468322486807,True
504,16.8,-0.3527144423377326,-0.4589587325227616,True,0.16245645625144384,-0.09838407913453658,True,0.08717060290464629,-0.30262649476572956,True,0.07187156215246927,0.37545242747144675,True,0.12385345831413941,-0.3822665568346738,True,0.09609938876828382,-0.4203683434293106,True,-0.03685734476188978,-0.44630117258905716,True
507,16.9,-0.3664040854886746,-0.45906611769324385,True,0.1839273287353356,-0.050070293164712946,True,0.06069918356175177,-0.2849228465563275,True,0.06397746495697029,0.407248775081704,True,0.11047108569587387,-0.34160473234071315,True,0.07837376874769614,-0.3934989510436101,True,-0.060325734066733035,-0.4737403716639805,True
510,17.0,-0.3539679985967675,-0.45745201011752307,True,0.19874327431251002,-0.004182361203724648,True,0.03507547182747297,-0.27141504279935313,True,0.06300659866636257,0.4366987659927988,True,0.08319163382017875,-0.32256058669164295,True,0.05390776771836326,-0.36269869250419456,True,-0.055779493849585464,-0.4951707755804454,True
513,17.1,-0.3535136004057577,-0.4577850881046454,True,0.22885361270360746,0.03618994080570624,True,0.014127361146892115,-0.2417264939048356,True,0.054671007695931834,0.4652022624618011,True,0.05157004618480665,-0.3043358027018027,True,0.029544592232327197,-0.3425054449299954,True,-0.036171207976187836,-0.5100075869793624,True
516,17.2,-0.3549138927738079,-0.4585260086768914,True,0.2426891031324191,0.08382010133758033,True,-0.011907946141868757,-0.21557328803922113,True,0.04004086423270492,0.479106052335549,True,0.019942106430595394,-0.29395477539964043,True,-0.004554647217921367,-0.3280666197151321,True,-0.009556826443298685,-0.5089749467775962,True
519,17.3,-0.36257770591265376,-0.45590956793072157,True,0.2828978098158337,0.1159694698761354,True,-0.026666715396670586,-0.19487716271550068,True,0.019033290546038206,0.4810160089748203,True,-0.022756313700953924,-0.29167319118996293,True,-0.045782194323266974,-0.3187529130769779,True,0.019116900882384057,-0.5020965585377447,True
522,17.4,-0.36466461501711667,-0.4540708342953153,True,0.30767616868936876,0.15626909340179537,True,-0.039055988384755796,-0.16817535447784077,True,-0.012562864273194137,0.48683686620372,True,-0.06110596397213252,-0.2876504046416743,True,-0.08883648977637866,-0.3180333623983207,True,0.05356172406065695,-0.49062321372721024,True
525,17.5,-0.3641500405194924,-0.45286671976242343,True,NaN,NaN,False,-0.05109448849006129,-0.14596029959966425,True,-0.05004104721053762,0.46846216706616484,True,-0.10712114601073211,-0.27397595643054984,True,-0.13285163087371907,-0.3197840242245106,True,0.07045266388280234,-0.46676047000224524,True
528,17.6,-0.3631874103527255,-0.45369847864863805,True,NaN,NaN,False,-0.06328264494350477,-0.11590120945186544,True,-0.048480128413971604,0.4642739035824502,True,-0.14739694052531974,-0.2628546165486121,True,-0.18157727400758483,-0.3211316748624661,True,0.07571834707371246,-0.44411625723048587,True
531,17.7,-0.36354510736167495,-0.4539945690219845,True,NaN,NaN,False,-0.06796575142414903,-0.08944248984536494,True,-0.071220357929039,0.44744054549778944,True,-0.18394111190596793,-0.24226635098204974,True,-0.2289613393928501,-0.3260597616659599,True,0.07940401684276654,-0.4145843108303803,True
534,17.8,-0.35935719133417615,-0.4568969450129015,True,NaN,NaN,False,-0.06815520109986453,-0.06230946207256035,True,-0.09764336027506822,0.4062668041025464,True,-0.21833331933811112,-0.21616827339243594,True,-0.27085637345497965,-0.34528943443223165,True,0.07807026802995387,-0.3813630996569779,True
537,17.9,-0.37210525853849297,-0.4615916784939575,True,NaN,NaN,False,-0.06997835085368122,-0.030680117003038215,True,-0.10649940713451604,0.3662705605791562,True,-0.23892740599166407,-0.17159682305182494,True,-0.3093174103379792,-0.3730822227488909,True,0.07510797403651602,-0.34633093725581804,True
540,18.0,-0.3572095844102323,-0.46258420492870655,True,NaN,NaN,False,-0.06835750772951539,0.002116897065274555,True,-0.1339512970305959,0.3259561928840529,True,-0.22923529615240515,-0.1287833811624243,True,-0.3400463676748807,-0.39932233999092825,True,0.07160081161198861,-0.30857004080570843,True
543,18.1,-0.35788304953535294,-0.46984175586575305,True,NaN,NaN,False,-0.06250693806014358,0.033883222832950484,True,-0.1671814975048379,0.289314281836287,True,-0.25085297499729564,-0.09506025218112883,True,-0.36467413338158244,-0.41620182517717513,True,0.06616787021121219,-0.26658455262264963,True
546,18.2,-0.3663217340764959,-0.47237302289042904,True,NaN,NaN,False,-0.048936674861470804,0.062169634025467206,True,-0.1997389004274809,0.2557099378096375,True,-0.2658073291459996,-0.04717053872865062,True,-0.3650679013945108,-0.40591754726086765,True,0.05502802120376808,-0.22346964730293625,True
549,18.3,-0.3488500998889333,-0.47118978277468165,True,NaN,NaN,False,-0.030665723444053536,0.08919175156741371,True,-0.23046192678502883,0.227123827571201,True,-0.28198273236304805,-0.002989395310079625,True,-0.38589575415220834,-0.40557977655748856,True,0.0263090615579845,-0.18270528287370194,True
552,18.4,-0.3484539241759689,-0.4618942219660229,True,NaN,NaN,False,-0.008886024996188556,0.11522984664416965,True,-0.2626885193355201,0.2087174631144385,True,-0.287316016907688,0.036457269060155784,True,-0.40946074968812973,-0.3973172828361578,True,-0.0060912996661110635,-0.14679103301840093,True
555,18.5,-0.35419382401874494,-0.44576246085644794,True,NaN,NaN,False,0.019398139732957065,0.14015515823584057,True,-0.2975306162102921,0.19724922915063967,True,-0.3006185082013939,0.0740697099269545,True,-0.4346077729155586,-0.38349227983965767,True,-0.0390845056510904,-0.12192902040040175,True
558,18.6,-0.3653371613555616,-0.42632988068009386,True,NaN,NaN,False,0.04601823421365337,0.15765020343129835,True,-0.334790379760723,0.1897643774221764,True,-0.31865075739482085,0.10923773092270478,True,-0.4510254324576839,-0.35701888151585526,True,-0.07284565523625652,-0.10291136541672583,True
561,18.7,-0.37533421630042285,-0.40586764390514357,True,NaN,NaN,False,0.07453359800350745,0.17286293931264288,True,-0.3760244174228641,0.21036493009244694,True,-0.3359665037163752,0.13690087320214045,True,-0.459490536674445,-0.32539221915869626,True,-0.10690631857183547,-0.08277762997622305,True
564,18.8,-0.38348085208901916,-0.386297414449451,True,NaN,NaN,False,0.10486257847506864,0.18260176103652775,True,-0.4212919510964837,0.21492182125542578,True,-0.37442145734274,0.15660384334934074,True,-0.4468444421688757,-0.2979709290829623,True,-0.1415987583389893,-0.06678073085707333,True
567,18.9,-0.3892170133799062,-0.3633294902085103,True,NaN,NaN,False,0.13515389254850455,0.19349965597614005,True,-0.45391910188077067,0.22080167498250067,True,-0.42199661651369513,0.15935008220028166,True,-0.422026409373925,-0.27403885007475665,True,-0.17585828343921245,-0.055054559332603226,True
570,19.0,-0.39591267641770606,-0.3416133221871503,True,NaN,NaN,False,0.1660208942796429,0.20297678211264814,True,-0.466737071253594,0.2382549191351403,True,-0.4582797505804114,0.1803077997716428,True,-0.39086611261733206,-0.2540761760906666,True,-0.21341808926257025,-0.047064280473367866,True
573,19.1,-0.4008814778969909,-0.3193385487377714,True,NaN,NaN,False,0.1970508200327777,0.21237202510481848,True,-0.45677639950562526,0.26862631067911,True,-0.4684807459718439,0.17809701220723334,True,-0.3618754429740721,-0.2470171254188764,True,-0.25024445335390955,-0.04130170299375805,True
576,19.2,-0.40359572610502764,-0.29547649029445017,True,NaN,NaN,False,0.2291104109836793,0.21785449584990071,True,-0.42007644778199554,0.29718655572404984,True,-0.4784476026482094,0.2142173426968626,True,-0.32882226604878223,-0.24158808109069757,True,-0.2892046365596976,-0.04141798697350031,True
579,19.3,-0.4068866563957137,-0.2710498709643445,True,NaN,NaN,False,0.2617740413822622,0.21587999507467767,True,-0.3855632400253404,0.32304174948129033,True,-0.47385091262250156,0.25379989980529516,True,-0.2932744598093676,-0.2372715060009355,True,-0.3293968103976558,-0.03930488599981661,True
582,19.4,-0.40483265280347486,-0.25540162173089875,True,NaN,NaN,False,0.2945148426429057,0.20878251484273,True,-0.35153914487500715,0.3419616490796831,True,-0.45415268112858403,0.2936982309758376,True,-0.2538155006981898,-0.23554425136125545,True,-0.36900756300208315,-0.03520782508243001,True
585,19.5,-0.39639363117824705,-0.24907182271393374,True,NaN,NaN,False,0.3273967775676114,0.20072475960093736,True,-0.3148426027372613,0.354875888990395,True,-0.4320297119830444,0.32596977865507154,True,-0.21008471425387817,-0.23573323044636396,True,-0.41247194214831,-0.03515944040813052,True
588,19.6,-0.38701068860458343,-0.24362434777353678,True,NaN,NaN,False,0.3557314700059872,0.20806179022997942,True,-0.27498752940795884,0.36681833392975216,True,-0.38321960895507107,0.3273323836708295,True,-0.16852548452247773,-0.23961877852964258,True,-0.44069732613631096,-0.03722320352877433,True
591,19.7,-0.37996140654511035,-0.24282877707660486,True,NaN,NaN,False,0.387909657251627,0.21903219278989008,True,-0.24004413557485038,0.38207280232395396,True,-0.3375078409744251,0.3312037732791042,True,-0.12391718842620571,-0.2427679407343849,True,-0.4501157213686011,-0.04821542129145485,True
594,19.8,-0.36269268501012086,-0.23657004836538922,True,NaN,NaN,False,0.41875452386844036,0.23345983870931794,True,-0.19770662937670538,0.368846611241937,True,-0.30438246547035774,0.3486168707782901,True,-0.07751474707601785,-0.24323504440994148,True,-0.4483439968017968,-0.0647894612313677,True
597,19.9,-0.3447936549372199,-0.23830123805876563,True,NaN,NaN,False,0.44872795893125106,0.2488121983977839,True,-0.156356337452483,0.3536315840341457,True,-0.25620156673972,0.34424322600317114,True,-0.03250016813400145,-0.24977600522559096,True,-0.45037580007766953,-0.09704322487075331,True
600,20.0,-0.3203419419166959,-0.23182707199771396,True,NaN,NaN,False,0.4748464742770589,0.2692794787425476,True,-0.11420952699569428,0.3253485127611217,True,-0.20798363091758693,0.347587457499962,True,0.012055259578789064,-0.24870167402390575,True,-0.42518851440905997,-0.12089415447490828,True
603,20.1,-0.29702115455893524,-0.22362616282977368,True,NaN,NaN,False,0.4854424614088795,0.2922672615448984,True,-0.07226816258507587,0.2911899198510587,True,-0.15940676210581442,0.3521683465885221,True,0.05690993413278828,-0.24356103285246575,True,-0.3980321063320272,-0.142178553037113,True
606,20.2,-0.2725949759618827,-0.21945857632934596,True,NaN,NaN,False,0.4904430559784149,0.31588928425908464,True,-0.033688228491761854,0.25617869365329315,True,-0.11376944009993459,0.34913887822084655,True,0.09704547588003788,-0.23571269575880624,True,-0.3663280500335335,-0.15961660505637984,True
609,20.3,-0.2468362710878375,-0.2159007020436833,True,NaN,NaN,False,0.4899309671081981,0.3357873492521068,True,-0.0034615783932269713,0.22170179719180289,True,-0.07112722053719021,0.3328129259719575,True,0.13317495600950385,-0.23176943894729932,True,-0.3321949552177748,-0.16437436601406416,True
612,20.4,-0.22071204802611327,-0.21710165606844906,True,NaN,NaN,False,0.49341282523393387,0.33832273799500895,True,0.01666368978221708,0.18438574951069514,True,-0.025076597663740596,0.32298902775678007,True,0.1739635022692502,-0.23287611655257176,True,-0.29606521589819434,-0.1630472802520437,True
615,20.5,-0.19498304398385718,-0.21348781205562847,True,NaN,NaN,False,0.49373484682356467,0.34785140962261024,True,0.03429827384420233,0.145612550164402,True,0.019073526665806348,0.31586513985834824,True,0.21897459772700834,-0.23575757986112647,True,-0.2548997900079998,-0.1643399165319785,True
618,20.6,-0.16751728079108957,-0.21158517953745015,True,NaN,NaN,False,0.4811813938504658,0.36902880166291663,True,0.05094749562224536,0.10449691741761742,True,0.06653905437328511,0.2959122973430801,True,0.26397969599797977,-0.23276612674139338,True,-0.20890350556645018,-0.1690398162220699,True
621,20.7,-0.15388446173573564,-0.21774308896664016,True,NaN,NaN,False,0.4642461156813039,0.3834094435962017,True,0.07014545686795665,0.0594062845876534,True,0.11255456885799912,0.27764488665307746,True,0.30647623137507135,-0.22478376237799336,True,-0.1630441453443514,-0.16347503406112668,True
624,20.8,-0.11834286259762794,-0.21507349709727827,True,NaN,NaN,False,0.42305575848461185,0.4079602209813971,True,0.0822804990877191,0.01439939331685411,True,0.1541353655849583,0.24660664147250538,True,0.350823563286848,-0.219513049552337,True,-0.12146995565913422,-0.14598223753822656,True
627,20.9,-0.08783340225523152,-0.20799727064041057,True,NaN,NaN,False,0.3879571501843435,0.4282762664031649,True,0.09387020798209479,-0.03174021535878244,True,0.1964732151028636,0.21722339625391,True,0.39300369552030967,-0.21123276817383782,True,-0.08256060814909251,-0.12801240504175096,True
630,21.0,-0.059602784902554044,-0.20215495006875642,True,NaN,NaN,False,0.37903959204705706,0.44367506008495766,True,0.10774939772627068,-0.07619494185845051,True,0.24062196697190177,0.18636990018846394,True,0.43300514745056123,-0.20368377791137884,True,-0.04500568178733597,-0.10785853458342752,True
633,21.1,-0.03168148914750303,-0.19692640015091137,True,NaN,NaN,False,0.33534099141806367,0.4609913996380436,True,0.12162930174611536,-0.11971002104582219,True,0.2772531936730014,0.1581676936880008,True,0.4534806974898881,-0.1901050101744123,True,-0.010375928049293335,-0.08192613035345687,True
636,21.2,-0.002704439236419477,-0.19489829656111013,True,NaN,NaN,False,0.30100586174615396,0.4736216087685118,True,0.131883661743643,-0.16316217941088734,True,0.3155154230114176,0.12859735597932886,True,0.4722209679459423,-0.1889683751418646,True,0.018717753853239285,-0.0501155995654283,True
639,21.3,0.028146188245719083,-0.18657913459810604,True,NaN,NaN,False,0.26534853746137277,0.4887374131368299,True,0.133974838984046,-0.20860098707976046,True,0.34627308798082973,0.10354853041404427,True,0.4509851199345653,-0.15422021724642576,True,0.041783231565017454,-0.017293535456335617,True
642,21.4,0.05538941902748909,-0.178339289096773,True,NaN,NaN,False,0.24635363843518548,0.5030288625275079,True,0.12790612321543635,-0.25602045617304486,True,0.389956790761958,0.08096941841297937,True,0.42631843820512955,-0.13925784420002776,True,0.0628538111599874,0.017041185798028113,True
645,21.5,0.08284087883774627,-0.16632173096205183,True,NaN,NaN,False,0.225278650967583,0.49097299011212575,True,0.13207792861151885,-0.3031353775307705,True,0.42300927054770704,0.03713010566441685,True,0.3982801935177003,-0.12456701670752586,True,0.08400819848832629,0.0539452415371036,True
648,21.6,0.10929472731080013,-0.1522707474855862,True,NaN,NaN,False,0.2010091427740192,0.46920544898946787,True,0.13792210645129033,-0.3465829859792142,True,0.4302796621032985,0.03513541988644331,True,0.366269284354481,-0.1269521683730436,True,0.10371827263396756,0.0891608463916296,True
651,21.7,0.13098356736155403,-0.13957017397630503,True,NaN,NaN,False,0.20260357410624044,0.478322943847633,True,0.1413837955287557,-0.38156880415230787,True,0.4326774418125749,0.03464582088821406,True,0.3319118146390483,-0.12402286385502996,True,0.123768214759776,0.12213296829417056,True
654,21.8,0.15433522345108644,-0.1277649709670383,True,NaN,NaN,False,0.18479915197515687,0.44448513318258936,True,0.1526765887725879,-0.41376351380834253,True,0.44554510779167633,0.02332227482660476,True,0.3004293573888303,-0.1105676472230297,True,0.14317399837655811,0.15726276869228778,True
657,21.9,0.17851043262822203,-0.11776697295382409,True,NaN,NaN,False,0.1732652956738891,0.41346990731296157,True,0.16702281195674626,-0.44402885495844263,True,0.44760393434833257,0.013028142043323579,True,0.2679048804758534,-0.09252565238133133,True,0.16123521385080314,0.19582987912135352,True
660,22.0,0.19871418523198786,-0.11809880395467254,True,NaN,NaN,False,0.17548990788960195,0.3714721588454402,True,0.1921177605128643,-0.4730535747450972,True,0.42547154886427807,-0.03329545548144174,True,0.23851988947901936,-0.06417723888906401,True,0.1774954580798075,0.23335967115628897,True
663,22.1,0.22079331397349158,-0.117064865904547,True,NaN,NaN,False,0.1612440530880876,0.33604361293598856,True,0.21309685245591234,-0.48529864338310624,True,0.3872653039613293,-0.057089914487796926,True,0.21476566306748784,-0.03367312147792842,True,0.18599431231001043,0.27086247415044096,True
666,22.2,0.24764088427577646,-0.11065193355781741,True,NaN,NaN,False,0.133223612389266,0.3140770126895591,True,0.23799678369802763,-0.4937044412641521,True,0.36782440527790344,-0.08167787956286329,True,0.19569509213535421,-0.0003106219272277343,True,0.19935075800963103,0.30425270473866856,True
669,22.3,0.24011426392349208,-0.103716644528416,True,NaN,NaN,False,0.12157855596098276,0.28382724779259166,True,0.26694190400174783,-0.49315354834092034,True,0.3570155658554582,-0.09608966545945695,True,0.18119384857590884,0.03795769188366279,True,0.207657735610443,0.3377107185722875,True
672,22.4,0.23008149656099935,-0.07973982846758985,True,NaN,NaN,False,0.1189102763236964,0.25016162422634525,True,0.30130851708773787,-0.4872782503700346,True,0.3117714567365952,-0.11057861630673865,True,0.1648226925578829,0.08095415957552038,True,0.20988104877256678,0.3799573921235221,True
675,22.5,0.22122180924075888,-0.054523558331041964,True,NaN,NaN,False,0.12086573688769395,0.2137601296805186,True,0.3214078746099557,-0.4692753746097254,True,0.2735241813698401,-0.09817833008215168,True,0.1379844694815839,0.12120429600723873,True,0.20881814929731446,0.4221868299085936,True
678,22.6,0.22860194309883936,-0.03015575379450193,True,NaN,NaN,False,0.10701252403796166,0.18809985926251702,True,0.34385675268652666,-0.42761604014151694,True,0.24386686608748442,-0.06246523374574157,True,0.1045726704402595,0.13467818725845415,True,0.2125627030460965,0.4547727978856165,True
681,22.7,0.23536937465257568,-0.003330661477074143,True,NaN,NaN,False,0.08095628023979322,0.17302522656170669,True,0.34373661447797543,-0.390863717425802,True,0.259736011053451,-0.046677828099707275,True,0.0681263439884668,0.1206439645220266,True,0.22627765450595366,0.4665113661670284,True
684,22.8,0.23944404545127382,0.025040000049690314,True,NaN,NaN,False,0.05352417213580743,0.16537540340582163,True,0.34766979847480856,-0.34863379356021745,True,0.2861425636453983,-0.009113617237139628,True,0.03895892318601145,0.09454763562708209,True,0.24004910979644925,0.47789276626628285,True
687,22.9,0.2543510453122436,0.049191336134751386,True,-0.2316110920679452,0.06126240137791813,True,0.024469287875375913,0.1583064271249354,True,0.3560123357796579,-0.30489450433350734,True,0.31738315463982564,0.010969315486667342,True,0.016449342963255547,0.06557014878971021,True,0.2566130537510407,0.4877006969674613,True
690,23.0,0.26620710395122416,0.0732824758784782,True,-0.2308466710707481,0.054775654408161026,True,-0.003745589485713549,0.15053295222881732,True,0.3712444126270469,-0.26402900045430244,True,0.355183952139514,0.04104487640214559,True,-0.006937009566415299,0.028870441437053335,True,0.2868012388030853,0.4988410652313259,True
693,23.1,0.279614416421324,0.09952882156525937,True,NaN,NaN,False,-0.032353335074788846,0.1414525113581458,True,0.39564701491352045,-0.22653029473745612,True,0.37914795133951273,0.06398409932056542,True,-0.031614183191576876,-0.005520163647514165,True,0.3100390833471434,0.5043749473345055,True
696,23.2,0.29666782520993784,0.12227921961355069,True,NaN,NaN,False,-0.06233720146454132,0.13445548831849724,True,0.42621252103317236,-0.19238791770998043,True,0.4202060353381017,0.09366695123520236,True,-0.056412126970948266,-0.04139278986745524,True,0.33243223482219214,0.4960538811067419,True
699,23.3,0.30953032898653765,0.14442527188726795,True,-0.2007728235280971,-0.12118025765809629,True,-0.09029378877711831,0.13471026324994306,True,0.43872989083819675,-0.18191435367492148,True,0.43037493771660423,0.0970471629967224,True,-0.07320722313093064,-0.08016669111280575,True,0.3580736918152235,0.475205001238748,True
702,23.4,0.32399089444980683,0.16806742126892296,True,-0.19989701772005378,-0.1470456227366988,True,-0.12096490395065596,0.14236612931588646,True,0.43810403782918383,-0.16842249935822245,True,0.45539233960083303,0.07627438978826927,True,-0.08063040250801984,-0.12396583586710841,True,0.3737554542114573,0.45020561547684673,True
705,23.5,0.33388733293450956,0.19024447458595642,True,-0.18885816287644358,-0.1937821167961781,True,-0.14986587894119074,0.15804090874463395,True,0.41987627069489164,-0.14569483207730602,True,0.4706054146493363,0.030550668611586382,True,-0.08658934797949894,-0.1699520900349844,True,0.39171285395008765,0.4203488835595348,True
708,23.6,0.3416561406733796,0.2148848957981311,True,-0.1858985078041725,-0.23906373189391783,True,-0.17843273644937171,0.1818381588946689,True,0.3996660828957305,-0.13679835754982927,True,0.46038998018077043,-0.01266388126562931,True,-0.09433688157038403,-0.21348805430990006,True,0.4149595966309667,0.39232122547926945,True
711,23.7,0.3498424535573139,0.2413723009205331,True,-0.1850961812652188,-0.28237963835352103,True,-0.20026723563975207,0.2089080290905861,True,0.37222460848573447,-0.13026207018557154,True,0.44802558667985104,-0.04946364143484378,True,-0.10081330398027692,-0.2566749772307664,True,0.4386395075690524,0.3646658277009597,True
714,23.8,0.3564961494823411,0.26784897039683875,True,-0.1725914220150678,-0.3278743199950129,True,-0.21522234878478086,0.23550279580144867,True,0.3371545849546415,-0.12469898538333365,True,0.42186860239012963,-0.055942547604660345,True,-0.09979581807233778,-0.29570016299240287,True,0.46374234614393783,0.34025540121577225,True
717,23.9,0.35969354954981275,0.2954225750609799,True,NaN,NaN,False,-0.22563119691982636,0.26564189533885135,True,0.3004120160815212,-0.11960504259430804,True,0.37319618135271876,-0.04817791706576649,True,-0.09954361041050219,-0.33376795508417473,True,0.48198587510684937,0.3144860541787846,True
720,24.0,0.3638590494943739,0.3234944782786666,True,NaN,NaN,False,-0.23351800845804122,0.2981242046431382,True,0.2615754005194568,-0.11487209865633471,True,0.3405449534022083,-0.012707189914879378,True,-0.07927732110605233,-0.3744601076711033,True,0.4811241692764014,0.28954647899468333,True
723,24.1,0.3617871956830108,0.3509048509336531,True,NaN,NaN,False,-0.24067539544438313,0.328786832363801,True,0.21931411836043774,-0.10626250918895054,True,0.2982620612998504,0.010104673588864034,True,-0.04487265258764143,-0.401697022275414,True,0.4688068829402401,0.266378428817355,True
726,24.2,0.35275108547392053,0.37821615293191974,True,NaN,NaN,False,-0.2457806889725405,0.3625944099241407,True,0.1776925688167841,-0.09246011428723212,True,0.25977594099139945,0.04154201334217945,True,-0.0056249001273595296,-0.4241624693461347,True,0.45335893302245545,0.24452407521043623,True
729,24.3,0.3441375496065167,0.4039955509866721,True,NaN,NaN,False,-0.2467752692649332,0.3983334349542613,True,0.13451230038267606,-0.0823506101701918,True,0.2218891756898872,0.07287480788360129,True,0.03383803543794913,-0.44693160964267803,True,0.4349677648254062,0.22678285062599116,True
732,24.4,0.3350141531885788,0.4298297531340145,True,NaN,NaN,False,-0.23908011850628155,0.43507348109300203,True,0.09148226017592635,-0.07812362499960161,True,0.18506566953108752,0.10167800501207361,True,0.06780254074946862,-0.45559015371417244,True,0.43673855518143373,0.2387854927075776,True
735,24.5,0.3264415999418771,0.45466904140015746,True,NaN,NaN,False,-0.23621485015553112,0.4511033761097637,True,0.05033940297543931,-0.06397593943542279,True,0.14763185995389633,0.1303873521288613,True,0.09024781379699895,-0.43758335623504385,True,0.4033391633802235,0.23229317032721275,True
738,24.6,0.32058076722866163,0.4799976178621522,True,NaN,NaN,False,-0.23979604074782251,0.45226381045072,True,0.02293659651302596,-0.03208979842203743,True,0.11528915666522899,0.16275132874702558,True,0.1088103838986261,-0.4071520682483422,True,0.3647911583818496,0.1947811686700967,True
741,24.7,0.3132629304654915,0.5051503834183101,True,NaN,NaN,False,-0.24583733036752156,0.45333239239630047,True,0.007313158204937807,0.006962383212008528,True,0.08883460840891515,0.19465948360697602,True,0.12561285743902054,-0.3731308646071134,True,0.32542407112612504,0.17232434786204473,True
744,24.8,0.30501404764062034,0.5128084232354522,True,NaN,NaN,False,-0.2540655029677017,0.4610051219599413,True,-0.002411276703318018,0.05119910513836887,True,0.0824639451234295,0.2145446655284521,True,0.15253426476215726,-0.33996501808391144,True,0.2887054654140813,0.14780343825259343,True
747,24.9,0.29817911632645955,0.5179432022676186,True,NaN,NaN,False,-0.24224699526509988,0.45595756358864825,True,-0.015883926245202067,0.09366372273409702,True,0.04621807654055217,0.2571919880718554,True,0.1804353546156619,-0.30783910810836246,True,0.25748838078261377,0.1205286465375647,True
750,25.0,0.28149891832764945,0.5229289541643442,True,0.1299480110886524,-0.3093846845453332,True,-0.281899745156128,0.4596351692816105,True,-0.03224930321303345,0.13311518725343083,True,0.027237328999632653,0.2995396508272972,True,0.20785713152667362,-0.2873653016757005,True,0.23168320688199368,0.09286658385634805,True
753,25.1,0.2609868094285745,0.5210639784145941,True,0.13683301704088532,-0.3060675956888642,True,-0.29479572437577384,0.4692905022106104,True,-0.052417826091372806,0.1724718320614106,True,0.014487571485275283,0.34107865972963214,True,0.22680994484315145,-0.23996636334948,True,0.2101200570372765,0.06366406329537605,True
756,25.2,0.24049309421077394,0.5179530234363611,True,0.15090855088558353,-0.25663854406024617,True,-0.33455303548944254,0.45305851370823974,True,-0.07302300201834062,0.21439286924749504,True,0.015241779006536995,0.3860973180454177,True,0.2496545371757067,-0.19673067272424002,True,0.1908070708486675,0.0281810567418397,True
759,25.3,0.22845124944091677,0.5110230099080951,True,0.16077177387827626,-0.2273253887817372,True,-0.3551454077579131,0.4203233956641765,True,-0.10193416688766575,0.25211148640605313,True,0.03064673232353548,0.42903785106569553,True,0.27538085816333624,-0.1562692522158363,True,0.1745040865295067,-0.00883767623686758,True
762,25.4,0.22591569988704555,0.5245648419058644,True,0.18018084128727285,-0.18803738738396977,True,-0.3631299552052296,0.4009003071653829,True,-0.12561031399192588,0.28533345120295833,True,0.04726813809264017,0.4579794162418496,True,0.29654992339842645,-0.11895725765914053,True,0.1612964397124296,-0.048234521623041926,True
765,25.5,0.2148953997074265,0.509978388184267,True,NaN,NaN,False,-0.3712860034894627,0.36682923312440746,True,-0.14373311993885188,0.3232730554793206,True,0.039956276130397775,0.4659699845076956,True,0.32209337017997275,-0.08395012397546199,True,0.1486297060554538,-0.09049396771621439,True
768,25.6,0.1961826806690712,0.49118198345848035,True,0.206381908630378,-0.06309144678126881,True,-0.3773925930070753,0.32931068610493963,True,-0.15586284243795365,0.3585387079821552,True,0.07024320983323963,0.45459717941226,True,0.35299289175732845,-0.05488697244191057,True,0.14301303740302204,-0.13481521259656232,True
771,25.7,0.18567354735421077,0.467736086909377,True,0.21511720906369494,-0.040081957834864165,True,-0.38264197672100053,0.2937760359103152,True,-0.16250734216184604,0.39185063618148436,True,0.10069122811283049,0.4273024145444105,True,0.38490210761324434,-0.028841356352641005,True,0.14750964120601537,-0.1792251443480348,True
774,25.8,0.18526811444296667,0.44501056993602167,True,NaN,NaN,False,-0.3878328669840443,0.2597282460194581,True,-0.17004403264853835,0.42891110648788333,True,0.11770350636252112,0.39459009571133535,True,0.4149685496187273,-0.005812110154483583,True,0.16432301420275117,-0.22418912136277808,True
777,25.9,0.18819322996493854,0.4218666901322654,True,NaN,NaN,False,-0.3891239114025962,0.22520980502212942,True,-0.2019337452406804,0.4526137289320106,True,0.12326576380901652,0.3593318686587883,True,0.44847852309305064,0.012964319390753947,True,0.19321113621271943,-0.26517255964390024,True
780,26.0,0.18638554917035818,0.38488819998215923,True,NaN,NaN,False,-0.39203647821575177,0.1926143035379941,True,-0.23515935877693625,0.4658872685625733,True,0.1324839645809501,0.3344227998738946,True,0.47059342647661373,0.03662382235389789,True,0.22365851133371478,-0.2978520831698891,True
783,26.1,0.18132340781162148,0.36186564467873983,True,NaN,NaN,False,-0.3975046506517505,0.15699806907922859,True,-0.2628561278227481,0.4661103314888104,True,0.12215553194212046,0.25580416222126356,True,0.4750127513923381,0.05671813865602779,True,0.2568532707857245,-0.3220146857107114,True
786,26.2,0.16620376488975883,0.33329227181288773,True,NaN,NaN,False,-0.4032175415722795,0.14018644465597369,True,-0.27462499297105836,0.4637095202985833,True,0.1250279092021289,0.23070836912896192,True,0.465063250203077,0.0813283832588063,True,0.2926086084080623,-0.34121276925250393,True
789,26.3,0.16784289365740365,0.29918675632138797,True,NaN,NaN,False,-0.415529907473846,0.13517259860835032,True,-0.31990299219181734,0.4331320698943613,True,0.12221620100479845,0.197959786510974,True,0.44645415616682177,0.11363453298765815,True,0.3252626245254033,-0.3515097640202659,True
792,26.4,0.1611102818115427,0.26776824253916004,True,NaN,NaN,False,-0.438284990389302,0.13694763084471379,True,-0.36100019577840425,0.4206758002612584,True,0.11355932553085822,0.1485675570231925,True,0.44811864098749665,0.12266065618526817,True,0.3562457225489049,-0.3468932211422533,True
795,26.5,0.15931407690330293,0.2508287095639534,True,NaN,NaN,False,-0.46433448588883336,0.1492416845146784,True,-0.3635737289742246,0.390822815189743,True,0.13207428915810454,0.05542914816865056,True,0.40456998360431146,0.13048403133352832,True,0.3900983767306601,-0.33571514043900147,True
798,26.6,0.1378251661874119,0.22906259756510533,True,NaN,NaN,False,-0.4717522756651342,0.17700692260068884,True,-0.3770605348236249,0.3580084020639068,True,0.13912193196520664,0.023716818991956483,True,0.35989873177697085,0.14446723409975085,True,0.4224103521860456,-0.3161316303369164,True
801,26.7,0.12780878324143194,0.19466444952915185,True,NaN,NaN,False,-0.4725903493447006,0.20506613039108335,True,-0.3818653920263426,0.3157802957693797,True,0.14193798141561567,-0.012855172112454459,True,0.3138641072332332,0.13476757443945134,True,0.4551002505671359,-0.297893759655249,True
804,26.8,0.11725890958890504,0.16697012823064725,True,NaN,NaN,False,-0.45955005349794426,0.23253396875489185,True,-0.39574598778702247,0.27811218658932213,True,0.14272430642978856,-0.0533089436927663,True,0.27188734565152617,0.11047300408710616,True,0.47472893831415997,-0.2682990849620446,True
807,26.9,0.11226693773033605,0.1404107032330213,True,NaN,NaN,False,-0.44796852055071534,0.2602113832811752,True,-0.4038209086791524,0.23816202579605872,True,0.1439710026664735,-0.09501086503734096,True,0.23305893978188796,0.08351800987738642,True,0.48553338802637724,-0.23778555384416805,True
810,27.0,0.10210162034525626,0.1326155211838372,True,NaN,NaN,False,-0.44071384973886557,0.28667151388860745,True,-0.43183527596398474,0.1994347897998016,True,0.14490235325392198,-0.13480354124420033,True,0.19428953597217974,0.05669588408468929,True,0.4796733317625433,-0.2137594226655385,True
813,27.1,0.10302709715939236,0.10707589937629387,True,NaN,NaN,False,-0.41944402760216604,0.29938196687380736,True,-0.44639095820964264,0.1858958532838075,True,0.14135348404571743,-0.17329566133406582,True,0.157734869205333,0.02275879442564701,True,0.47029990814561595,-0.18543242070057056,True
816,27.2,0.09703522528947861,0.06864093653540644,True,NaN,NaN,False,-0.3943404005893081,0.3223629777567759,True,-0.4436787017759852,0.18616547097082173,True,0.1238474383534474,-0.2177029047052184,True,0.12926167787303355,-0.0162196309263023,True,0.4534974435995266,-0.1535220633117444,True
819,27.3,0.10050937776185408,0.03895630638478951,True,NaN,NaN,False,-0.3872186584010992,0.3363166597428628,True,-0.4764348916185841,0.20459937522704105,True,0.10027754175933234,-0.26014764089078624,True,0.10968030539173838,-0.0549460492193243,True,0.4319021026940227,-0.14193037634021188,True
822,27.4,0.1016976228750958,0.012018071665720814,True,NaN,NaN,False,-0.3779959930551879,0.36004610983006236,True,-0.4875819403863386,0.23355952614460435,True,0.08348406156591082,-0.3034082596799899,True,0.09669028497808314,-0.09418869071341762,True,0.41024652296564784,-0.13167133015663252,True
825,27.5,0.10425123377454697,-0.014987621568318565,True,NaN,NaN,False,-0.37449302828351744,0.38510788230334897,True,-0.489162148930255,0.24670495622380642,True,0.05996120750590737,-0.3451179350931612,True,0.08139393615210541,-0.13251951612291113,True,0.3843397907863961,-0.1311992641110554,True
828,27.6,0.10611936782225413,-0.04131300876564826,True,NaN,NaN,False,-0.3699556959319129,0.413379180773776,True,-0.45500478905866476,0.2737561383934335,True,0.050250408913678955,-0.37917831699968946,True,0.059460517224275256,-0.1677302700995338,True,0.35375221278687835,-0.12395227430851095,True
831,27.7,0.10328965578325981,-0.0692539337354536,True,NaN,NaN,False,-0.3501823170864696,0.43424374376492497,True,-0.4196118520556469,0.28262775267302936,True,0.015765064089686996,-0.41623719501950174,True,0.040127088644741994,-0.2017057533877336,True,0.32044851862418083,-0.12058769041987455,True
834,27.8,0.09966269306738629,-0.09633718931197163,True,NaN,NaN,False,-0.32775460838003667,0.4529048216085065,True,-0.3777260109663929,0.2783711232720984,True,-0.03190058333867648,-0.4378968129238797,True,0.01252953010856291,-0.22808476361831959,True,0.2807374496759988,-0.1134577151297109,True
837,27.9,0.09608017959405675,-0.12243208729975079,True,NaN,NaN,False,-0.33475015718103723,0.45567585172441444,True,-0.337158531762972,0.26654359776204783,True,-0.061892388404248384,-0.4614609592033667,True,-0.01792093257939934,-0.2522378498438866,True,0.23787661914596958,-0.11052230503203887,True
840,28.0,0.09168915321052787,-0.15065861652907403,True,NaN,NaN,False,-0.3055262580018334,0.4628359929714522,True,-0.29323609511460447,0.24780389414620466,True,-0.07838935074790912,-0.45945917501885597,True,-0.05159200145960381,-0.2776738263542277,True,0.193998066432923,-0.11512164486380017,True
843,28.1,0.08856169484213783,-0.1797402735202482,True,NaN,NaN,False,-0.2572765138540631,0.4635542946812189,True,-0.2516233468901411,0.22751440922298832,True,-0.08038472582509842,-0.4435328326385669,True,-0.08440700929516835,-0.30638828867605694,True,0.15312511889514563,-0.12186854092943303,True
846,28.2,0.08619636880181633,-0.21182283302522767,True,NaN,NaN,False,-0.23036829818830087,0.4588838660603363,True,-0.21146716662156945,0.2015125724379711,True,-0.09541156996974977,-0.4291048609986032,True,-0.1145610538648254,-0.33459837231748446,True,0.11440364238317939,-0.13373847647338796,True
849,28.3,0.09015220755950457,-0.2436835055123607,True,NaN,NaN,False,-0.21977484313678403,0.46607147595767157,True,-0.17186028262727646,0.1700963770725741,True,-0.10673511603135907,-0.40285482240123616,True,-0.1429484123239172,-0.3629312541303902,True,0.0773571500202702,-0.14241640318002416,True
852,28.4,0.10374807073106034,-0.2752756299511465,True,NaN,NaN,False,-0.19037385901653314,0.4411068305507091,True,-0.13373707538330906,0.13559550997740738,True,-0.0673036295874154,-0.3258680171866516,True,-0.167060687415989,-0.382524051015405,True,0.04054461382150534,-0.14953813334640378,True
855,28.5,0.11951403781120702,-0.3017954229515001,True,NaN,NaN,False,-0.17586984960819932,0.4135293544247948,True,-0.09950998952871493,0.10202932418179765,True,-0.048964662356454663,-0.28862287423726013,True,-0.1873848870067068,-0.4132056895354357,True,0.004248010832588666,-0.155862575591625,True
858,28.6,0.1374938253912984,-0.3168595759349828,True,NaN,NaN,False,-0.16609466872310072,0.3793824301061012,True,-0.06740741829481497,0.0648249655487831,True,-0.037650047130227605,-0.2519947227852026,True,-0.202567691747977,-0.4514587834882448,True,-0.03574536532407485,-0.16077369863036553,True
861,28.7,0.15720475032471845,-0.33429153600281863,True,NaN,NaN,False,-0.16228012115210674,0.34453447154437244,True,-0.0390074071734398,0.023101558611546554,True,-0.030844804673182128,-0.2123325896018143,True,-0.21736365473114688,-0.48483757340392525,True,-0.0737055856172664,-0.1715031140395029,True
864,28.8,0.17844409734963992,-0.3514290566992818,True,NaN,NaN,False,-0.15921757835137842,0.31059304992160564,True,-0.008520162117635389,-0.02084094968261227,True,-0.03303052586534927,-0.17547353568481439,True,-0.24541889065080313,-0.5113397232189089,True,-0.11081778658448849,-0.1896479504219907,True
867,28.9,0.1984769278150087,-0.36741070003616527,True,NaN,NaN,False,-0.14652603707812523,0.27174410579867814,True,0.02029271274938226,-0.05929133616816133,True,-0.030706346623761288,-0.12622243978097952,True,-0.27154978871782554,-0.5226823406404005,True,-0.15140458770986967,-0.2119044623364197,True
870,29.0,0.21559180644026343,-0.38764309352307913,True,NaN,NaN,False,-0.1301731237030753,0.23515378412375493,True,0.045046059065068284,-0.09564322043363566,True,-0.029310759764377536,-0.07907575155375605,True,-0.300287043237681,-0.5191488816781326,True,-0.18754909464860137,-0.24200513652329594,True
873,29.1,0.22764169809895698,-0.40805566937696214,True,NaN,NaN,False,-0.12232697551898347,0.19939672830893757,True,0.06647508077899343,-0.13322775237175727,True,-0.017665683033265468,-0.03590755232453888,True,-0.32619462021160817,-0.5010414015641027,True,-0.20898365127801277,-0.27669573403272213,True
876,29.2,0.24100654865874702,-0.4315470657094551,True,NaN,NaN,False,-0.1208690984477847,0.16669197661889573,True,0.08752780084132533,-0.17277521321664335,True,0.004499676970356081,0.009214660198127248,True,-0.3497135927733402,-0.4716566057321326,True,-0.2155388027932806,-0.3176884910951531,True
879,29.3,0.24007725037078606,-0.44200464039020015,True,0.17010842828701625,-0.06348802861144016,True,-0.12046750016226133,0.1332971018776087,True,0.11188586395791726,-0.21181553481414087,True,0.03656373589729531,0.04770618565243188,True,-0.3600297205588131,-0.44344502475585795,True,-0.21317432102438144,-0.3588941761139768,True
882,29.4,0.2638278324477943,-0.47077258034018854,True,0.17080220994438944,-0.07321524457060759,True,-0.11920573781479818,0.0997046335967018,True,0.13368446420320448,-0.2489854308692662,True,0.06426186742425621,0.06364096156112274,True,-0.3719009823159876,-0.40837657944973954,True,-0.20485166886857392,-0.3971938766070744,True
885,29.5,0.2772996616435561,-0.4781866548969711,True,0.20909501113994888,-0.11299210103509734,True,-0.12028256573389698,0.06437113398256751,True,0.15437550463567182,-0.2873467913900381,True,0.10751152252068054,0.10549650952976007,True,-0.3816749885072504,-0.37044687219447636,True,-0.19023361214572132,-0.4339375639630952,True
888,29.6,0.2880402257441326,-0.47930727712647836,True,0.24213697719365454,-0.14137706832724906,True,-0.11701383749455534,0.02808405821612136,True,0.18286376048136588,-0.32719106795273567,True,0.14926120809132778,0.1320951145018922,True,-0.3925262999250971,-0.32935712231288533,True,-0.19774171626142656,-0.4618615841736578,True
891,29.7,0.3057129947488515,-0.47492616641964014,True,0.28400243137020437,-0.16787949032971153,True,-0.11582873245445428,-0.007571302671962755,True,0.21668795059317233,-0.36327075060924247,True,0.180027749056137,0.14985564338171586,True,-0.3989897049942808,-0.28555005990157034,True,-0.20903704508837873,-0.4873467767013452,True
894,29.8,0.32838650779971257,-0.46935022769905216,True,0.3301341537807167,-0.18107802571822634,True,-0.11538951729923277,-0.0423331898018539,True,0.24473979674073376,-0.40002526859585624,True,0.22679478614695123,0.1573411185587471,True,-0.4123085932295951,-0.262330283932698,True,-0.23115561126566161,-0.5085242917246836,True
897,29.9,0.3450212935282715,-0.4547102644503505,True,0.3979587183596169,-0.19364080855359941,True,-0.12036751984720591,-0.07811670772160295,True,0.2661354050342985,-0.434602892197119,True,0.27125103177640664,0.17698353424024618,True,-0.4195948624385189,-0.2560176745764216,True,-0.25286211915703305,-0.5118939162269704,True
900,30.0,0.3521492763752474,-0.4386162681789199,True,0.4347246562623126,-0.20222432269486584,True,-0.127201506617019,-0.11093620356582999,True,0.2778638954321353,-0.464156211311347,True,0.3176066843802625,0.19355585846692647,True,-0.42980849749006333,-0.2711521810476443,True,-0.2793963656787812,-0.5127449301553114,True
903,30.1,0.3618296096597031,-0.4152050584256224,True,0.4576201738757271,-0.21585440935734,True,-0.13575785374109103,-0.14122031170990448,True,0.28512147706084956,-0.4710006721568872,True,0.36178136806994016,0.21443729803028677,True,-0.4493402681275837,-0.29175355113698903,True,-0.29920560703878324,-0.508957735954149,True
906,30.2,0.3610514431475951,-0.39644862778261925,True,0.4582585191816707,-0.22822603532044908,True,-0.14668348715790006,-0.17469357836380195,True,0.2941208668028884,-0.46919395996243224,True,0.4084862297718641,0.22817551721390028,True,-0.4687308788250592,-0.32554504612319224,True,-0.31851572439252174,-0.5004051197457438,True
909,30.3,0.36499718292199296,-0.37141611842505995,True,0.4594104819227949,-0.24044390821523176,True,-0.16312542606250038,-0.20522754640308577,True,0.30862012328408867,-0.46453346421622665,True,0.43525097500839516,0.25030790269795483,True,-0.4620418726969199,-0.35543384243698906,True,-0.3363214752499848,-0.4805427401162277,True
912,30.4,0.36352892763534006,-0.3478133106713829,True,0.45946186028064745,-0.2738661360076349,True,-0.17754710310939603,-0.2376284567495822,True,0.33414049487602615,-0.44604642796290855,True,0.4650373422285654,0.275274710281701,True,-0.43630502786687975,-0.3851023195182366,True,-0.347608595210464,-0.4651517168760129,True
915,30.5,0.3631407309166713,-0.3246012374119242,True,0.44335376074897653,-0.31373076867127514,True,-0.1923768946791382,-0.2704557060849177,True,0.35926995303761783,-0.4229275444072701,True,0.47577221130452696,0.29193974302496023,True,-0.4127245883197502,-0.41113024191523256,True,-0.3468695509143523,-0.4580411270819368,True
918,30.6,0.3781185380611846,-0.30506056096006495,True,0.42456023271157073,-0.32339645190298144,True,-0.21236746319426053,-0.30127223724565416,True,0.34563613735873966,-0.4133690535473599,True,0.48491315307394195,0.320207907767229,True,-0.39234283945329845,-0.42175510203556754,True,-0.34616408263141585,-0.4589169618790421,True
921,30.7,0.3751153978514796,-0.2731156956147782,True,0.42147221911629057,-0.3271101200883919,True,-0.2353669515204646,-0.33045558887906085,True,0.348463674196014,-0.37458639848314723,True,0.48419218408523396,0.3551744445700306,True,-0.36955262828322655,-0.4230561226440657,True,-0.3469846541060185,-0.46406496848754475,True
924,30.8,0.39217850563001627,-0.2515996639974469,True,0.41255373198187345,-0.31417218823388204,True,-0.25487678072647696,-0.36250388388963656,True,0.3280562753962228,-0.32940743840225106,True,0.45931705194875866,0.38255386414840203,True,-0.3381869346543683,-0.42100062455991993,True,-0.3506488979239923,-0.4684549828423627,True
927,30.9,0.4151313306776915,-0.2420735517479967,True,0.3648058380844303,-0.287504797115278,True,-0.2509473119643932,-0.38453748606680427,True,0.2987953231622514,-0.3079970241187885,True,0.42687339595053897,0.40438969058147817,True,-0.3145912750204442,-0.43935241190862667,True,-0.35671835702220545,-0.4573162089453199,True
930,31.0,0.4397122354183143,-0.25100500104847023,True,0.3215008077531381,-0.27520757588854955,True,-0.25651474802810026,-0.39050186306129875,True,0.26270652394982985,-0.2946827360403343,True,0.3899765733371877,0.42574265730242133,True,-0.2964878794050583,-0.4646926305640646,True,-0.36029824478958455,-0.43173833994757904,True
933,31.1,0.4566244025050089,-0.26601496504318956,True,0.2735229473263682,-0.23102117589018967,True,-0.2247935867657935,-0.4307276097986524,True,0.22567663556631354,-0.2806811228668444,True,0.3529690415259938,0.450878566989609,True,-0.27385175150141633,-0.4952534380564065,True,-0.36163894140308284,-0.40204741584395015,True
936,31.2,0.4553152877087427,-0.27317915914530494,True,0.24621577058540906,-0.2008906773992484,True,-0.2004277473149389,-0.4651809155651841,True,0.19138008806303364,-0.26515311566243627,True,0.3163224477800424,0.47911765526504857,True,-0.25331614023642146,-0.5098797646317446,True,-0.35986249535095777,-0.36811063930730503,True
939,31.3,0.46099560380244514,-0.2877015090666028,True,0.224735959590295,-0.1774133144473783,True,-0.19445839886688226,-0.47159528877520634,True,0.15611570850514617,-0.2516525767148905,True,0.2796515872662226,0.5046041609520763,True,-0.23112388657568692,-0.5152854819233282,True,-0.3612647867893162,-0.3328528210640835,True
942,31.4,0.4486518059543254,-0.2871534312828516,True,0.1969418010754358,-0.14756032937586286,True,-0.18637117631540068,-0.4719163426326019,True,0.11948735469117418,-0.23457183869810247,True,0.2573444305485045,0.5020579761847656,True,-0.23594223731232955,-0.5206581779674841,True,-0.3678971570076424,-0.29616564376572,True
945,31.5,0.44373231213675296,-0.29766625653182993,True,0.1849473438722294,-0.1003097477546926,True,-0.18661442403713466,-0.479626443675703,True,0.08486708352446784,-0.20857163800584586,True,0.23513924842553516,0.49528568808745205,True,-0.23728603585690558,-0.525150777066023,True,-0.3707651966320976,-0.2580307380466792,True
948,31.6,0.43614634261475854,-0.30883459729426116,True,0.1690838029774245,-0.05255904969759733,True,-0.19852955685847012,-0.4895057899022505,True,0.06489957425815329,-0.1803718758934437,True,0.25047129154849795,0.4937641430225548,True,-0.2589184453631863,-0.5187668345640485,True,-0.3810363784427558,-0.23450990637509334,True
951,31.7,0.42546183431158746,-0.313720508396672,True,0.16680116435025988,-0.005131876314927213,True,-0.217445246650397,-0.5011326255499313,True,0.05260495330572927,-0.14461393456150226,True,0.21185235256567628,0.46724526814908895,True,-0.2670047517169586,-0.4989796031225253,True,-0.3941460298396068,-0.23134905172759915,True
954,31.8,0.41213830698093945,-0.3192125447741807,True,0.1666290482367958,0.03811095980065419,True,-0.23400892936010287,-0.5183043736245488,True,0.04671293627774601,-0.1062113723756056,True,0.1840896367255895,0.43017488338138976,True,-0.2563801130194505,-0.4705765474261889,True,-0.4168510266563449,-0.2380743563402094,True
957,31.9,0.3912522725121248,-0.3270854595662861,True,0.16622708995645108,0.07957202482248873,True,-0.25083346716549054,-0.5236475670385247,True,0.046290182342930884,-0.06643951127611532,True,0.18098589526134998,0.4031757745296804,True,-0.2298021871671949,-0.4416188225773717,True,-0.4487576375758108,-0.25179256235333225,True
960,32.0,0.36813306105661775,-0.3398757553655604,True,NaN,NaN,False,-0.25600004138893623,-0.5222667626872979,True,0.04731088930856024,-0.026109963113373387,True,0.18098589526134998,0.36869042970568844,True,-0.19767038155310407,-0.4190994609922116,True,-0.45417782330392037,-0.273314027876886,True
963,32.1,0.34668775753582437,-0.3569682510390112,True,NaN,NaN,False,-0.29825693655860935,-0.5246931625711148,True,0.050576222128263876,0.014522523751385122,True,0.18127559353366643,0.32265653045323944,True,-0.16204064500191415,-0.3956091587692304,True,-0.4590729620982337,-0.305031161976097,True
966,32.2,0.3274280866673129,-0.37205760009097066,True,NaN,NaN,False,-0.3207662933064212,-0.5111315577097952,True,0.04001027589732217,0.05531440256380925,True,0.1784491268254699,0.28096971248815666,True,-0.12656499117978054,-0.36686346015876165,True,-0.4559529431581823,-0.34296186301763454,True
969,32.3,0.3248691600448103,-0.3716012750462811,True,NaN,NaN,False,-0.3304317127449254,-0.4860872693205261,True,0.025042713423256723,0.09505464325348507,True,0.18415364262596123,0.23339790652834536,True,-0.09881769123162902,-0.3376989276029957,True,-0.43831112763168006,-0.3810712117333296,True
972,32.4,0.29801712058797547,-0.40520038410397097,True,NaN,NaN,False,-0.3313575968355971,-0.4575484942638277,True,0.012027121412372251,0.13491339922033177,True,0.1981905395195932,0.18705912362624488,True,-0.07371051577183235,-0.30821374139665325,True,-0.41560233488748427,-0.39893996370375434,True
975,32.5,0.2842713738743652,-0.43160711436999827,True,NaN,NaN,False,-0.32696797789193366,-0.42586320583756104,True,0.0008656787757734534,0.17527312917789287,True,0.20672122721955294,0.14685186822597895,True,-0.051274886302684515,-0.2774610218003706,True,-0.38749917535490475,-0.40538366838728523,True
978,32.6,0.2747729835496352,-0.45584045438003024,True,NaN,NaN,False,-0.3003557760101384,-0.3908142827284666,True,-0.015580871233438843,0.21214069756726528,True,0.2119513108110586,0.09902842662364957,True,-0.02840088684683746,-0.24668592889232377,True,-0.35813744647105367,-0.39033460197163106,True
981,32.7,0.26668571987947837,-0.47264013945086525,True,NaN,NaN,False,-0.2743466105749477,-0.36939837717629176,True,-0.032647689771220914,0.246463346116034,True,0.21496767428252334,0.052355294343088235,True,-0.006260198459430484,-0.21386044794551748,True,-0.342136180987698,-0.3662329345990636,True
984,32.8,0.25949834596596816,-0.4732965042474869,True,NaN,NaN,False,-0.24487557525190154,-0.354043726220919,True,-0.04590554479643882,0.2861777033391268,True,0.2170709156400771,0.0077029708146388745,True,0.013519688174519864,-0.17821151958137021,True,-0.3334501116848305,-0.33658530878460174,True
987,32.9,0.25068620588006046,-0.4740779922405281,True,NaN,NaN,False,-0.21549540613153206,-0.3418964135339288,True,-0.058717724482733796,0.3246603994223864,True,0.2478445128382815,-0.027811167498624736,True,0.028117425107463342,-0.14051538508892625,True,-0.33644338812489194,-0.30266429660674743,True
990,33.0,0.23937774052565017,-0.47578466418274085,True,NaN,NaN,False,-0.18411982948901098,-0.32856400816869824,True,-0.07111373190043359,0.36671059392184346,True,0.2582620784049357,-0.07383445225469275,True,0.0463393325781488,-0.10231050858645122,True,-0.33912970514310087,-0.2654392512601791,True
993,33.1,0.2260044352628618,-0.47265390805802393,True,NaN,NaN,False,-0.1541626466508971,-0.32140094941514247,True,-0.07838855999866236,0.4020390176288904,True,0.28211824371859967,-0.11797756528990862,True,0.07393055064986344,-0.06832305493427682,True,-0.3538840533314,-0.23507558782365987,True
996,33.2,0.21219015150958545,-0.4635501398342107,True,NaN,NaN,False,-0.12421635256324141,-0.32393360745940614,True,-0.0657281967184912,0.4424596117095799,True,0.30554490193905226,-0.15373680904583156,True,0.10343478198637852,-0.041215118961399864,True,-0.3767276156773607,-0.22663968077795352,True
999,33.3,0.1972760754979187,-0.4535861890508722,True,NaN,NaN,False,-0.09331564088504071,-0.33256856925856904,True,-0.04306592959583582,0.4724285224227634,True,0.32095403742169837,-0.1984234707017801,True,0.13608300845989132,-0.01017278646355695,True,-0.4060244169657699,-0.2230108966682002,True
1002,33.4,0.1883119545083404,-0.44074856684469266,True,NaN,NaN,False,-0.06047770379684923,-0.3436111723853406,True,-0.012485835985198744,0.4835021915206677,True,0.34723613971134104,-0.2356119294328573,True,0.169373098778723,0.027158032615230712,True,-0.42894771953557836,-0.24004634182742127,True
1005,33.5,0.1750064449456649,-0.4215879452076411,True,NaN,NaN,False,-0.031009958081951124,-0.3615000404388935,True,0.01862619829775692,0.4840015762481213,True,0.35043023363774806,-0.27885918682754646,True,0.19176654100015358,0.06639362779569015,True,-0.4554399646588331,-0.2599618718656912,True
1008,33.6,0.15880052916595574,-0.4068698697305877,True,NaN,NaN,False,-0.007496872524709912,-0.3850667683321293,True,0.05654205125633742,0.47054157328712015,True,0.364221458803755,-0.30454585432090087,True,0.20792834328076806,0.10625408889742424,True,-0.46033505284635445,-0.2829576513619756,True
1011,33.7,0.1438738273070102,-0.3900435699890577,True,NaN,NaN,False,0.017436784853384103,-0.4108953595942843,True,0.08935443487786895,0.45006058597535653,True,0.3574807859606073,-0.34411010483873944,True,0.224701287133766,0.1478470075817611,True,-0.4633148601156102,-0.31302982483544606,True
1014,33.8,0.1306113981023325,-0.372550898920864,True,NaN,NaN,False,0.03973231980648672,-0.4360959654257221,True,0.11819168528333476,0.4356022927970161,True,0.35514570977646653,-0.3826406911904528,True,0.24438321347079264,0.18819744801799296,True,-0.4625686656523724,-0.34992996644168217,True
1017,33.9,0.11586255497519928,-0.3523736493791143,True,NaN,NaN,False,0.05505491135483916,-0.46213062709221214,True,0.1264269915099597,0.3964845882205476,True,0.3408043757342546,-0.41876711979876946,True,0.27151552096611414,0.2273058576936056,True,-0.4493542288397509,-0.3861165290653591,True
1020,34.0,0.10055503988827486,-0.3325739551970955,True,NaN,NaN,False,0.05753766866002324,-0.48013026771458267,True,0.11832322142445431,0.3525194908956852,True,0.3224747549278852,-0.45790728046415347,True,0.2987552551388079,0.2652565046254292,True,-0.42262176509647925,-0.3992644820823982,True
1023,34.1,0.08454039325505781,-0.3124081261701097,True,NaN,NaN,False,0.04664912211430418,-0.4893392300976803,True,0.12245527054721471,0.30488652701023267,True,0.31388763914643736,-0.4833959890218301,True,0.3265383278178205,0.30070834195932267,True,-0.3971538146925614,-0.41653025218475287,True
1026,34.2,0.06812316596213672,-0.2936241721747701,True,NaN,NaN,False,0.03456089287532226,-0.4998662544085273,True,0.1309443537430556,0.2578560060063445,True,0.2723830884729107,-0.4895951460203603,True,0.35561670758946334,0.3375400979553467,True,-0.36818260076556936,-0.4324528563310126,True
1029,34.3,0.05391937094217272,-0.27167601208698583,True,NaN,NaN,False,0.01498722590442182,-0.5081267015967568,True,0.13569171101491276,0.2135347104732749,True,0.224735959590295,-0.47903140499751695,True,0.38835060642643765,0.37689006672655007,True,-0.3355714439197475,-0.44426960862816944,True
1032,34.4,0.04221846740629523,-0.25116661297389353,True,NaN,NaN,False,-0.006392126533604377,-0.5107671690402716,True,0.13589752233216693,0.16996551356058118,True,0.1979712143537639,-0.4862372979458138,True,0.4017187906272998,0.4151470364377125,True,-0.29964120266787053,-0.45792115000617545,True
1035,34.5,0.035384283205971485,-0.22952965630824998,True,NaN,NaN,False,-0.029376881104192485,-0.5052167886557504,True,0.12848083059918203,0.12888551428934436,True,0.18170076559352216,-0.43650138603547933,True,0.38820956235355414,0.4472773981896425,True,-0.2621359988316251,-0.46906033474181513,True
1038,34.6,0.032148536184638046,-0.20436373011538864,True,NaN,NaN,False,-0.05845845008027326,-0.48996034263576727,True,0.11323391589905604,0.08971647659082828,True,0.171633097614936,-0.3945580449717165,True,0.375907040497942,0.48107340280059874,True,-0.2191644659655586,-0.4722820547921923,True
1041,34.7,0.02540197108485393,-0.17843960829152966,True,0.19640421858564255,0.12263778033463864,True,-0.0787895282229568,-0.46850324512421454,True,0.0901882504426615,0.04900387367412577,True,0.15557473153043383,-0.3491120300777096,True,0.348769452843593,0.5102056396742486,True,-0.18391356069900533,-0.4594196209965122,True
1044,34.8,0.017640213213764258,-0.15362485150325558,True,0.15958273174142082,0.09898046346266548,True,-0.0823242853790111,-0.44759904612911455,True,0.06935910523036704,0.007443781279323899,True,0.1351770043757487,-0.32256058669164295,True,0.3276620221069225,0.5234020862486941,True,-0.17328481766362724,-0.43442687431008387,True
1047,34.9,0.01139129764212559,-0.13584878063094155,True,0.13880936265784963,0.09641061758790115,True,-0.08645139571339751,-0.42046363426844857,True,0.04957646604153889,-0.03199472397471701,True,0.09185911988306376,-0.28344983174068217,True,0.300162253278855,0.5263960240398601,True,-0.16309222667842604,-0.4011441763767066,True
1050,35.0,-0.00729266541386106,-0.11720259518105829,True,0.09199173978953598,0.05058043713328338,True,-0.09580517984407351,-0.38482574723525814,True,0.026634315089498754,-0.06372734105954907,True,0.0785592740677022,-0.26079578999195585,True,0.2605783708961263,0.5264402723315068,True,-0.16308897774591008,-0.36952463564210225,True
1053,35.1,-0.030475342360026695,-0.1142814585412807,True,0.07277108186236589,0.0202686497655993,True,-0.10506510699876731,-0.35079823457483855,True,-0.0006299033709644611,-0.07577492916787645,True,0.0350286155179181,-0.21852912951582956,True,0.22877889879691812,0.5007357503261156,True,-0.15669468734886371,-0.3360520607892988,True
1056,35.2,-0.05604472547751566,-0.1079580339742239,True,0.05226154699577989,-0.02127247845969049,True,-0.1087762218586544,-0.31715012582268365,True,-0.03196275872756698,-0.0718414837522746,True,0.02657390351213224,-0.1758691945298861,True,0.21753006664199817,0.4937641430225548,True,-0.1459315657125676,-0.30257985153922606,True
1059,35.3,-0.08148243938314145,-0.10744421542118686,True,0.02622059368472185,-0.06453726689947621,True,-0.10781970993298551,-0.28109315188423656,True,-0.0649645531495558,-0.05604680346287938,True,0.011647410976374525,-0.14858974265419098,True,0.18615302414295826,0.451272481081566,True,-0.13989474877409727,-0.26820939218475187,True
1062,35.4,-0.09587152800298646,-0.10083256857549372,True,0.024103311644144778,-0.09727005935193984,True,-0.1005186520885739,-0.24591000871579305,True,-0.0982791737760673,-0.040837397481432905,True,-0.016032368285337124,-0.11170243351410004,True,0.18767708157048274,0.4340581728795239,True,-0.14572927866023339,-0.22939544202682396,True
1065,35.5,-0.12810166731815473,-0.10312516914599845,True,0.022275083260093052,-0.14045041901761993,True,-0.08020766203403998,-0.21725792660424112,True,-0.13398976952744762,-0.01837154377252096,True,-0.03766165492572029,-0.07023542437669464,True,0.1890794090253953,0.38905891695525235,True,-0.15619144549846103,-0.18823464822873753,True
1068,35.6,-0.15785809013971316,-0.09838975059239853,True,0.0336259760855064,-0.18639405787555113,True,-0.05319121756397781,-0.1942500037036579,True,-0.16909480668949414,0.01342450956172114,True,-0.03820679910460789,-0.02604054285322454,True,0.19025495044196383,0.34517558306806684,True,-0.1805015074975094,-0.14589851294150072,True
1071,35.7,-0.18831849776128193,-0.08859899321737451,True,0.05168911346933611,-0.22759963201652844,True,-0.025199106996375238,-0.17790055366732774,True,-0.1994440589603621,0.05135553015330243,True,-0.02780557324290827,0.021093189076331835,True,0.19120700129069812,0.2994865823493652,True,-0.210330856591108,-0.11142424683055191,True
1074,35.8,-0.21316445242043916,-0.06669043376443846,True,0.07312747634375817,-0.2726705467096912,True,0.006279554234136177,-0.16386491443949008,True,-0.22520792787329627,0.08880702825335753,True,-0.011052093596973728,0.06435876644453926,True,0.2096349902277019,0.25221551600468717,True,-0.24188908859651145,-0.10402145257205427,True
1077,35.9,-0.21853144664143123,-0.047251431518477126,True,0.0946630840884445,-0.31740675896484094,True,0.03801286429366564,-0.1507245565419773,True,-0.24827103640967338,0.12223000346412323,True,0.0032453915930391606,0.11035949122411455,True,0.238741670399709,0.20884772251242645,True,-0.27650375822781176,-0.09522674813718895,True
1080,36.0,-0.23614825781343038,-0.027505637886718677,True,0.12127992511831912,-0.35910475807229114,True,0.06995331320853329,-0.1400279969415438,True,-0.2683806774627989,0.1581501559090544,True,0.02948435444758659,0.15478965017175783,True,0.27548110193804926,0.16882170081471787,True,-0.313845011353146,-0.08895508548899217,True
1083,36.1,-0.24334075906957794,-0.0017091745440066908,True,0.1302825877182149,-0.3852293677236478,True,0.10108102012214393,-0.13095927360150136,True,-0.29337806332486177,0.19228021159640876,True,0.04407188675704705,0.19991260800980232,True,0.31163484098898536,0.1344713503196612,True,-0.35322070835711766,-0.09096987027839218,True
1086,36.2,-0.2503802953171411,0.025906982249173486,True,0.15749641539535544,-0.42188814839122474,True,0.13498001295450168,-0.1238249927525653,True,-0.316161221437822,0.22688362617699148,True,0.04203069985793787,0.24883007075671862,True,0.3418884733674049,0.1001775182342105,True,-0.3951823429667754,-0.10223210919782105,True
1089,36.3,-0.25798672809551393,0.05265736808657796,True,0.19264721755491068,-0.44892106660641945,True,0.16946090583648757,-0.1158129670075055,True,-0.3421627629569984,0.2641579388754608,True,0.05260920428584809,0.29859181303553634,True,0.37096248356741834,0.07438501099267825,True,-0.41933888560939026,-0.11217267685162699,True
1092,36.4,-0.26582790174448384,0.07378234029296901,True,NaN,NaN,False,0.2034503665217977,-0.10587988044417,True,-0.3747530322575471,0.29407358194200534,True,0.05734813887258634,0.34841919359078505,True,0.40099589056064283,0.05028170983542504,True,-0.42363553567566964,-0.10771541591786682,True
1095,36.5,-0.28195457504645527,0.09659461636530732,True,NaN,NaN,False,0.23541693874952194,-0.10278612694644355,True,-0.401908118186717,0.31439739687783796,True,0.06230946330313718,0.3958445617040219,True,0.43583029849836313,0.027432686396292646,True,-0.427146969891442,-0.11247522558494885,True
1098,36.6,-0.29843765729182153,0.11573119958163673,True,NaN,NaN,False,0.2681558619574235,-0.10428696177384417,True,-0.41181352350503436,0.31920459034721554,True,0.07605988742269855,0.43006289756853017,True,0.4607158284037371,0.007630934496496609,True,-0.41813865268630684,-0.12555789652152866,True
1101,36.7,-0.3005449248137333,0.13739107000134432,True,NaN,NaN,False,0.3021014197917615,-0.10829737016502908,True,-0.4403252178165891,0.31169481004693184,True,0.0730536205862173,0.46328505350845434,True,0.46104676831093927,-0.009683926394755194,True,-0.40359972213273926,-0.14697787502521914,True
1104,36.8,-0.3262033722720954,0.158245369188886,True,NaN,NaN,False,0.3345323907594856,-0.11823986541255574,True,-0.4699198116442653,0.281865335846978,True,0.051333561353306266,0.48340944356157994,True,0.4505487891031391,-0.031039870774222152,True,-0.38371359172150615,-0.14602108929558177,True
1107,36.9,-0.3226915467100756,0.1676236575659532,True,NaN,NaN,False,0.36503245133581547,-0.13645340206565415,True,-0.49723814119713866,0.24775351781460345,True,0.02439216193716802,0.4960579876466237,True,0.42864361349457614,-0.05270825426181065,True,-0.35674629679001896,-0.1456904304326409,True
1110,37.0,-0.35431085196513706,0.19719644202216702,True,NaN,NaN,False,0.3925009901135317,-0.15993324255171226,True,-0.4950833407165933,0.21028829108924324,True,-0.006449674456633836,0.5011845606145329,True,0.4024604444365754,-0.05370598920736581,True,-0.32329375793744897,-0.15126828555073712,True
1113,37.1,-0.37541417488554635,0.2260273671730893,True,NaN,NaN,False,0.4157586494286244,-0.18693031023363593,True,-0.4753235816029038,0.1722549714286521,True,-0.015117334260156549,0.5071465156408204,True,0.3688050156177113,-0.050262188998823246,True,-0.2872986947030383,-0.15686256955170827,True
1116,37.2,-0.3757551194344407,0.2537033705268588,True,NaN,NaN,False,0.42809742990410343,-0.21239035172326,True,-0.4500805733040432,0.14062512219043563,True,-0.029529120156750206,0.48141118368261737,True,0.3310303034953061,-0.03899778672199318,True,-0.24920931617279207,-0.16122647836902618,True
1119,37.3,-0.3993391606261516,0.278543897634069,True,0.1774225720850587,-0.27270496839589353,True,0.4265009621426062,-0.2278545650854561,True,-0.4242031279500065,0.1281183304570159,True,-0.06807149552946011,0.4415037473187275,True,0.293026587481637,-0.028993115545894024,True,-0.21121873468912877,-0.15926213177357426,True
1122,37.4,-0.41016029665689613,0.30213327846489574,True,0.14301045194579692,-0.25466325112936633,True,0.44155264296746183,-0.26638976088816274,True,-0.38984099746759765,0.11698398951554302,True,-0.07688213095984364,0.4278816932095552,True,0.25477813227992796,-0.017080058151366623,True,-0.17142540093066316,-0.15696281832384704,True
1125,37.5,-0.4126819199216658,0.3066564487713592,True,0.1052696688789788,-0.23824523071359233,True,0.4458992888034966,-0.29562006020077225,True,-0.348022398918415,0.10706357442819954,True,-0.09585339445091046,0.3318975275060165,True,0.21871887868920228,0.0056011092760087314,True,-0.1304045990787591,-0.1446176437904654,True
1128,37.6,-0.4231206657134027,0.3078501661362289,True,0.06781157887366833,-0.22257699683317636,True,0.4378881133337703,-0.3151255686368807,True,-0.3039151605021192,0.10203086172116932,True,-0.09335274341309353,0.321852125541759,True,0.1843406322414834,0.03089866721084992,True,-0.09043943230323248,-0.11952101052876761,True
1131,37.7,-0.43744958354989405,0.30283817317379924,True,0.046647462439530545,-0.2062368862405656,True,0.42628808964369264,-0.3224850146850991,True,-0.2597228398077704,0.09020622719108785,True,-0.09335274341309353,0.2720971504225667,True,0.14741133028913314,0.05256613961508577,True,-0.0581232010968527,-0.0880996288303847,True
1134,37.8,-0.4485095041516352,0.2965519120907146,True,0.000624958126608278,-0.19565793555418967,True,0.4067364642541532,-0.3337993854309719,True,-0.2201774918935975,0.07937724332315786,True,-0.08938436226626911,0.17703742936119501,True,0.11335583953919405,0.07542759380647951,True,-0.03645749250453821,-0.0552602702639179,True
1137,37.9,-0.4639774652365593,0.2857548068797839,True,-0.041255131534341384,-0.17290923049282433,True,0.38176467013570065,-0.34862732119179746,True,-0.18108020083661433,0.05841740404393972,True,-0.08923509029978106,0.1612636541225726,True,0.08025712649623179,0.10497483494656613,True,-0.0213702023502573,-0.020757504376456265,True
1140,38.0,-0.4769047257249403,0.272729486879799,True,-0.08239786395955066,-0.12770038684356624,True,0.35430423328544197,-0.3598661181693964,True,-0.1444421729618935,0.030735284546042935,True,-0.08112846073294713,0.11261672801824728,True,0.051335538849475344,0.13483090331399059,True,-0.010253647200191285,0.015662109667225352,True
1143,38.1,-0.4872621082936999,0.25518298467165296,True,-0.0978426686239146,-0.09507104267670877,True,0.3221995471343012,-0.36824267685590834,True,-0.1117944839286999,-0.0016891965437271885,True,-0.07466453917120645,0.06828868569088772,True,0.03197292420266428,0.1677148839565706,True,0.0004956112183539622,0.0557681322954809,True
1146,38.2,-0.4969974214274825,0.23742496657465909,True,-0.10249868446285486,-0.08017335246376836,True,0.2916661024709385,-0.37412343297417006,True,-0.08427121976979336,-0.029191036331303374,True,-0.07883134406556674,0.02259310708778903,True,0.011486625206081864,0.2027489451811199,True,-0.00037181724114897967,0.09783715454253313,True
1149,38.3,-0.49031898994237005,0.21790106899569794,True,-0.12644175036348315,-0.038964820055596934,True,0.25813303173926605,-0.3736288360093837,True,-0.07443976254393149,-0.06606496296373553,True,-0.046753134177064816,-0.01751995092183764,True,-0.016356976884403858,0.23821365501830366,True,-0.004513715491268638,0.14281089702353875,True
1152,38.4,-0.4856727072501323,0.19893955049881398,True,-0.15879197362014627,0.0015580475636189817,True,0.22670502235284595,-0.3639116875290013,True,-0.0669392735903793,-0.10630423006663552,True,-0.019020462729787774,-0.06003834157181568,True,-0.04713248162737877,0.2722748984113661,True,-0.01873873635084867,0.187355338973052,True
1155,38.5,-0.47932015228712205,0.17976323643317668,True,-0.18987866602491732,0.04433501451040364,True,0.19676342302091746,-0.35408550324036486,True,-0.05239038932518383,-0.14830512010869298,True,0.013620453093170046,-0.0987850824295589,True,-0.07926876091453162,0.2989282607642207,True,-0.047537247210306506,0.23086879295460014,True
1158,38.6,-0.4690672465058579,0.1573010771867551,True,-0.2308917157002604,0.075097083575244,True,0.1691034392247532,-0.3432045434666156,True,-0.034424696975330925,-0.18825342718460822,True,0.046555849320702496,-0.13381973300553324,True,-0.11398739738451098,0.31529225934931165,True,-0.08008832439963647,0.26859917701298464,True
1161,38.7,-0.4548901447195006,0.13796237721136734,True,-0.27614955805565383,0.09713407521694292,True,0.14302648199492518,-0.32793721707727697,True,-0.020156953474597877,-0.22852301526618868,True,0.07030435996910916,-0.16516886685344645,True,-0.15576367925453188,0.3359247307865148,True,-0.11614289015151638,0.29605750968896694,True
1164,38.8,-0.43423341119738734,0.12541401930671625,True,NaN,NaN,False,0.11359918182233616,-0.31436991120807917,True,-0.017197878396524348,-0.26763378713993885,True,0.09034123282908388,-0.1983151600963758,True,-0.19568420875748402,0.33606062394221226,True,-0.15709958645475272,0.2995121542772768,True
1167,38.9,-0.43988831724387584,0.1387467079345285,True,NaN,NaN,False,0.08862725309660188,-0.298443035502842,True,-0.024664421152128645,-0.3085042153974059,True,0.10630680664497243,-0.23351779517681034,True,-0.23635413940361624,0.32716974860734094,True,-0.19749358197273936,0.2785133752852392,True
1170,39.0,-0.42823962641969254,0.13409957008475407,True,NaN,NaN,False,0.06963317074117417,-0.27807651904418285,True,-0.03640418197410759,-0.35160422995924084,True,0.12391454723343412,-0.2703938990245493,True,-0.27781753702268763,0.31916649274861647,True,-0.2280048445161917,0.24890507479905669,True
1173,39.1,-0.42908276416665414,0.1267627121276969,True,NaN,NaN,False,0.06098148494531547,-0.2534977229545536,True,-0.051559454135362656,-0.39101573549197155,True,0.13828600192704515,-0.306710163966571,True,-0.3211456799305551,0.31209114494730267,True,-0.24695996273716503,0.21711710226108705,True
1176,39.2,-0.3979290113377816,0.11803992363819435,True,NaN,NaN,False,0.05511462589325302,-0.22124335311467946,True,-0.07317416002812552,-0.4315950690049467,True,0.14423551712797886,-0.3452372526713425,True,-0.36630145388791135,0.30344701890118025,True,-0.2646469518293527,0.18324326543986433,True
1179,39.3,-0.36984038765535915,0.10903110398099004,True,NaN,NaN,False,0.06053646459060954,-0.18656272629615495,True,-0.07450040791607143,-0.4625460935250775,True,0.15197691838846372,-0.362655126986525,True,-0.4000814148209573,0.28639745274330763,True,-0.27804328773436454,0.1468473952942917,True
1182,39.4,-0.34326573701691415,0.1052208282614585,True,NaN,NaN,False,0.07078495373265653,-0.1506252245927867,True,-0.059278338483142096,-0.487813844971157,True,0.14958521592068155,-0.37170077332516716,True,-0.42763090316367086,0.2909428896017915,True,-0.28277308299295867,0.10856479596274557,True
1185,39.5,-0.3218979898962671,0.08509973712596045,True,NaN,NaN,False,0.08634947922249701,-0.11859484129890356,True,-0.03976583437179801,-0.504148045014755,True,0.16988193871699267,-0.4086056434103744,True,-0.42379440575641947,0.2986903267793764,True,-0.2665114204809555,0.07375767652560115,True
1188,39.6,-0.31360236398317803,0.06416301590391511,True,NaN,NaN,False,0.10504244882189818,-0.09154125153361692,True,-0.00427125777862377,-0.5137864574924706,True,0.17666783816248077,-0.43151980111232796,True,-0.4492438184799984,0.28525255622571827,True,-0.261577370361753,0.03597816046980029,True
1191,39.7,-0.3083227099181368,0.0399378750655346,True,NaN,NaN,False,0.12715457796877802,-0.0610866490963057,True,0.012938262547611311,-0.5147879935207775,True,0.21166465967385423,-0.4693860690943471,True,-0.4795282178058847,0.26945375080637285,True,-0.25461969176572347,-0.0024906885048605037,True
1194,39.8,-0.3102268451079088,0.01710028873819978,True,NaN,NaN,False,0.15437185692986574,-0.03377244367039469,True,0.04386171437003984,-0.5033060482889649,True,0.24640994041788777,-0.4958204279880766,True,-0.48740141132104764,0.25019354802135496,True,-0.24515463810687818,-0.04334554072837274,True
1197,39.9,-0.3108499956934101,-0.00742384638333615,True,NaN,NaN,False,0.181426211978282,-0.01603813297535192,True,0.07312098505949846,-0.48489781614289074,True,0.2811143134650536,-0.48649465126539576,True,-0.4840224618452691,0.22561942601562746,True,-0.2321688483829821,-0.08172404468310955,True
1200,40.0,-0.3053177180503876,-0.03348358432037299,True,NaN,NaN,False,0.21125910816326396,0.0015030798313208486,True,0.09829507778874715,-0.4582843541148201,True,0.3130298222804527,-0.4668958878191234,True,-0.4725529939069201,0.19800514370909936,True,-0.21681654097995326,-0.12013484961872209,True
1203,40.1,-0.29711039473900525,-0.058835656547190134,True,NaN,NaN,False,0.2420553082351024,0.01753335866066533,True,0.11117119498946086,-0.43165072664502074,True,0.3328243538147474,-0.46976668549256384,True,-0.46240720441108163,0.16441588025019108,True,-0.19139706156631836,-0.15910527160103596,True
1206,40.2,-0.27969327333531147,-0.08191838454238755,True,NaN,NaN,False,0.2705612676873101,0.03475623114519563,True,0.12515738180002178,-0.40043377627802673,True,0.34826555298966916,-0.4363107539469,True,-0.4434625203312131,0.13635401997288127,True,-0.16407284814409548,-0.19515160006899424,True
1209,40.3,-0.2602927983421176,-0.0977979555028732,True,-0.12566911635543698,0.20310333215212306,True,0.2989618198670063,0.050232401623355974,True,0.14449180612593837,-0.36809080211365053,True,0.34959997760972417,-0.38581866808520104,True,-0.41174126004363265,0.12343929450152488,True,-0.13483979921248943,-0.227489618570457,True
1212,40.4,-0.24356006860570165,-0.11462270954610979,True,-0.0939662854581825,0.18757557482869386,True,0.3270724344234111,0.05967994986568012,True,0.16570086775899537,-0.32807102717212927,True,0.34262905813236605,-0.34238512871837984,True,-0.3715887428326272,0.1128915967408321,True,-0.10667350236252632,-0.25490606576183766,True
1215,40.5,-0.22112070485942034,-0.12518479530269228,True,-0.05812944569680613,0.17800298891755467,True,0.3550314580535208,0.06683762480648714,True,0.192136446663074,-0.28759475395242023,True,0.3326348598281894,-0.3061872819612201,True,-0.32595844354587156,0.10938432266627478,True,-0.07229997386598849,-0.27740743568720894,True
1218,40.6,-0.1970405139482239,-0.13556221267405652,True,NaN,NaN,False,0.38649726866626394,0.0690699232774498,True,0.2180336249235769,-0.2507680595198032,True,0.31061500285193966,-0.2592516700744637,True,-0.2836730293824922,0.11400286159232939,True,-0.03706201023817453,-0.29928042333628185,True
1221,40.7,-0.17222351494096422,-0.14303053225841292,True,NaN,NaN,False,0.4204225967861172,0.07596926115382194,True,0.24118430351638337,-0.2227417112491817,True,0.2854531317897841,-0.21246895806150545,True,-0.24206758210828727,0.12217212107012947,True,-0.0012015441637184877,-0.31273898187654076,True
1224,40.8,-0.1468836279455382,-0.14716063263575746,True,NaN,NaN,False,0.44676712521467277,0.08064449869549943,True,0.25516166602585777,-0.20023708074610796,True,0.2889534861924094,-0.16932466435903568,True,-0.1980997633898579,0.1274802550430144,True,0.03543664751502909,-0.3243632960157468,True
1227,40.9,-0.12100317818476546,-0.15176772950615813,True,NaN,NaN,False,0.4567883079873807,0.07157518833356209,True,0.26285980119684604,-0.16527520262348835,True,0.30362389300709025,-0.12424383736127238,True,-0.15427324932509598,0.1402793586563837,True,0.07393738039067704,-0.33194977773678597,True
1230,41.0,-0.09399164543533942,-0.15418963138758376,True,NaN,NaN,False,0.468137345721279,0.05944418853614592,True,0.26944857579591214,-0.12419962845635231,True,0.3073480355201238,-0.07729014382598948,True,-0.11499527346061772,0.15473208899958726,True,0.11400138961660591,-0.33602864027034834,True
1233,41.1,-0.0676486924957737,-0.15174168899926638,True,NaN,NaN,False,0.47588989456609293,0.04322142902503012,True,0.26601636743395396,-0.08166311036231341,True,0.31841256791815375,-0.04564841482137916,True,-0.07419252768713362,0.16955624943599143,True,0.15414972768574936,-0.3346887985624431,True
1236,41.2,-0.04315427892556485,-0.14782158631590467,True,NaN,NaN,False,0.4807592859714796,0.023312304133382075,True,0.25743171890857913,-0.03977866004000093,True,0.32072358005705115,0.001572301905784617,True,-0.0315528223758257,0.18039561061559464,True,0.19351116061905285,-0.32344810089651727,True
1239,41.3,-0.01832900629135971,-0.14127090643682,True,NaN,NaN,False,0.48093464828419985,0.008698103260356062,True,0.2495370341194271,0.0008737330035678899,True,0.3390008334847161,0.04082230055818277,True,0.013427668706816501,0.18838814055851943,True,0.23126298529321737,-0.3125893872855016,True
1242,41.4,0.002843413075156007,-0.13272294912461563,True,NaN,NaN,False,0.47288206525873283,-0.017687426898614148,True,0.24479666193497512,0.042369080458306285,True,0.33693736993131074,0.08536760982961997,True,0.060107393592464795,0.2002755970608567,True,0.27091477923930807,-0.3011941400429111,True
1245,41.5,0.0295053410197112,-0.12273240205747718,True,NaN,NaN,False,0.45284534275169336,-0.04504771502108949,True,0.24329537631397463,0.08520805301402043,True,0.35753027249462227,0.10876357692783857,True,0.1074213613236841,0.210843558956335,True,0.3138125103110137,-0.28402432073123124,True
1248,41.6,0.053729863501874246,-0.11259987073110408,True,NaN,NaN,False,0.428730779905988,-0.06752739441798891,True,0.2471469664223194,0.12590499724296458,True,0.3527346623535621,0.1525385967301976,True,0.15412330214810288,0.22608050034667782,True,0.35495543953456166,-0.2545865562631313,True
1251,41.7,0.07487850885168026,-0.09655678215936496,True,NaN,NaN,False,0.4106149547609994,-0.06734509435162676,True,0.2537113342632358,0.16619566643456246,True,0.3569259856439222,0.1962829374955499,True,0.19624038712598668,0.24846606031271087,True,0.3809558659345275,-0.22077172013370322,True
1254,41.8,0.08955527954075262,-0.09662476839900745,True,NaN,NaN,False,0.3842340970166427,-0.0608193241996918,True,0.26402476427905386,0.20763365962300023,True,0.36129671401885816,0.2411965859560467,True,0.23330224307024988,0.28069330645014634,True,0.40277164076453353,-0.1819146307863987,True
1257,41.9,0.1184674663714795,-0.07258045415746342,True,NaN,NaN,False,0.35911655684944077,-0.04635046678897456,True,0.2718573807174608,0.25243467732578784,True,0.3613106037427198,0.2890756843050481,True,0.2663219034180057,0.31737756325390915,True,0.395695629158408,-0.1552942888351053,True
1260,42.0,0.1317831966089978,-0.07021490769632234,True,NaN,NaN,False,0.33133585585878855,-0.02497947480004003,True,0.297811550610531,0.29630150062073357,True,0.36582860402400197,0.3387685836552372,True,0.2966531362875142,0.3489349933402477,True,0.3744862068617801,-0.1477146781746545,True
1263,42.1,0.1632874829155555,-0.05177804423229024,True,NaN,NaN,False,0.30767065703138885,-0.0017585389250165619,True,0.3278253489103102,0.31613667145042806,True,0.3733083987908068,0.3861617312356841,True,0.31957820908814943,0.37858627322221805,True,0.3446293420905226,-0.1372890724432112,True
1266,42.2,0.19147578284572309,-0.04281196770351894,True,NaN,NaN,False,0.2976625039092119,0.0195239196056211,True,0.35433358130321246,0.3175274819363444,True,0.3824380369153458,0.4325618231206993,True,0.3294318148897957,0.41779306600747873,True,0.3087855714958609,-0.13024978130746714,True
1269,42.3,0.2165117346498881,-0.0300904800278496,True,NaN,NaN,False,0.2885836550108849,0.04806780315855805,True,0.38209882014580115,0.3033919516707944,True,0.3770343271178505,0.48012082914235565,True,0.3186770816410629,0.46554597631067557,True,0.2710863784182624,-0.12509865408782314,True
1272,42.4,0.2430131428279793,-0.02089724934017427,True,NaN,NaN,False,0.28785003601693965,0.08035409757706385,True,0.40499926450118734,0.2752171088739701,True,0.3467588608382592,0.5135176196944171,True,0.28705444071347114,0.5066064900990178,True,0.23219230366186328,-0.1309746803174358,True
1275,42.5,0.2516399983727385,-0.020511025889531815,True,NaN,NaN,False,0.29468019788451244,0.11206474695669125,True,0.40656149880642495,0.24713798089096894,True,0.33694200692805987,0.521558301537414,True,0.25400002893234175,0.5050068202037039,True,0.19295646242360476,-0.13764520476869196,True
1278,42.6,0.2848026325835544,-0.00824912039421787,True,NaN,NaN,False,0.30827809764182607,0.14417859475992248,True,0.3905076272264892,0.23868012056717947,True,0.295129487706313,0.5284432423572666,True,0.2499565849093339,0.49067590318757043,True,0.15631628368880213,-0.14642498477262791,True
1281,42.7,0.31393410471444017,-0.0030934418734974768,True,NaN,NaN,False,0.32088918518772763,0.17574300426489256,True,0.36203193871176237,0.23224772339825833,True,0.26318232477028214,0.5102276804704553,True,0.21695317179707396,0.4586114878771787,True,0.11701318695024882,-0.15499867048378219,True
1284,42.8,0.34313319818215304,0.006082286284685529,True,NaN,NaN,False,0.3102264011653885,0.1966425658978406,True,0.33072728442383276,0.25827970008030543,True,0.2546825276871129,0.5061171023624922,True,0.19915405898229294,0.44981925212053214,True,0.07342980448423815,-0.15998611994964207,True
1287,42.9,0.36866569629716023,0.01668109351759181,True,NaN,NaN,False,0.29821817133460693,0.22408519531328763,True,0.30707208352765486,0.29217180214537725,True,0.20753331991690055,0.4810515244754978,True,0.19089750588922333,0.43210540356605703,True,0.03229552615214188,-0.17214839036376456,True
1290,43.0,0.3928685971688319,0.026523334764612015,True,NaN,NaN,False,0.2867740754747925,0.253991961927926,True,0.28553131432657713,0.32603625629189675,True,0.20290068119063592,0.474439628716379,True,0.2002887139906154,0.41237186648274493,True,-0.005304734062190624,-0.19776834402798493,True
1293,43.1,0.4174741912886485,0.03640857259204511,True,NaN,NaN,False,0.2714615525318519,0.2864217221386353,True,0.2659478137280682,0.36118008609827823,True,0.19230944132295927,0.4453817189411332,True,0.1732652956738891,0.3722933761798368,True,-0.035403655585427185,-0.22832022171073937,True
1296,43.2,0.44212579435357957,0.04370904135461082,True,NaN,NaN,False,0.25509298748938963,0.3175787807793072,True,0.25152922972614394,0.3973382377810194,True,0.1779907928182144,0.40898950856823824,True,0.14508001827220737,0.328554216652569,True,-0.06136820917335271,-0.2602434276315909,True
1299,43.3,0.46421262180747913,0.04912023335096935,True,NaN,NaN,False,0.24373343850408105,0.3495950421512081,True,0.2411672191816229,0.4352277207393307,True,0.1821868774193995,0.3797067477733781,True,0.10972130567718492,0.2901521734633522,True,-0.07991871564824524,-0.2933584564670705,True
1302,43.4,0.46642749143776097,0.04989706880344435,True,NaN,NaN,False,0.2355843446687571,0.3792746661515837,True,0.23956026494714205,0.47480559327611477,True,0.1732889440377377,0.29592524183638264,True,0.08361200515891709,0.2529945279206011,True,-0.09435952490903361,-0.32974651042018555,True
1305,43.5,0.47040463176522324,0.05622590926600129,True,0.08482405631177409,-0.020070885942371896,True,0.229958882183633,0.41014495150738633,True,0.241771319605961,0.4826843677442162,True,0.18126898391289029,0.26390473641587203,True,0.0650273628149713,0.21135709391888063,True,-0.10162044244686672,-0.3673956217297809,True
1308,43.6,0.47040306854297737,0.06324708747927218,True,0.07084194245890263,-0.021274195975632244,True,0.22815453353698148,0.43976731940696806,True,0.25007668312513875,0.5008921151046448,True,0.17353013354191554,0.21844790717439697,True,0.045576411099749484,0.17254305380577406,True,-0.10508537227586259,-0.40513234805104437,True
1311,43.7,0.4688755426324175,0.07799555783114256,True,0.02624268025822576,-0.046201247878259105,True,0.23941282347167137,0.461855583884994,True,0.29319194259911485,0.5164112351457734,True,0.16605940272559225,0.1839107462457912,True,0.026635147086918783,0.13235929293285825,True,-0.0924152420346161,-0.44043693222193775,True
1314,43.8,0.4639233392091433,0.09014167764617605,True,-0.01597600749393109,-0.07779147146134913,True,0.23454017330626986,0.4915660686357564,True,0.3211015201785138,0.5271233721087393,True,0.1494744110191948,0.13591911794595715,True,0.0047736614916867,0.09002119576704724,True,-0.07150615703356507,-0.47689590335845755,True
1317,43.9,0.45674759592932157,0.1013017618037061,True,-0.044819457040882534,-0.1016952348917322,True,0.24667505156375463,0.4948331062699096,True,0.34783290103211095,0.4995343659472301,True,0.1278017707149996,0.0896169355843894,True,-0.012655448028899586,0.04763983166012519,True,-0.04534861464843461,-0.5036852904925583,True
1320,44.0,0.4420342934432135,0.11384172558766713,True,-0.07455417674872251,-0.13182981797239135,True,0.27079813040251544,0.5079614374210418,True,0.3660768601900255,0.4622955889244855,True,0.1063534325825614,0.05317525989812019,True,-0.031369945564892976,0.004431915486229134,True,-0.023959023628613903,-0.5070117127509095,True
1323,44.1,0.4225839526569049,0.1248018766760408,True,-0.1171473782072353,-0.16820725783806764,True,0.289748991418287,0.5114511266882992,True,0.3816177088299696,0.42484768791405725,True,0.06593718707329989,0.026699826890138858,True,-0.04998468791790309,-0.041465082996298315,True,0.0008628595853830404,-0.5108549368401304,True
1326,44.2,0.40442156945601204,0.13055357632333645,True,-0.15862353946594568,-0.20362573633849626,True,0.28838080519045817,0.5045311715415385,True,0.3972089494755729,0.3848998333589131,True,0.04819158235702272,-0.009618950079895022,True,-0.06916109702078851,-0.08518483433468657,True,0.035624302547662946,-0.5012751696231612,True
1329,44.3,0.38348031116123243,0.1337338599408603,True,-0.17423412595551094,-0.23521296370461633,True,0.3068082727806368,0.49889561224331164,True,0.40841738366089336,0.344193234949551,True,0.02404914970368385,-0.05563641489770652,True,-0.0872322742021404,-0.127563416339749,True,0.07291548154829494,-0.4790961348385477,True
1332,44.4,0.36288452322362896,0.1424044557484813,True,-0.20286558296609666,-0.28076450127063557,True,0.3215008077531381,0.4937641430225548,True,0.4210693424870375,0.30095587291306264,True,-0.013058507703500312,-0.070354333501254,True,-0.10397638326761847,-0.1698702101258122,True,0.09704952361768275,-0.45699883304402406,True
1335,44.5,0.3567921273144258,0.1467150691192244,True,-0.20918291856818227,-0.29658166928692203,True,0.3559840079661336,0.4834627185618855,True,0.4282641440553135,0.2825652267413439,True,-0.015961834412562763,-0.08632358356154042,True,-0.11647296669907081,-0.19835928599961702,True,0.10070141306143231,-0.44924009926337816,True
1338,44.6,0.3250063440752775,0.16760873222598693,True,NaN,NaN,False,0.3791804622383403,0.45322482550644855,True,0.4391258065924845,0.24374797126948317,True,-0.10879206295330132,-0.13331750175522114,True,-0.14678638534999855,-0.24365423778560574,True,0.11631610382182526,-0.41502811099768766,True
1341,44.7,0.30601966661679997,0.18731416446722665,True,NaN,NaN,False,0.3974158334365949,0.4290552741672136,True,0.44142745467836386,0.22971963713139246,True,-0.14057652051457872,-0.14667842077074966,True,-0.15867587867820152,-0.2868667106788938,True,0.1354414578999868,-0.38142826709807054,True
1344,44.8,0.2889383309642989,0.2056023850654418,True,NaN,NaN,False,0.4141465907131237,0.4002103864851138,True,0.40345695693943506,0.1911230410179582,True,-0.17171576578235218,-0.14915691250450952,True,-0.1701592288963512,-0.3285360856739381,True,0.15575762578430372,-0.3463056063982929,True
1347,44.9,0.2643300820099421,0.22028529728595395,True,NaN,NaN,False,0.420911361998474,0.3711436747570546,True,0.3610881758115577,0.18515930207550382,True,-0.2155809550877665,-0.16725694512011044,True,-0.17912789787314554,-0.36825952999257655,True,0.16885403351199835,-0.3065065142599803,True
1350,45.0,0.24177047726657058,0.22955987591179788,True,NaN,NaN,False,0.4297641908349808,0.34353535395863605,True,0.3183808064065359,0.18641139811584556,True,-0.25714400065401705,-0.18045303480325772,True,-0.1810296626122616,-0.41228290531775,True,0.16999157596893558,-0.2641743461451526,True
1353,45.1,0.2186486920815453,0.24054511242816334,True,NaN,NaN,False,0.4316574726927636,0.31478894432216015,True,0.27560550258597394,0.184400511153542,True,-0.2941158571062832,-0.18170528888233273,True,-0.18779060146540705,-0.4509084061298586,True,0.1596300657758666,-0.22320458085686562,True
1356,45.2,0.19465588390961394,0.2516680407320891,True,NaN,NaN,False,0.44114379871489673,0.27606695860946595,True,0.23610281897357308,0.18753125867817197,True,-0.33168895634398277,-0.21208052872173153,True,-0.20256153441269598,-0.4848562984404809,True,0.15013875079090117,-0.18402371061623132,True
1359,45.3,0.17099888695851329,0.25732442244882336,True,NaN,NaN,False,0.44552861490311396,0.24707122686590816,True,0.2000381023695287,0.19597804953471143,True,-0.36568119619265743,-0.23769788737163433,True,-0.2320083423808116,-0.5076266977184043,True,0.13736436878242259,-0.14401845920193893,True
1362,45.4,0.14724308132987426,0.25535186760411527,True,NaN,NaN,False,0.4420205128548523,0.22840042810005898,True,0.16215088272393294,0.2038130429402594,True,-0.398489227353116,-0.26881971350791933,True,-0.2629413406024028,-0.5141524003569787,True,0.11191130126966463,-0.10289438627097551,True
1365,45.5,0.1205088489260853,0.2575944645002491,True,NaN,NaN,False,0.4169518723549707,0.20594104779985017,True,0.12013453765701883,0.20833094463991497,True,-0.4316043666614454,-0.30006481468283586,True,-0.2955129478660208,-0.5144576810360812,True,0.08144330000208222,-0.06473229770034222,True
1368,45.6,0.095678411251853,0.25801854809753916,True,NaN,NaN,False,0.3888422088348891,0.19451883776314005,True,0.07583280118750686,0.21310029158626503,True,-0.4490942043084876,-0.3276344460612972,True,-0.3269674415197697,-0.5020702567724338,True,0.04913811264750847,-0.036005959110275106,True
1371,45.7,0.0701770311975207,0.256253053541333,True,NaN,NaN,False,0.35959169857975903,0.18630382883958133,True,0.03284631715860639,0.21698655678889578,True,-0.444342957073826,-0.35162310865339125,True,-0.3497468544713895,-0.4744017380301482,True,0.014149545942745603,-0.026608531753171665,True
1374,45.8,0.041492531611907565,0.25765100935826035,True,-0.3287881856932888,-0.26213858484641606,True,0.3262753743435562,0.18589492354368545,True,-0.010883848799736398,0.22211611540014797,True,-0.42913316196827833,-0.37808616100368264,True,-0.3511884002319959,-0.44238813684603173,True,-0.025745272604401865,-0.024616510896374157,True
1377,45.9,0.014073609396734053,0.2558637319455315,True,-0.3280589708719045,-0.2525604837653309,True,0.29356365604487883,0.18748167417984454,True,-0.05369536706635607,0.2292909805185902,True,-0.4032812771301362,-0.4086022403850075,True,-0.3446401302837377,-0.4125274601833619,True,-0.06599873883634297,-0.03056565461528703,True
1380,46.0,-0.005856214102330539,0.26835982832234284,True,-0.30357603396836785,-0.17943786573962317,True,0.2630271724568367,0.19059191711270673,True,-0.09325971676725175,0.2432454258286641,True,-0.37701873468903374,-0.4194971033098777,True,-0.3151069826877127,-0.3807689847240378,True,-0.10677393508424395,-0.039610493668642076,True
1383,46.1,-0.03788980364163311,0.2568760069846788,True,-0.28672766781231784,-0.14058119529656835,True,0.23396028594639565,0.20134100199298788,True,-0.13040663567058905,0.2672254740788891,True,-0.3568825426650918,-0.42756074108111103,True,-0.29467010420142575,-0.34182871600152587,True,-0.1463036734308765,-0.06544064974742694,True
1386,46.2,-0.05571157101362091,0.2654512701812391,True,-0.2698532597674488,-0.10544024689698962,True,0.20544799505763003,0.21645151107572563,True,-0.15981209199437785,0.2983788574047006,True,-0.3177071596618224,-0.4192423388158745,True,-0.28510664576540234,-0.2994420726270201,True,-0.1718521687547279,-0.09478936490865612,True
1389,46.3,-0.08963788525851772,0.24017053335807384,True,-0.2485293743217614,-0.0658100339004222,True,0.17527292658456198,0.23499807747408974,True,-0.1792718648443513,0.3305646792021422,True,-0.2773916178495205,-0.41695584202512703,True,-0.28125637393674957,-0.2504737881520702,True,-0.19071808265496143,-0.12565289493655166,True
1392,46.4,-0.11941214992188123,0.23532422053562335,True,-0.224435434338097,-0.02308672587384405,True,0.14446734042625922,0.2517526552088895,True,-0.19394607676507175,0.36716348200850796,True,-0.2347560920799618,-0.42874311324180586,True,-0.274790335124133,-0.20131215911142106,True,-0.20436882677774518,-0.16206372361006915,True
1395,46.5,-0.1401486459195284,0.20891390310415892,True,-0.20049049212985512,0.021036198724776682,True,0.11533325769985875,0.26934706700601696,True,-0.2055889312297284,0.4062570588695409,True,-0.19681516966686302,-0.4556788620100321,True,-0.27497572058365755,-0.15596800996990742,True,-0.21539503150760464,-0.20076805788433286,True
1398,46.6,-0.1679852060918821,0.20655783836900982,True,-0.19405135804380416,0.06738644218150118,True,0.08630891639124538,0.29656587230864784,True,-0.22842498402918293,0.4516469255251531,True,-0.19124808549370984,-0.4642069150639188,True,-0.2731287905015272,-0.11063511093888587,True,-0.219551552652748,-0.24140709255421447,True
1401,46.7,-0.1894515438992478,0.1948405849424665,True,-0.18857347165844446,0.11545476323697135,True,0.06928849205816538,0.32147330561248033,True,-0.23171569195637665,0.4738425451029097,True,-0.1917771227933534,-0.48715994776445215,True,-0.2721755553690654,-0.06856756616815593,True,-0.21715431247975323,-0.28327082582386304,True
1404,46.8,-0.21519361290835928,0.2175262833735312,True,-0.19669235614525854,0.15714906473925516,True,0.05540523860304439,0.3499830170954379,True,-0.2760891974872183,0.46794490904166675,True,-0.20505643258068199,-0.5104999814282405,True,-0.27737008915076217,-0.02478049198087101,True,-0.20930815464592087,-0.3229389364934159,True
1407,46.9,-0.24018955226727914,0.2404494934378534,True,-0.2155923590323168,0.18458601199699393,True,0.046703201604560624,0.3800371831519943,True,-0.30592658538784995,0.4685435177035159,True,-0.22972126757821712,-0.5088102588345866,True,-0.28019876130606913,0.019401494917251245,True,-0.19535805291329983,-0.3623843688799191,True
1410,47.0,-0.26085166616969657,0.25517514024676985,True,-0.2554497905993916,0.21932775793456485,True,0.04746192659042023,0.41070181370612985,True,-0.344012834199327,0.45113540387178863,True,-0.2646941314869679,-0.5028390302865723,True,-0.2838753235150586,0.06312474330187302,True,-0.18239367758966293,-0.3939412342058037,True
1413,47.1,-0.28243444735100376,0.27381214740978127,True,-0.2545283616651042,0.2231809564931231,True,0.05580443755343546,0.44304574265569635,True,-0.35882112436587493,0.4269519951775609,True,-0.30458962789389077,-0.48627729069166953,True,-0.2895484828745458,0.10774459503739757,True,-0.17535765128599035,-0.42201113998453355,True
1416,47.2,-0.3028314759280519,0.2847221469051254,True,NaN,NaN,False,0.05734884803758027,0.46887358802499624,True,-0.3749881056192158,0.4063851218091739,True,-0.3420764493431736,-0.4627400021433283,True,-0.2959700690770598,0.14966772457134608,True,-0.1778743936932123,-0.45000813129091494,True
1419,47.3,-0.3250276850381931,0.2855455654465637,True,NaN,NaN,False,0.04886721137211434,0.4806872214246389,True,-0.38143872850448257,0.36382723182413224,True,-0.34000128994234496,-0.45497801058150034,True,-0.2998622993802043,0.19037390257890363,True,-0.1904160782764688,-0.4742760672235454,True
1422,47.4,-0.35266051234705614,0.2781659393257575,True,NaN,NaN,False,0.029451853651184894,0.4943475026878286,True,-0.3714921373877172,0.35565186766600176,True,-0.35846598945425817,-0.4114643821539031,True,-0.3005503519925816,0.22937282289595573,True,-0.2100545118146946,-0.4957249542585486,True
1425,47.5,-0.3715568424099078,0.25966910165139984,True,NaN,NaN,False,0.01699005715965681,0.4913062987659868,True,-0.38477289291934713,0.31468301178793723,True,-0.3520380565372211,-0.3673419320783221,True,-0.29967757096038916,0.27142248046488,True,-0.23907944496530606,-0.5117055912444506,True
1428,47.6,-0.38417100738775767,0.2400107656323501,True,NaN,NaN,False,-0.002882535305702215,0.4896965899126871,True,-0.41979952995930886,0.2852971313052029,True,-0.33835310365518567,-0.34778121201068185,True,-0.3038283663559636,0.3180196609268069,True,-0.26628307038854104,-0.5136968007582052,True
1431,47.7,-0.3944101081610067,0.21904704589770352,True,NaN,NaN,False,-0.03737847286072216,0.4853092530960369,True,-0.45275055350211874,0.2763293827527559,True,-0.34092663685100594,-0.2965801563338381,True,-0.31445883775245415,0.3640699477987311,True,-0.2883517395272982,-0.5115867847164001,True
1434,47.8,-0.40258195626553755,0.19537722337411575,True,NaN,NaN,False,-0.04746258305815059,0.4951728138244775,True,-0.4827160141567854,0.2563774388597224,True,-0.33071377353706644,-0.24656460291612148,True,-0.32139637937605864,0.4086973229953281,True,-0.3087255441845756,-0.49831907998358677,True
1437,47.9,-0.41011883941323235,0.16953070615251664,True,NaN,NaN,False,-0.07335162467935535,0.466122490178559,True,-0.4889752809147623,0.253450782303551,True,-0.3147551272931134,-0.20096690483061713,True,-0.3269181836685641,0.43162774633814405,True,-0.33562280832691543,-0.48243213606852176,True
1440,48.0,-0.4141874784046509,0.14979178699692233,True,NaN,NaN,False,-0.0773968375990077,0.460822918116055,True,-0.5000000000000001,0.2202083186243909,True,-0.3051942791939173,-0.16585543040371054,True,-0.326228382126916,0.43641830806055676,True,-0.34650127695619637,-0.46114605810600057,True
1443,48.1,-0.39954652745510183,0.14198213821811423,True,NaN,NaN,False,-0.08935103424859409,0.4227688936529889,True,-0.4956912075314158,0.1988922580238125,True,-0.2912719292589234,-0.12077330246664074,True,-0.3437244016697515,0.43554374510543137,True,-0.3519429702132771,-0.4365490760275479,True
1446,48.2,-0.3677089974577476,0.13722020205938093,True,NaN,NaN,False,-0.10356285943588091,0.3859132417200924,True,-0.4703418118352572,0.16856288902707023,True,-0.27555889367717046,-0.08373670611951953,True,-0.36927672258869454,0.4185944754471055,True,-0.3602769946738571,-0.403848210717943,True
1449,48.3,-0.34144047073622485,0.11790436537257751,True,NaN,NaN,False,-0.11287578366679593,0.34885147614736595,True,-0.45955039228361094,0.15916999779334134,True,-0.2616644539409673,-0.03665292648152724,True,-0.3758277490249923,0.39302152782003813,True,-0.36482233908626605,-0.36759795884524804,True
1452,48.4,-0.31301608130383585,0.09721121470910088,True,NaN,NaN,False,-0.12666429314766883,0.31494634615691325,True,-0.4303676580641349,0.13484016471992966,True,-0.23613641906541635,0.00587799088295312,True,-0.37966929260725213,0.36259616794525795,True,-0.36567035884336174,-0.3319148203947115,True
1455,48.5,-0.2934853018124395,0.07985024041808476,True,NaN,NaN,False,-0.14400353617454179,0.2816400897324733,True,-0.40164916734598033,0.12217401373398987,True,-0.20658820402918654,0.03361640760988594,True,-0.38100638820177274,0.32593692503980576,True,-0.36517750032340796,-0.295715454049547,True
1458,48.6,-0.27567676149753906,0.057258942373247815,True,-0.3147942167629792,0.03294420610066527,True,-0.16401752577552886,0.24717153825879068,True,-0.37069630019385297,0.11069680521369399,True,-0.1995181975440308,0.07979923066923887,True,-0.3787246869611995,0.2808936202772346,True,-0.3645969820253969,-0.25896213939814244,True
1461,48.7,-0.2709080866858158,0.03343900825570056,True,-0.29975010571788124,0.01663108851747199,True,-0.1714298846409626,0.22648643032599358,True,-0.350311063372364,0.08608898907536172,True,-0.19091553544497802,0.11429194225180428,True,-0.3661533175422703,0.2339624346040311,True,-0.3763213039981592,-0.23499075590741667,True
1464,48.8,-0.2737441573139334,0.009266768135560146,True,-0.299971199635048,-0.028763914555193195,True,-0.14915452517928104,0.20583987364061213,True,-0.3498429523465733,0.05202971194999687,True,-0.20281436414334714,0.13153067720445805,True,-0.3456659486323997,0.18818437106794125,True,-0.38683637676102883,-0.22806351645279152,True
1467,48.9,-0.26825552063520425,-0.015046516419785095,True,-0.28574653543165907,-0.06479905149924194,True,-0.12272793425502351,0.18856387538072397,True,-0.3643218348053723,0.013709503895009297,True,-0.2269210883322556,0.16227482588207978,True,-0.32004620899860237,0.14554689610178262,True,-0.4140768769215514,-0.2251987346221272,True
1470,49.0,-0.2562270946999436,-0.04205589627225965,True,-0.27881546524320217,-0.10975690716103344,True,-0.0913480494104042,0.17855386028546924,True,-0.37706880583565433,-0.024214987074655307,True,-0.22923529615240515,0.1777342665758225,True,-0.29972837713635625,0.10724640045143741,True,-0.43950646277812855,-0.24181747891301136,True
1473,49.1,-0.2629622567979186,-0.048120001291567883,True,-0.28173537334713916,-0.1585864893792885,True,-0.05769398522139733,0.17327695525913034,True,-0.38722628798040787,-0.06598200343019428,True,-0.26141553006014084,0.21841269450975617,True,-0.2851226024641484,0.0687392133761062,True,-0.4573778726238333,-0.2642161223795339,True
1476,49.2,-0.2355979820470784,-0.08145855934459013,True,-0.2769978584748334,-0.20666857567986444,True,-0.0204597252225568,0.16978534840227086,True,-0.3968345890539039,-0.10887350554755307,True,-0.28881995496634005,0.25061811309664295,True,-0.2732854148222596,0.028500442857659916,True,-0.46913462450996146,-0.2868181698835388,True
1479,49.3,-0.21420305210888818,-0.11001688019899275,True,-0.2637391176249824,-0.2520748118596582,True,0.01620074802546562,0.17428366283912847,True,-0.39564636123593305,-0.1235683629487987,True,-0.3279562067236376,0.2901092250998191,True,-0.25915306050187137,-0.014707009604491198,True,-0.47272666771102634,-0.3141658761400132,True
1482,49.4,-0.19910175163623894,-0.1336693341212602,True,-0.23541177582237385,-0.28653112195015884,True,0.05126541991441013,0.1759973239320583,True,-0.37648363177431016,-0.1389562520087842,True,-0.3551005975931891,0.3321609044489189,True,-0.23602807484486185,-0.059743198758389335,True,-0.46663715941811357,-0.340821914847708,True
1485,49.5,-0.18215689584067282,-0.15686950803522978,True,-0.23131513114331295,-0.33500458258000393,True,0.08857929486906897,0.17150203531631186,True,-0.3378889601367455,-0.16064364490403477,True,-0.36237274681617515,0.36351751046915826,True,-0.20181090185641973,-0.1023696447539885,True,-0.4558721780805927,-0.37270128022444615,True
1488,49.6,-0.16249994218672534,-0.1721505290748812,True,NaN,NaN,False,0.12433286461776334,0.16328240169564612,True,-0.29613772590326704,-0.16403153141289192,True,-0.37091687702629844,0.4064426478453158,True,-0.1670346851702122,-0.13323271487838032,True,-0.43254483975347924,-0.39274565047208754,True
1491,49.7,-0.14098506097306673,-0.18420043174302186,True,NaN,NaN,False,0.15593859071665173,0.15532076040185008,True,-0.2537796792203786,-0.1742282535779313,True,-0.34720257674110305,0.44729674259618724,True,-0.13105175532126007,-0.15194540898161976,True,-0.4047706799617456,-0.40562223895683974,True
1494,49.8,-0.12602062129088476,-0.20186914967545586,True,NaN,NaN,False,0.18871285345719252,0.1429333758109003,True,-0.21742724047924256,-0.20043091392060824,True,-0.332691330624381,0.46185233139438314,True,-0.091839312286812,-0.16277002384393377,True,-0.370983857293581,-0.41325477228039104,True
1497,49.9,-0.09960332601851477,-0.20693386551679413,True,NaN,NaN,False,0.21981797887672658,0.12442522444592637,True,-0.1964451754205437,-0.2334917547283937,True,-0.29144324469781796,0.46763038096452497,True,-0.05263971992335735,-0.17477771553014845,True,-0.33117859028821556,-0.42040293632237963,True
1500,50.0,-0.07693302508870652,-0.21431314831449402,True,-0.24230910851388737,-0.522628654346488,True,0.24990751291385332,0.10293700988236018,True,-0.18386012883400996,-0.269456817505949,True,-0.24812427791423727,0.45166619814495046,True,-0.011757833441739021,-0.18534043668919534,True,-0.2902965239182747,-0.414666224799878,True
1503,50.1,-0.05302662829202532,-0.22896864407073073,True,-0.26667396871873716,-0.5197699442108242,True,0.27114230086048985,0.07713445773950856,True,-0.17473628816133818,-0.3066726950391291,True,-0.20559019924142521,0.4241291637990823,True,0.03427095442982728,-0.19246203579287216,True,-0.25176097562082095,-0.40141966255856715,True
1506,50.2,-0.03085945771824447,-0.24492124583650257,True,-0.2808189936836863,-0.5249755325294867,True,0.28634979224252655,0.05043057199006126,True,-0.1632931826191697,-0.34080655166234225,True,-0.17036891839950002,0.4042343910215781,True,0.08103672869087852,-0.19362314220345173,True,-0.22030701011674583,-0.38721960513260933,True
1509,50.3,-0.008529549628791898,-0.25919996923557964,True,-0.3204904119989935,-0.4950528696518215,True,0.2974032293450332,0.020751747704601756,True,-0.13088737729937633,-0.37172643137384614,True,-0.15023960137560494,0.36331796890343354,True,0.12963914220252065,-0.19131039370480787,True,-0.19555821285148411,-0.370012156727453,True
1512,50.4,0.013868269856840284,-0.27191666195876707,True,-0.34118039441562376,-0.45997965689509396,True,0.308581508258587,-0.00813316932920931,True,-0.10793743937728366,-0.400355879884934,True,-0.12835279487624957,0.33935215127333707,True,0.2138158548253124,-0.18479297879753537,True,-0.17360605143191354,-0.3479318259127273,True
1515,50.5,0.03738082810333062,-0.2854641779793916,True,-0.3448740936356348,-0.42517867875505977,True,0.32925959709123476,-0.03735904037637028,True,-0.0910126178313114,-0.4361811950769047,True,-0.1077946291131471,0.2904038508868696,True,0.24518383983993267,-0.189515856735504,True,-0.15095318777776887,-0.3188703329769263,True
1518,50.6,0.06090171691019814,-0.2957484650485524,True,-0.35004037574180424,-0.385603727516963,True,0.35267482720148935,-0.06245787197899381,True,-0.07311126046836552,-0.4697094090835522,True,-0.06897450583683068,0.2473309507849519,True,0.2826635450872864,-0.1874405205928435,True,-0.13672855762332975,-0.2869784184775795,True
1521,50.7,0.08678966662712762,-0.30064440256437336,True,-0.35818090175487494,-0.3550875732218785,True,0.3637384937755122,-0.08595825403791044,True,-0.047938307307078466,-0.4969110332773023,True,-0.03456969551959821,0.22201678604873035,True,0.3248913637865281,-0.17562130707953005,True,-0.13007234535242784,-0.25101967385838,True
1524,50.8,0.11342464396027692,-0.3024040313186794,True,-0.3487234892738986,-0.3084520791177891,True,0.36718000477215157,-0.1097882198570509,True,-0.01806428207654686,-0.5108192256705958,True,-0.0010154931487882726,0.14342846556691585,True,0.3666998704778251,-0.17186300283163075,True,-0.12397785790443995,-0.21404681278321744,True
1527,50.9,0.13954983248550296,-0.3024538342687726,True,-0.34687919390222066,-0.26845205124952126,True,0.3781402576926277,-0.13401668038979125,True,0.01443833926734647,-0.5103485935376642,True,0.015965022064613886,0.13033435205021526,True,0.41074894289195657,-0.18242350594328552,True,-0.12571421699652646,-0.17867140607835535,True
1530,51.0,0.1676751205089113,-0.2994584158732462,True,-0.3368505648417308,-0.23004263020871465,True,0.39468027283957813,-0.1601269722494856,True,0.03781326360170425,-0.5071239441727611,True,0.00589753500733458,0.0891073477078706,True,0.44865232477137035,-0.19573749046348685,True,-0.13055361845560612,-0.1415612808480206,True
1533,51.1,0.19391110250810525,-0.2916367586290886,True,-0.320156464534797,-0.2005244178860889,True,0.41220563611745564,-0.18175025377842938,True,0.053794804103477936,-0.49958835243524136,True,0.0023826914714214606,0.042881127114839004,True,0.4730602675921924,-0.22614083847700278,True,-0.14318605271062024,-0.10204873940259933,True
1536,51.2,0.21983703996350726,-0.28451875837998675,True,-0.3115883584186546,-0.1722662480557377,True,0.43497568332768305,-0.19787210412023787,True,0.08007165604229703,-0.48020248909341656,True,0.00855917114139017,-0.0003542305749419584,True,0.48111761804148734,-0.25281624327564783,True,-0.16751119368187603,-0.06152695136027587,True
1539,51.3,0.24628591387740079,-0.27315761205180095,True,-0.27791332375819505,-0.12588620362682165,True,0.46119390434773194,-0.2016626152216499,True,0.10469295665486504,-0.4460055203577578,True,-0.003846309284176222,-0.04525625738201604,True,0.4739446131085712,-0.28250734614839207,True,-0.1950903688564673,-0.024196281486706734,True
1542,51.4,0.26662962334794543,-0.2578512127471657,True,-0.253769054335732,-0.08357105340806444,True,0.4676220897718493,-0.2121321021371785,True,0.11458998356526658,-0.40996071994442335,True,-0.020755711534635582,-0.09263229258022357,True,0.45197880083923714,-0.3125832825736874,True,-0.2249461688964667,0.005003152168427724,True
1545,51.5,0.28048440757442,-0.24854618341601367,True,-0.2431439109908619,-0.04755746192914311,True,0.47206346845075087,-0.21651732394697326,True,0.12842115441649932,-0.38069621110242835,True,-0.03488492458282944,-0.13240811422503412,True,0.4289031074385357,-0.32728198852093693,True,-0.2516804158329581,0.024356493027687016,True
1548,51.6,0.30520811858256214,-0.24226635098204974,True,-0.25464612356283106,-0.0031059259407652784,True,0.4766024418676134,-0.2285649696700096,True,0.15147289227772376,-0.3457557691373015,True,-0.05219585757153997,-0.17217631627654537,True,0.39934504461620457,-0.3384840335284842,True,-0.2756936920996387,0.05465405442626238,True
1551,51.7,0.313891960333505,-0.21491212821648775,True,-0.2882227778440315,0.025975990213152004,True,0.48068854946200074,-0.24280852290965146,True,0.1803603373005478,-0.3122224476047969,True,-0.07116473124878153,-0.21053527278245415,True,0.36066299990309436,-0.34383731569054093,True,-0.3074129864334489,0.06705431368261229,True
1554,51.8,0.33846516119833553,-0.18965183629625917,True,-0.322294256513267,0.016064911214391516,True,0.4831219760655756,-0.25242421374603075,True,0.212846480162401,-0.26862345072869,True,-0.09519479037172346,-0.2540489597218324,True,0.31191362143810647,-0.3513531520607842,True,-0.35275071030552135,0.06916377797859935,True
1557,51.9,0.3578981799156502,-0.17140554561925578,True,-0.363061127474689,-0.0006994734740132081,True,0.4733726076272911,-0.2848946187897397,True,0.2449839468787434,-0.23123189848277095,True,-0.11436642977325065,-0.29247125673479707,True,0.2648749558413177,-0.3633036272233416,True,-0.38940900824388197,0.0468291193000438,True
1560,52.0,0.37688724803651774,-0.15096236544144864,True,-0.39368831411977057,-0.04621917861926409,True,0.4722069117003747,-0.29162671767788306,True,0.2785365069675815,-0.20728904746939997,True,-0.15115096130311353,-0.3347308515248464,True,0.22141716471624345,-0.3793118592690711,True,-0.4234759266821189,0.025421562465219514,True
1563,52.1,0.3805002853694963,-0.13960475302062084,True,-0.4200484852158366,-0.07795817093446014,True,0.4451602370614906,-0.3235080796940681,True,0.31716720307693325,-0.1902296422481848,True,-0.17552769787680106,-0.377195466498663,True,0.1846770597764898,-0.39718635696732174,True,-0.4514493982308267,-0.003826527139472023,True
1566,52.2,0.38646731142570073,-0.11994056729801975,True,-0.43245038000944025,-0.10080574610856721,True,0.41868962643934876,-0.34513112858147577,True,0.35384344498440506,-0.16869730031138866,True,-0.20839370740773075,-0.41622403537388536,True,0.15330458446816253,-0.3913084945415302,True,-0.47597978051201517,-0.0386027439663361,True
1569,52.3,0.38605057816942895,-0.09665209724474066,True,-0.43329766516586793,-0.11179638226616823,True,0.3893672921614077,-0.3532643033815757,True,0.35960524905622626,-0.14424279934717765,True,-0.24079310228252457,-0.45183993374982473,True,0.12290634821736136,-0.3741145929711842,True,-0.4713810662838703,-0.06949671485117313,True
1572,52.4,0.3905935660158257,-0.07433550044694505,True,-0.4252826896479669,-0.10184788253507537,True,0.36070662621706673,-0.35038614210893043,True,0.35101138670222454,-0.11274684535120987,True,-0.2716769764537874,-0.48742370235591315,True,0.08955784210911258,-0.349691779203661,True,-0.4590953453391617,-0.09198598846275105,True
1575,52.5,0.4001116845614825,-0.05199517752293423,True,-0.4086294615573202,-0.11473542235391997,True,0.3303913120625965,-0.34579664980983255,True,0.33820417608133974,-0.07812412797797574,True,-0.28945559783866714,-0.5013502131602368,True,0.05423748050597845,-0.33008544536732376,True,-0.4465631624355339,-0.11255342972812346,True
1578,52.6,0.4187803625551453,-0.04050134842973857,True,-0.36951457756474765,-0.13334367546693512,True,0.30249306208804955,-0.3421759404475498,True,0.3198632487842285,-0.038873291737244256,True,-0.2956324526045688,-0.5130020431823449,True,0.0170578229830286,-0.3163304917467613,True,-0.42789422822852324,-0.13431992132844178,True
1581,52.7,0.4253955011198507,-0.013744909378885294,True,-0.3407819402054579,-0.14831481902764954,True,0.27375408175209054,-0.330625832081438,True,0.2924621930342012,-0.003775926583101555,True,-0.32528022783955474,-0.5039324412268787,True,-0.02239879921499726,-0.30471456371929356,True,-0.40535187065465644,-0.14632990934816564,True
1584,52.8,0.4390280134340255,0.008956913450406312,True,-0.29798534607197913,-0.16713422528194327,True,0.24611514844060556,-0.3086463402665001,True,0.2638870300483446,0.018057100797321764,True,-0.35997078250007614,-0.48417847138915754,True,-0.06459302327559678,-0.29848124482817867,True,-0.38360240702337467,-0.1466022565980338,True
1587,52.9,0.4541248366170829,0.03219451874150126,True,NaN,NaN,False,0.2245060721092617,-0.28358407451835044,True,0.23323100056759027,0.03564136492440101,True,-0.37034157371897747,-0.435854453734875,True,-0.1094651430170507,-0.3064675693460643,True,-0.34961448509477305,-0.14457670137177003,True
1590,53.0,0.4666623564093229,0.05103715726586093,True,NaN,NaN,False,0.20559283189523175,-0.25434196062947717,True,0.20175090367867485,0.0523879884645134,True,-0.361534398881173,-0.38968301158990143,True,-0.1528324827681309,-0.31833929712796466,True,-0.3101335395702349,-0.15164984945548185,True
1593,53.1,0.4733416165651618,0.06374289314821235,True,-0.14049144908824407,-0.21423573935659274,True,0.1886076149966705,-0.22676119305439998,True,0.16957935161409868,0.07769167249112031,True,-0.34523175711860854,-0.34624769094290214,True,-0.19540191307135432,-0.3309873276682728,True,-0.2688465077650836,-0.1618035044768683,True
1596,53.2,0.47241027528915536,0.07262075417653856,True,-0.10622157971197481,-0.2203996280880139,True,0.17464060468427423,-0.20103695870714877,True,0.14171926541365137,0.10770242389059982,True,-0.3330127757668475,-0.301990726981909,True,-0.23750258979728323,-0.3455333688916207,True,-0.22886324467841207,-0.16161154424394675,True
1599,53.3,0.4655218625389156,0.08643995656599186,True,-0.06756939217660125,-0.23477634397054087,True,0.1581290849281834,-0.175649578115339,True,0.1169497223233554,0.1380334520813468,True,-0.3162207181711311,-0.2700605094969089,True,-0.2805822885572837,-0.3595363412364942,True,-0.18883918663822952,-0.15556068327382,True
1602,53.4,0.4662265107500875,0.09265571010599948,True,-0.0260584446624987,-0.23828096884863417,True,0.1440014408555008,-0.15212234724823157,True,0.09755740644133774,0.17250563660033658,True,-0.297941600969343,-0.22238123656188635,True,-0.32382493436333665,-0.3770705321144019,True,-0.1490868379223137,-0.14501483031071602,True
1605,53.5,0.44206764696192347,0.10296570916249169,True,0.02091213048132759,-0.2391781111470654,True,0.12999633852732398,-0.12104665409593254,True,0.08112969859529637,0.2091445463968363,True,-0.2840322517244088,-0.1729932711835569,True,-0.3579981971694354,-0.40105435409370244,True,-0.1109576352297624,-0.131170357614629,True
1608,53.6,0.4398833347608717,0.11494005659780727,True,0.0674459602953289,-0.2553925785122806,True,0.11810490720131352,-0.08686230689974055,True,0.06910421774168363,0.2481950975489371,True,-0.24601837483352745,-0.1357701926402404,True,-0.3626973968932697,-0.42326570184320045,True,-0.07117003556077425,-0.11342690339570878,True
1611,53.7,0.41715206293076684,0.11674212587855769,True,0.11268397410370844,-0.27126966160161176,True,0.11537226470775996,-0.05438918289798798,True,0.0638941475244404,0.2888566753256129,True,-0.20658820402918654,-0.1182220509435115,True,-0.3617886146303331,-0.456667259026769,True,-0.03320605321073178,-0.09425346518806466,True
1614,53.8,0.3972405243245929,0.12361506909972433,True,0.15669146291901814,-0.2655634520316923,True,0.11848764716404717,-0.025334971001192752,True,0.05739833940261037,0.3321503156971958,True,-0.18908817829760852,-0.10638379824273814,True,-0.34512700545488256,-0.4893050781188211,True,0.0018866807788134568,-0.07113315912021789,True
1617,53.9,0.375552030534623,0.13266449646048672,True,0.20482884808352184,-0.2793918079701121,True,0.12349886527289436,0.009126316853059634,True,0.05345287868163695,0.3741537562254838,True,-0.1459415975281485,-0.07613281327000863,True,-0.3186579257559765,-0.5126161100251386,True,0.03604240412623209,-0.048274142164343566,True
1620,54.0,0.3540279611271127,0.14072081412497925,True,NaN,NaN,False,0.12903537463447337,0.04205991982075608,True,0.05734350493051201,0.41473983348723636,True,-0.10256349763243693,-0.07135930966911735,True,-0.2853144707352269,-0.5191452786717442,True,0.06802672957324776,-0.02198083302201614,True
1623,54.1,0.33197714082108054,0.14708997503661786,True,NaN,NaN,False,0.13870820785287805,0.07454896867363706,True,0.06578798437809921,0.4414171228261929,True,-0.056880319018510685,-0.07623134749025456,True,-0.2545262128677037,-0.5200743463072185,True,0.091745865219031,0.006794157478718399,True
1626,54.2,0.30838108608508513,0.1580109089153744,True,NaN,NaN,False,0.14627075400680573,0.1054283111196317,True,0.058936565877403826,0.47158404104025464,True,-0.009012555017534115,-0.08539605886667526,True,-0.22237212977390527,-0.5076730253724258,True,0.11165729530687776,0.041444561706537715,True
1629,54.3,0.28873623664376086,0.16763279566296388,True,NaN,NaN,False,0.1543001190232986,0.13755155071315198,True,0.03815983899476803,0.4984250122306666,True,0.03654414772735415,-0.08475272865601576,True,-0.18725489356452318,-0.4895196608428765,True,0.1260868199094932,0.07999995276869405,True
1632,54.4,0.2911321467267539,0.17825188116210045,True,NaN,NaN,False,0.1626040104394869,0.17051153858593687,True,0.019323594254872033,0.5026337605896047,True,0.0818221796935943,-0.0904322281043131,True,-0.17523758025218072,-0.4623670371681043,True,0.13248287566302278,0.1185302597312517,True
1635,54.5,0.2568453917718983,0.1806680572023809,True,NaN,NaN,False,0.16843094216035384,0.20354920649421618,True,-0.009884787628796595,0.49121525003818384,True,0.13039268361551884,-0.09457985931790902,True,-0.16736191822622773,-0.4301276856102754,True,0.137065662614967,0.15829866376853094,True
1638,54.6,0.22572305509806692,0.20133590207561577,True,NaN,NaN,False,0.17764384526863938,0.23769135207742167,True,-0.04386234343493482,0.4722790217228149,True,0.17713205236094245,-0.10888538319867534,True,-0.1644667106207053,-0.3925393546277306,True,0.14280328418712154,0.19786076183093382,True
1641,54.7,0.2170690891106024,0.2172242501227267,True,NaN,NaN,False,0.1891066863924837,0.274770323977275,True,-0.055779158754117215,0.4700876376210081,True,0.22301264550953834,-0.11272193392382211,True,-0.16653008989786566,-0.352636649180721,True,0.14220036827018975,0.23754098601185927,True
1644,54.8,0.20563101377241358,0.2390087788890277,True,NaN,NaN,False,0.2094653092660831,0.3124609224393895,True,-0.07688213095984364,0.45516114508525035,True,0.27171463829217807,-0.10767316436912895,True,-0.16979233646499042,-0.31315675728421316,True,0.13589361526177315,0.28199543152973716,True
1647,54.9,0.1971184855410204,0.2636574175147141,True,NaN,NaN,False,0.23787766916702666,0.34079577059182925,True,-0.09962219616313475,0.411320024646956,True,0.319928093022359,-0.08830472754210056,True,-0.1675728440192301,-0.2761716438022533,True,0.12142494752381423,0.32694216617395067,True
1650,55.0,0.18468489541302074,0.2896202041416284,True,NaN,NaN,False,0.2691160416180947,0.36045360929343123,True,-0.10569943857486665,0.36772191815951294,True,0.36267733888626286,-0.06932492022292588,True,-0.15758542137728243,-0.2379700444571782,True,0.09842691762849504,0.3665074651321509,True
1653,55.1,0.17563750114005414,0.3137004275125676,True,NaN,NaN,False,0.30077283609880257,0.3729460732179768,True,-0.10717838251404897,0.3222188891797208,True,0.40646416797514806,-0.04167782074782781,True,-0.14546841033466174,-0.1953169469701329,True,0.08904948557066478,0.4073669571628734,True
1656,55.2,0.16038562764431896,0.3385240961366849,True,NaN,NaN,False,0.31789786127898967,0.3831022156022821,True,-0.10855194016819783,0.2741920967433748,True,0.44843958970013936,-0.00073144437054182,True,-0.1423771429525534,-0.14857697822987914,True,0.0610592483361242,0.4392052392711645,True
1659,55.3,0.15332443518987346,0.35405203569808724,True,NaN,NaN,False,0.35610464619190174,0.37445403318668735,True,-0.10870651573619856,0.23370109639173023,True,0.4758875687847498,0.01720440805445935,True,-0.15666834159060514,-0.11079317507496958,True,0.024453668422023886,0.4520218096002943,True
1662,55.4,0.13665963662406433,0.384818962872674,True,NaN,NaN,False,0.39298801613002116,0.3764173350406429,True,-0.10278006790645551,0.1509555376688439,True,0.47973682384329597,0.04468213328599745,True,-0.17662830253195927,-0.06621977479926064,True,-0.01451590735087875,0.479261269648,True
1665,55.5,0.12019928600543094,0.40407109665283664,True,NaN,NaN,False,0.4261292295698766,0.3721908747722084,True,-0.10491674784353372,0.11844215724189049,True,0.4731835150862844,0.0739594535399882,True,-0.20544922023508042,-0.023425522030404496,True,-0.04418521207016974,0.4767454177926492,True
1668,55.6,0.1027272859545576,0.4206681292426449,True,NaN,NaN,False,0.46098718680700695,0.3610547347176794,True,-0.1125722537135603,0.08016129862331839,True,0.45368686062663555,0.10784760121153013,True,-0.228919550505948,0.014277281303234753,True,-0.07205813908160183,0.46432311076934296,True
1671,55.7,0.089791931086131,0.43992259414477564,True,NaN,NaN,False,0.472138284148486,0.3656281851555103,True,-0.1276272375936569,0.041837849684614216,True,0.4210948603835432,0.12579780479591968,True,-0.24965377629953434,0.050093202725468106,True,-0.07069808207459312,0.46415337284005775,True
1674,55.8,0.08005192332127803,0.46237190974247755,True,NaN,NaN,False,0.4937294219512098,0.33706772585826267,True,-0.1492307000610108,0.004547494022459511,True,0.3904874348340026,0.12942452684738634,True,-0.2643653479354551,0.0845044357771659,True,-0.09927040752870982,0.4302929183458664,True
1677,55.9,0.08824556281997055,0.46839155669576266,True,NaN,NaN,False,0.4988242168254279,0.3040641308424509,True,-0.16828335619891532,-0.033312561052700036,True,0.3585529722080917,0.13816003958896497,True,-0.2748664559489945,0.12317211955638463,True,-0.10628924241579583,0.38494632421964636,True
1680,56.0,0.05884155746655721,0.4917504119552983,True,NaN,NaN,False,0.4929774944984941,0.2736572354651706,True,-0.189658352289384,-0.06983552379765022,True,0.32176589630653374,0.1556006267295279,True,-0.28554490275809485,0.167023466513218,True,-0.09207787991927889,0.34317838356224245,True
1683,56.1,0.05974116360937613,0.5019286430448503,True,NaN,NaN,False,0.48195101853665157,0.26195636125339544,True,-0.21413154053168282,-0.1031492420904157,True,0.2886381891646452,0.1778105194112542,True,-0.3067191211957359,0.21255873428687677,True,-0.07060241916733072,0.2964032263742773,True
1686,56.2,0.0394765835483197,0.512738260557453,True,NaN,NaN,False,0.45968932793537115,0.22481930312868453,True,-0.24394870922766423,-0.1309472545743834,True,0.2519618122195602,0.20505346908882227,True,-0.3351603025286973,0.2548276013405714,True,-0.042677468414453704,0.2536647011005544,True
1689,56.3,0.009344052721618291,0.506347466523043,True,NaN,NaN,False,0.43202828316682346,0.19939080214727525,True,-0.27793981775215293,-0.15156291055319265,True,0.24635363843518548,0.2178813844306191,True,-0.35990082495687187,0.2927854313360673,True,-0.008779650762023613,0.22107736624889426,True
1692,56.4,-0.01880663028905279,0.5002017057703604,True,NaN,NaN,False,0.4029508631704376,0.1886357313991053,True,-0.30825858285259555,-0.1653658539336473,True,0.2006165118178333,0.256839401628732,True,-0.38159339980403556,0.3196998088461777,True,0.030749252354908465,0.19934814964903771,True
1695,56.5,-0.04516814875420783,0.4926145877608503,True,NaN,NaN,False,0.37191604718280485,0.18391022076683344,True,-0.3305019558406565,-0.186508413553611,True,0.1725173753746904,0.29679434063797233,True,-0.4067957701009826,0.3302322816087497,True,0.07433443253837517,0.18108744381642766,True
1698,56.6,-0.05135338193844798,0.5017018297639488,True,NaN,NaN,False,0.3381368004925968,0.1824486581103914,True,-0.3441480668222664,-0.20963806044518069,True,0.14531014621023872,0.33657712139321244,True,-0.4280045457730625,0.3059604073407976,True,0.11821323114264862,0.17775661042992577,True
1701,56.7,-0.06984083254656409,0.48887373251602584,True,NaN,NaN,False,0.30372398067679235,0.18477018911222143,True,-0.356874642332948,-0.23818345933016963,True,0.11767399050693331,0.3752919718976954,True,-0.45347415299023963,0.27679777055617744,True,0.16183873573946592,0.17930196361209244,True
1704,56.8,-0.08904562773321763,0.47124756955630215,True,NaN,NaN,False,0.29161676775590784,0.2018380647515579,True,-0.3635737289742246,-0.2638840298269402,True,0.09901467836765108,0.41180234149420647,True,-0.4834223756032066,0.25252956083027245,True,0.18629679058325052,0.1853914845771407,True
1707,56.9,-0.08933375610920544,0.45392398546374524,True,NaN,NaN,False,0.28836254901571473,0.23108422422689542,True,-0.4022714533720395,-0.29975037638953694,True,0.08039733184530537,0.448164667093084,True,-0.49220244798736507,0.22737086737704443,True,0.21319700035357733,0.19151133550133545,True
1710,57.0,-0.09252071430531034,0.42037743946643,True,NaN,NaN,False,0.3124794990206961,0.2654316513676436,True,-0.436146971589752,-0.31898046360057675,True,0.059873863348958396,0.47905874440396373,True,-0.49354400253128894,0.19612364481305541,True,0.23976861731836413,0.19433624224259552,True
1713,57.1,-0.11000902629782269,0.4004612258162809,True,NaN,NaN,False,0.3254348357951811,0.30085553929002196,True,-0.4440468150014053,-0.32276355677216206,True,0.02516907714055249,0.4900732560639795,True,-0.47531706024243797,0.16277391676668299,True,0.27610226154483225,0.2010211904129064,True
1716,57.2,-0.11266824800458014,0.37147929935258756,True,NaN,NaN,False,0.33373459047610937,0.3356339418211271,True,-0.451895262622639,-0.32020720825298726,True,0.013416925304481018,0.4965832552030742,True,-0.4465929256063006,0.13913369401297018,True,0.3199830447939798,0.21608314365069908,True
1719,57.3,-0.11653644458565338,0.349843405748213,True,NaN,NaN,False,0.3434351863305883,0.37202816102594477,True,-0.4582717563315356,-0.3409227614173764,True,-0.025411467043437733,0.4747199973734846,True,-0.4196124430228634,0.12140592955887226,True,0.3608685400824967,0.24789758586656221,True
1722,57.4,-0.1159419193627583,0.3175862568445131,True,NaN,NaN,False,0.3556110449259864,0.3990812155699417,True,-0.4566000851422853,-0.35494619707662517,True,-0.05037769712702771,0.4609294091448476,True,-0.39417531022311614,0.11034136924228549,True,0.36709372127726847,0.271297386561433,True
1725,57.5,-0.12506564003005985,0.28143304479028625,True,NaN,NaN,False,0.36267733888626286,0.40626401436466475,True,-0.43986469082365287,-0.3889122419080654,True,-0.09365669935225383,0.4196345137040568,True,-0.35347752202899874,0.09914776284583247,True,0.3626331892396896,0.30827135894205676,True
1728,57.6,-0.12474984840210114,0.2724402881820094,True,NaN,NaN,False,0.3671718074017111,0.4386132611518206,True,-0.42058929629574626,-0.40512230660010395,True,-0.09146319815109574,0.381036526290437,True,-0.30634770900171143,0.0904836926520726,True,0.3890271551299927,0.3403465206953816,True
1731,57.7,-0.1190880753712965,0.23846964999718145,True,NaN,NaN,False,0.3661867732958497,0.46858582449733255,True,-0.3828150802321699,-0.42901414641852065,True,-0.09165339450918683,0.33224429768488095,True,-0.2576826566671674,0.08965535133573996,True,0.4195375060442799,0.36417575087552245,True
1734,57.8,-0.12543155233641723,0.20138630055408607,True,NaN,NaN,False,0.3551712354697701,0.4943898153067389,True,-0.3452231121625321,-0.45081878580041057,True,-0.09325231284935417,0.2877182876908548,True,-0.21094341405288247,0.09566401015526756,True,0.44366754565339883,0.36978960870783445,True
1737,57.9,-0.11444827513168915,0.16292528996915964,True,NaN,NaN,False,0.344989884966754,0.5043149082477721,True,-0.31026872635352504,-0.4811696100131352,True,-0.09825797938379356,0.2450121432772224,True,-0.16502520374720145,0.09944381484713871,True,0.4658321889646316,0.36246384205146087,True
1740,58.0,-0.09275326633453994,0.1341427919205679,True,NaN,NaN,False,0.3135435614350272,0.5233113077036916,True,-0.2929169966222143,-0.5055091508212788,True,-0.10158804963971847,0.22096962426560346,True,-0.12213201668405764,0.10350470950392052,True,0.49026653726758873,0.338765330232073,True
1743,58.1,-0.07610582424664898,0.12181300399733784,True,NaN,NaN,False,0.2828938403558916,0.5258104752376545,True,-0.26874040390549486,-0.5141745920797247,True,-0.08941438750741776,0.1883282584822203,True,-0.08283262255525435,0.08116730639420357,True,0.4925663620319359,0.31228894213321134,True
1746,58.2,-0.05849480564145895,0.11169816392540871,True,NaN,NaN,False,0.2545165011556901,0.5235512432592858,True,-0.2612179731874182,-0.5242845619031512,True,-0.07206514817375387,0.17268417389880703,True,-0.05054896682042565,0.06966210562220833,True,0.49999999999999994,0.28464586996574687,True
1749,58.3,-0.0341113290059236,0.11375755108834319,True,NaN,NaN,False,0.22827370989014936,0.5087961504193411,True,-0.2152330617751463,-0.5239008179046443,True,0.004378918571963124,0.1403556676301511,True,-0.002036253333108958,0.05732638986601247,True,0.4836736315641063,0.25556294864825113,True
1752,58.4,-0.001203803192342719,0.1077795098159477,True,NaN,NaN,False,0.21569398599031017,0.494064912916834,True,-0.19240875099054888,-0.502688738876519,True,-0.005852614755203485,0.1334694956077134,True,0.04242942327957265,0.04854746314776389,True,0.49135399867727764,0.2631755686770563,True
1755,58.5,0.03432670696698425,0.09848276988278819,True,NaN,NaN,False,0.19687415583073084,0.46591260883809454,True,-0.1666387988834022,-0.4699717511535642,True,0.02554449023380412,0.14479304166932272,True,0.13617771128755224,0.04011549924354398,True,0.4520491280502039,0.23390747751368185,True
1758,58.6,0.05972542812979338,0.09097481067198632,True,NaN,NaN,False,0.1982190360689169,0.45518020829410827,True,-0.15378327016379148,-0.4366208307660313,True,0.046132755800366486,0.14942540142179925,True,0.16919274719118563,0.02928807590550128,True,0.4197568704472178,0.20572330820841395,True
1761,58.7,0.08652374805544925,0.07512709055625603,True,NaN,NaN,False,0.17122151901896282,0.43646314717596885,True,-0.1562027229592349,-0.40181185401954417,True,0.0843329398461513,0.1383703979545364,True,0.21018248478741472,0.02534784786443861,True,0.3858041854768696,0.19611240577365804,True
1764,58.8,0.10925802622538022,0.06076123297333598,True,NaN,NaN,False,0.1577360113270031,0.3976527027771179,True,-0.1530967967955642,-0.3678384495497488,True,0.10326519274757705,0.12523418938108846,True,0.2518092404592662,0.026637735295573003,True,0.3498548863531114,0.19307535026328332,True
1767,58.9,0.12888489608886253,0.04478028498168352,True,NaN,NaN,False,0.14999117897767378,0.3611372284216606,True,-0.14906405149550714,-0.3308435610481587,True,0.1300299379841081,0.0984694441445574,True,0.29361559169192,0.030997345640886187,True,0.31313148441994193,0.1884223556858033,True
1770,59.0,0.12524619392599512,0.04949662127115354,True,NaN,NaN,False,0.13195190901516426,0.32788500680439187,True,-0.1446171137304093,-0.29246843254707877,True,0.17461316054191586,0.08044031150813134,True,0.33526905985175937,0.03028255337866892,True,0.27261728706387656,0.18208782689875186,True
1773,59.1,0.1427778760399509,0.02639076572579386,True,NaN,NaN,False,0.1141331714429567,0.2958304121959404,True,-0.13657383582523477,-0.25258438774407865,True,0.2218839054858362,0.09478405548145197,True,0.3784213831291776,0.021918529447066407,True,0.23022334246483586,0.1672581614555706,True
1776,59.2,0.18001001732035762,0.015218523012545695,True,NaN,NaN,False,0.09682636641914623,0.2676210990085151,True,-0.13191254554549336,-0.21455095108336197,True,0.2628331635575117,0.10127247856909588,True,0.42405707102631796,0.014450343239213159,True,0.18921145181731913,0.14027983048940534,True
1779,59.3,0.21386031262218863,0.005488877222657466,True,NaN,NaN,False,0.0817750626220814,0.2372953725901334,True,-0.12880343095760624,-0.1744719110883416,True,0.2988537156299195,0.11648417651529946,True,0.46565913107749946,0.010861950055646753,True,0.15697972609615043,0.10973290616568253,True
1782,59.4,0.2427349204118453,-0.005076743912663366,True,NaN,NaN,False,0.07094724767992973,0.20581930836899096,True,-0.12296106292986284,-0.1350664790353596,True,0.3419759266016083,0.14578917650115314,True,0.4903245853989495,0.039278180640690594,True,0.1354895385231701,0.07806333295365521,True
1785,59.5,0.2668517726771373,-0.0032476590035829004,True,NaN,NaN,False,0.06414356791444828,0.17641452370129923,True,-0.1168077893469796,-0.10377629963418118,True,0.3682991426217916,0.17330066569985358,True,0.48849247486192504,0.05845625505811469,True,0.11873675302642284,0.04936961963896989,True
1788,59.6,0.2895168086424323,0.0053194088913477156,True,NaN,NaN,False,0.05845242949247777,0.14434246452153007,True,-0.10292365156008301,-0.0674538277848563,True,0.38409201638491836,0.2061983295332579,True,0.4813083992024076,0.07200469164467076,True,0.09806253165918755,0.017161972302001532,True
1791,59.7,0.31905229672303415,0.021344616506767385,True,NaN,NaN,False,0.059103614797588924,0.09989149427232118,True,-0.0752845831178339,-0.02808737898457647,True,0.4036443309777606,0.25266767794526984,True,0.4617882789073203,0.1029109369644248,True,0.06957630026299454,-0.020302264667016907,True
1794,59.8,0.34158500346389825,0.03741333328595312,True,NaN,NaN,False,0.06928035060320806,0.05685707572656319,True,-0.04758713316338579,0.00669673989205415,True,0.4279098454137299,0.28088551397911693,True,0.4374124064833162,0.11730595033243983,True,0.054734172217856446,-0.05957219176938059,True
1797,59.9,0.36236533360573836,0.051619316443552506,True,NaN,NaN,False,0.07758738485820856,0.015066233179818549,True,-0.01479338222376757,0.035466396468475214,True,0.4587879377211018,0.3106978607748081,True,0.43010390861675457,0.12008712298944788,True,0.04952910897851921,-0.10070527440415002,True
1800,60.0,0.37335559578343513,0.06762655664040228,True,NaN,NaN,False,0.08242006890766415,-0.01963048218577862,True,0.012103921719875656,0.058755189709663744,True,0.47096260781978655,0.34031423711577996,True,0.3963007368960782,0.1253859787571699,True,0.05070504021116683,-0.1342052398822013,True
1803,60.1,0.37897571487660187,0.09090589350244456,True,NaN,NaN,False,0.09170971561644661,-0.0607033961677895,True,0.05057442231523774,0.08519273704323331,True,0.4677848254658883,0.3658810909405829,True,0.3611828875001333,0.14477458079925878,True,0.05328540323426702,-0.18063644291883327,True
1806,60.2,0.36988117814223387,0.10131209660557652,True,NaN,NaN,False,0.09918105951822054,-0.09132454932447104,True,0.08068210199053939,0.10893384143189047,True,0.44958765112463345,0.3810375262792653,True,0.3647361654429191,0.15045481470012737,True,0.0615736889770251,-0.21572690627439306,True
1809,60.3,0.34886654841334314,0.1200623642521284,True,NaN,NaN,False,0.10832184222797876,-0.12157919737006957,True,0.11171479716254627,0.1327165660910632,True,0.4145277711440957,0.40709681221148736,True,0.32088315978614135,0.16772009063119775,True,0.07273939910220942,-0.25187932568555804,True
1812,60.4,0.3274983266868895,0.1268570909270241,True,NaN,NaN,False,0.11237179477905898,-0.15290739026043304,True,0.14438686625831848,0.15173397452246412,True,0.37779054909399645,0.4175759346089623,True,0.27928770398455843,0.1977768868527792,True,0.09186937623320841,-0.29165204171458164,True
1815,60.5,0.3085512096474666,0.12342867591300218,True,NaN,NaN,False,0.11186802778601235,-0.18665114836051716,True,0.17642991133274932,0.1676166837042546,True,0.3366504059052729,0.43769261402607307,True,0.2420434118014058,0.23048156653331864,True,0.12043716098147476,-0.32795313996738057,True
1818,60.6,0.2875301695683102,0.13038125577272905,True,NaN,NaN,False,0.1057137341822258,-0.2195697338213858,True,0.21341501798985793,0.17687870108074147,True,0.2993468412779237,0.4612628106525314,True,0.2064511250789337,0.2552985259297488,True,0.15004630728493254,-0.35777837215476666,True
1821,60.7,0.26436837080592757,0.1272930159377447,True,NaN,NaN,False,0.09164680984281039,-0.250966805095192,True,0.2521019437154137,0.1830620892218146,True,0.26199965943560105,0.4884620322211779,True,0.1705256775351425,0.27584150412406533,True,0.18191696893034703,-0.3836616739920211,True
1824,60.8,0.23980767292781685,0.11198233166061093,True,NaN,NaN,False,0.06789696596119119,-0.2787450552901727,True,0.2905819427784114,0.18304960667023717,True,0.23419453510885474,0.49727794096116174,True,0.12771908519300038,0.27806642485021665,True,0.2134355301777429,-0.407660918219283,True
1827,60.9,0.20886660512677113,0.10212738907184765,True,NaN,NaN,False,0.04075917435401984,-0.30596971052206107,True,0.3326422314889976,0.18222400404339884,True,0.2108388803328654,0.48038177040428925,True,0.07762250798442365,0.2596549752651741,True,0.2533276815460211,-0.43505159855690584,True
1830,61.0,0.18783320307207804,0.0946720666710609,True,NaN,NaN,False,0.021713669954766108,-0.3142284056611091,True,0.3618049771209105,0.1851061194212344,True,0.19077156027382058,0.46097265095653905,True,0.04408334640348916,0.2250610859032809,True,0.28669895265983625,-0.43609059676044143,True
1833,61.1,0.1567946832206392,0.09538120430957303,True,NaN,NaN,False,-0.012885778703630566,-0.3194604878506974,True,0.40416075171368165,0.19628442333724216,True,0.16933325023751877,0.3825313537742342,True,0.009019712177780595,0.18406283685456434,True,0.33091054852824825,-0.43898493031927754,True
1836,61.2,0.14495643051986584,0.08405765824796374,True,NaN,NaN,False,-0.03895922679206673,-0.3197755565956582,True,0.434584678098553,0.20192280107099148,True,0.17512928977391248,0.3570179299904086,True,-0.0045351390295884555,0.14943917024983813,True,0.35372355087180807,-0.42290745467462,True
1839,61.3,0.11918276934385276,0.054997215944711984,True,NaN,NaN,False,-0.07552922847427333,-0.3132221139255317,True,0.4719803927878473,0.22015425216309556,True,0.17391911221553,0.32608106657705294,True,-0.025804563557128794,0.1034008990704945,True,0.3657681651867705,-0.39398475442740094,True
1842,61.4,0.10826066886853931,0.03950165271091588,True,NaN,NaN,False,-0.10270029617309574,-0.3096137889435271,True,0.490112471634717,0.23386588505799183,True,0.18870649484881086,0.3146462325934622,True,-0.03347701037854893,0.06277228123327042,True,0.3694394671661894,-0.3681769783004659,True
1845,61.5,0.0976034197167724,0.04030759391901871,True,NaN,NaN,False,-0.1381178023558411,-0.3050190246237254,True,0.4976685354424479,0.26924320665371265,True,0.20524812001373052,0.21517666744682862,True,-0.02972746852270976,-0.021335753306383525,True,0.3652785156002118,-0.33604256550883344,True
1848,61.6,0.0874818821474879,0.003055936111124699,True,NaN,NaN,False,-0.17033377458867469,-0.30139961766630713,True,0.49991592399658874,0.30624724139624965,True,0.21969725249111005,0.20105860427688851,True,-0.0310188952864448,-0.05522389112676388,True,0.35905798849101245,-0.2982004949386046,True
1851,61.7,0.07088010113457037,-0.02360708981334987,True,NaN,NaN,False,-0.20103239307127718,-0.2961942022102283,True,0.49428594388063174,0.34791283450581034,True,0.22782419942527934,0.15405776117427578,True,-0.021503590868713885,-0.09464143307431441,True,0.3450879402575925,-0.2583060777405298,True
1854,61.8,0.05984048865467009,-0.03815787111371632,True,NaN,NaN,False,-0.22298706538102267,-0.2903101641873985,True,0.47989529835531636,0.3737072438049691,True,0.22488914609004632,0.10923334886040896,True,-0.009421008333017787,-0.12721644484773287,True,0.32398345954842134,-0.22742365593538053,True
1857,61.9,0.04390416635219662,-0.06632314207338008,True,-0.06048139650690899,0.32165499602508024,True,-0.25747642008823585,-0.2821341471035141,True,0.4504526873423469,0.38929212680936337,True,0.19680975193766567,0.03134744242535399,True,0.0011577514968343597,-0.17193933978491724,True,0.3012231241813654,-0.190440395154064,True
1860,62.0,0.03615011214822971,-0.059087421827125564,True,-0.04781977289022219,0.28621844435294713,True,-0.2825905983735365,-0.27560572046439147,True,0.42077715490942297,0.39914709618663663,True,0.20517710730206076,0.03516052752737812,True,0.0194947770437915,-0.21203515030321335,True,0.2777248462348011,-0.16284090431658008,True
1863,62.1,0.021440261052131024,-0.09798446260484693,True,-0.03609024618609421,0.24017150259441744,True,-0.31931100536744866,-0.25933970661179084,True,0.38432661523081113,0.4080179527667273,True,0.16202457596800726,-0.013594615154817377,True,0.04646101764538254,-0.25710953839701794,True,0.24612196172765882,-0.12838411732715654,True
1866,62.2,0.01351181509883073,-0.12483586960967702,True,-0.03032625556714786,0.21550053628433202,True,-0.3419244256769037,-0.24966049657631076,True,0.3541078574536134,0.41309817474023197,True,0.13672112429324088,-0.03844252187308233,True,0.07030379929921961,-0.29370240131986214,True,0.21893300690441594,-0.11039621781241586,True
1869,62.3,0.005113537823720945,-0.15393488856877516,True,0.00032386491476522433,0.16627874445288912,True,-0.37087708906819966,-0.23544743375597782,True,0.31314362595867723,0.4273180187083142,True,0.07997057227893953,-0.1251675268422312,True,0.10609629003555897,-0.33710811012944114,True,0.1856709553523074,-0.08269300519386988,True
1872,62.4,-0.0008850503798897285,-0.18209978529580562,True,0.037983234013602256,0.12192381299657017,True,-0.3968776033951157,-0.2311200447043095,True,0.29200655761194905,0.4453661217702495,True,0.05777387970068108,-0.15826542559060905,True,0.1329245004894817,-0.3781865429005121,True,0.15185943026075338,-0.06617263797386974,True
1875,62.5,-0.0023577389877661617,-0.20321921958394087,True,0.06206546356874351,0.10008557466227067,True,-0.4133755325443059,-0.23835632770304777,True,0.2715261257232235,0.4599737138768587,True,0.04072289137857452,-0.19003149168883138,True,0.15966416015561494,-0.4078010374826576,True,0.1197238738170472,-0.06195640693274245,True
1878,62.6,-0.007960939109808053,-0.22619894301101975,True,NaN,NaN,False,-0.4326071115418466,-0.2515417795978307,True,0.24789310199477288,0.4887560510053023,True,0.027644082123452037,-0.22745364689751213,True,0.19307653410756637,-0.43069516221079346,True,0.08143186135248123,-0.059325969314304214,True
1881,62.7,-0.019704396621491708,-0.25243541486235643,True,0.194680241760515,0.07789324201485043,True,-0.4585229111595773,-0.2846586850110036,True,0.24408680672125885,0.49558241939733366,True,0.013754940956951617,-0.27497291393693063,True,0.23867948567151662,-0.4523718760352901,True,0.03599123400954464,-0.06220749741518523,True
1884,62.8,-0.027922809791245198,-0.2737938552975359,True,0.22501142675574412,0.07943691869849623,True,-0.4703465148813749,-0.3098698598000469,True,0.22019838521462384,0.49642437912118925,True,0.01587048275618258,-0.3127687738542126,True,0.2746814509122984,-0.46383669485141477,True,0.0019718211252008383,-0.07569890242070666,True
1887,62.9,-0.0419237181955781,-0.3022690241051324,True,NaN,NaN,False,-0.4708584814525172,-0.33744511588357073,True,0.18291089174916622,0.4655177530428478,True,0.0308153712041886,-0.3986695815474274,True,0.30794686625515116,-0.47357137015210404,True,-0.037012387665277986,-0.09657543629096788,True
1890,63.0,-0.046652256873858364,-0.3247070301426626,True,NaN,NaN,False,-0.4643314347891443,-0.3523928720375308,True,0.1749389907651509,0.45474593704667443,True,0.03340804190859619,-0.42284912468242974,True,0.3324998751592743,-0.46228201288071985,True,-0.06878361733923814,-0.11482011311019787,True
1893,63.1,-0.04962983242384653,-0.35073750672831894,True,NaN,NaN,False,-0.4503408487989768,-0.37371841481492507,True,0.1779907928182144,0.46839155669576266,True,0.038553506274847146,-0.45454503527947093,True,0.350205537607192,-0.4376181069763963,True,-0.10387639801390747,-0.1399603916801978,True
1896,63.2,-0.043161890599473916,-0.3755712685668782,True,NaN,NaN,False,-0.4323973044215172,-0.3895404080489068,True,0.1738711192991755,0.394527080042862,True,0.04073692630054278,-0.4786200162433977,True,0.3781185380611846,-0.4244725012461267,True,-0.12630162550808852,-0.17162735139066654,True
1899,63.3,-0.028510957296764453,-0.4045783523991126,True,NaN,NaN,False,-0.4012171306603671,-0.40831425534404997,True,0.17532412223054533,0.3779551492106415,True,0.027520623681765746,-0.49518167825867443,True,0.3664541885106051,-0.37713116179539524,True,-0.12496565653014742,-0.2501261907677638,True
1902,63.4,-0.023128188428270562,-0.4126926439773065,True,NaN,NaN,False,-0.390308265174138,-0.41373561006356474,True,0.1604587877117896,0.3550961642404475,True,0.02489900646417831,-0.49705210392262816,True,0.3730449844133534,-0.34506793414212483,True,-0.12200390667461965,-0.26562770702215077,True
1905,63.5,-0.0011377881931371307,-0.44197959309932067,True,0.4699395010685059,0.04366597570867324,True,-0.35827915406355704,-0.425251316613837,True,0.14629937876391844,0.31881895326928267,True,0.01627977072885106,-0.4929284842549465,True,0.3829467955153223,-0.3016601012435197,True,-0.11152763675904355,-0.30474143984170315,True
1908,63.6,0.016440232061578623,-0.46401212172302553,True,0.47310193478221507,0.005822900210319752,True,-0.32684856513981625,-0.43805740591595516,True,0.12341055486706187,0.28304692644317775,True,-0.02516578040767679,-0.4947841732580128,True,0.40295116502789746,-0.26157801224827354,True,-0.0855803181916203,-0.3426410083742301,True
1911,63.7,0.03473484852250787,-0.4804168347275446,True,0.46788103540587545,-0.02217377974603317,True,-0.2952032966601976,-0.45812641486416644,True,0.09406949379409392,0.24945914641466618,True,-0.046607576641012935,-0.4786686593661062,True,0.41887965994216975,-0.2189469517797106,True,-0.05580558675546558,-0.3747548237094824,True
1914,63.8,0.04957897230864168,-0.48930420078049364,True,0.4606887421908314,-0.03326864784398532,True,-0.2703577416312534,-0.47737184282266587,True,0.06464921504633225,0.2165756201782144,True,-0.06864682473321869,-0.4615313792659389,True,0.4360571521829943,-0.18326827796795106,True,-0.02450087566205949,-0.3999274213317049,True
1917,63.9,0.06171383922889228,-0.4880887137939137,True,0.4389950248602583,-0.053399479910846634,True,-0.24424053862124048,-0.4925701811951662,True,0.03577502199739787,0.18075146817510757,True,-0.08689615128643696,-0.4395425514159368,True,0.42879707952887675,-0.15413373503268696,True,0.007480948417651726,-0.4206906276844061,True
1920,64.0,0.07492025835664996,-0.4829839350643188,True,0.3957779502668232,-0.07832873320664589,True,-0.21213080346689128,-0.4969416892478697,True,0.0038618641789244863,0.14379258402211473,True,-0.09952922308306224,-0.3887404225628262,True,0.4123458966258025,-0.14691624984313623,True,0.039858090661227745,-0.43921310618790904,True
1923,64.1,0.09266419110097925,-0.46860438071202387,True,0.34675002788546394,-0.0864695532750811,True,-0.18533683660853437,-0.49125565277756583,True,-0.03793066402672104,0.10477048088257236,True,-0.09232333013476542,-0.337658648107122,True,0.3798504983839503,-0.14204356435218668,True,0.0652790423545039,-0.4389570212114055,True
1926,64.2,0.09801355103877309,-0.45897330612301673,True,0.31738315463982564,-0.08785435923283201,True,-0.1798424181552395,-0.4842086461493264,True,-0.06628329480266859,0.07422418374916864,True,-0.0835733172689764,-0.3009429078467525,True,0.34938793043469063,-0.13859237191332924,True,0.08665741673463877,-0.42491481176841406,True
1929,64.3,0.1072317347188381,-0.44853682511024745,True,0.2707893854309015,-0.09063101420579367,True,-0.16294805806227153,-0.4622937405456822,True,-0.09697517206772308,0.05205828155053256,True,-0.08583618631034859,-0.2569703993235946,True,0.31727295699378244,-0.12908500528142436,True,0.09786800315998742,-0.39984646566195814,True
1932,64.4,0.11525351799302477,-0.43157372512377395,True,0.20335153731221675,-0.12560446981781373,True,-0.15494856170394933,-0.4413982395080682,True,-0.1295839604483241,0.035302139936037,True,-0.06584893223314739,-0.21612849203680823,True,0.2795745916210385,-0.11754716931557962,True,0.11620530259163533,-0.37216224845466644,True
1935,64.5,0.12190719546693003,-0.4133583478913377,True,0.16390440261006103,-0.15046453338830873,True,-0.15285182167175448,-0.4057980697123776,True,-0.16209856122843294,0.024729330008008883,True,-0.040642970920922304,-0.17859003433960863,True,0.23764925005409487,-0.111657155983658,True,0.1397128112607938,-0.343728330787551,True
1938,64.6,0.13850499814347386,-0.39337911139003723,True,0.1343161393982736,-0.17904805173092042,True,-0.15973327118250197,-0.36984551771122104,True,-0.19573372248030105,0.01983678412936213,True,-0.019574111825783724,-0.13754411811119469,True,0.19689247650462435,-0.14153111200624932,True,0.16811270871497747,-0.3201489613828196,True
1941,64.7,0.15576526994231107,-0.39050186306129875,True,0.12438013487514461,-0.21804809578458706,True,-0.1628105689436288,-0.3372005009058091,True,-0.23253156870183564,0.019231352173807666,True,0.0007142668284011331,-0.09641909661418366,True,0.174934837221994,-0.17789225696848324,True,0.20019467771419308,-0.29896120063502146,True
1944,64.8,0.1712101047847144,-0.3637346940464467,True,0.11400552586822554,-0.26006101443640006,True,-0.16731463448243228,-0.30400913285542536,True,-0.2710164496265309,0.022553050047646305,True,0.030279390318401305,-0.05739873489097645,True,0.16465529879040122,-0.22016486104338562,True,0.23161594412699535,-0.2754887202001342,True
1947,64.9,0.19250856839418065,-0.346695821155869,True,0.09515258017953471,-0.341605743552185,True,-0.1687852546134567,-0.26351057954457857,True,-0.31528584284693517,0.03791295072394682,True,0.06605328099017403,-0.015981731691278606,True,0.16370067756521706,-0.30791697464594947,True,0.2640233167894515,-0.2404857649466393,True
1950,65.0,0.2065820925924206,-0.3394310552639914,True,0.08950107937193144,-0.36355814028887656,True,-0.16571230863771494,-0.23466929539545192,True,-0.34917431403108495,0.0496719058472332,True,0.08410309349369839,-0.007649482314760311,True,0.15798720154906215,-0.3266833533686881,True,0.27755163015289747,-0.20742643047330034,True
1953,65.1,0.2257851616667455,-0.3139985674080169,True,NaN,NaN,False,-0.15360508312158894,-0.19924070495297533,True,-0.39037406033992145,0.05175936932873955,True,0.13077602650693324,0.03600892776746811,True,0.14545135728818487,-0.3618141703808732,True,0.2928999288997912,-0.16073907226314602,True
1956,65.2,0.23474807602753409,-0.2975903447064474,True,NaN,NaN,False,-0.14546959778992782,-0.17360885603779358,True,-0.4200374819040893,0.0419941015195607,True,0.16630087003779276,0.05545124126872328,True,0.13180877366066351,-0.39152865514840896,True,0.2783209543374778,-0.12325395158419306,True
1959,65.3,0.24088839293089792,-0.28214642876973167,True,NaN,NaN,False,-0.13625695650783948,-0.15195049383599488,True,-0.4307205728032186,0.02772541855577362,True,0.19977046519602318,0.06510981637421209,True,0.11805878884101015,-0.41642478838985714,True,0.2636144769638578,-0.09242280116737311,True
1962,65.4,0.24136363563833566,-0.2556925166261569,True,NaN,NaN,False,-0.12181739713891852,-0.11376831084663525,True,-0.4596819754810272,-0.002757813465377866,True,0.24271356887010329,0.07555546709732787,True,0.09212634105375518,-0.4512619349006869,True,0.24190978298715607,-0.052682348072460985,True
1965,65.5,0.23652843577869173,-0.22872580748768534,True,NaN,NaN,False,-0.1093424154428692,-0.0774470639969687,True,-0.46861622213562387,-0.02782711252632288,True,0.2808313336912919,0.07282153581933341,True,0.06492853751726506,-0.484570922359538,True,0.21437980129289888,-0.014603488598956401,True
1968,65.6,0.22723491614937588,-0.20511320809339903,True,NaN,NaN,False,-0.09161137462872165,-0.042835349331547874,True,-0.4744189082354239,-0.05345132021418456,True,0.32355963430979434,0.06913116571220602,True,0.036146617222218055,-0.5039064520325083,True,0.18630873771465706,0.016384800086405638,True
1971,65.7,0.20926583907077628,-0.18540138982503016,True,NaN,NaN,False,-0.06294072243479719,-0.015437872800075343,True,-0.4728506011841366,-0.08447561548116687,True,0.37190901549586225,0.0723045545467558,True,0.006329439157757011,-0.5099358299784771,True,0.16012686648315663,0.0463123492322568,True
1974,65.8,0.18886426679875334,-0.1698488636416506,True,NaN,NaN,False,-0.03561925592311999,-0.00281848185389629,True,-0.45542834251261644,-0.10318388635586408,True,0.41704701225560753,0.0817717552328528,True,-0.021441834140080957,-0.5004397183582722,True,0.1320868687520383,0.07158543656270522,True
1977,65.9,0.16225677668689648,-0.16236978776046165,True,NaN,NaN,False,-0.0005800027981028066,0.007293787982487272,True,-0.4174962368810343,-0.1334542714829832,True,0.465155430743827,0.08817531136127621,True,-0.056231079462766655,-0.4791029303615832,True,0.09637533255923743,0.10326270378759612,True
1980,66.0,0.14031641779868778,-0.1620214146289739,True,-0.1013650235313885,-0.3590882326437823,True,0.027437432136461434,0.009185794929166427,True,-0.3875739573835272,-0.1483116083596553,True,0.48621601000414083,0.0660638046297803,True,-0.07421961946195497,-0.4564197602464065,True,0.06883087570487145,0.11761660814452651,True
1983,66.1,0.11158733469396291,-0.16304336949081474,True,-0.12296628245366584,-0.31478984669599314,True,0.06471553404614623,0.012700972080607418,True,-0.3460036258129012,-0.1660435870910709,True,0.4903245853989495,0.05060172670229989,True,-0.08885573417810412,-0.4193213759000979,True,0.028376762087986816,0.14063063145695243,True
1986,66.2,0.10029551009055578,-0.16981106656616826,True,-0.1454633592508601,-0.27782811895741344,True,0.09592882046446895,0.012064426254628568,True,-0.31072076914391905,-0.18190304464924303,True,0.48372848545689123,0.0067999849999448,True,-0.09566505912537417,-0.38633332188109737,True,-0.004792738252493074,0.1476617025829592,True
1989,66.3,0.09754415046741428,-0.1715986891419128,True,-0.1614340981718889,-0.2342579934634106,True,0.13361835718977,0.006786565499376913,True,-0.26908741427876,-0.21236769649650775,True,NaN,NaN,False,-0.09864169374632185,-0.342913385291315,True,-0.04584994056317344,0.1569888821775343,True
1992,66.4,0.06327251003822448,-0.18725340327231463,True,-0.17879404551432734,-0.2124133659105343,True,0.16499810810003443,0.0036493581627264123,True,-0.24280830085924998,-0.2322688326508794,True,0.4568686538532857,-0.04237368707365419,True,-0.09911706497298753,-0.30807501074538984,True,-0.07921707775459687,0.14951284620565725,True
1995,66.5,0.0552590443400615,-0.18824406765196858,True,NaN,NaN,False,0.19850749867411982,-0.004420570909810113,True,-0.2130516915759032,-0.25800420535730756,True,0.42958920197759054,-0.06932492022292588,True,-0.09985020891119918,-0.266000190794035,True,-0.11532076003667506,0.13506657356151933,True
1998,66.6,0.019930080433254664,-0.21559731484566108,True,-0.2581224586129387,-0.11313637158222996,True,0.2340201815485498,-0.017316621107393203,True,-0.18128899561501755,-0.2853591978497942,True,0.3884126708444658,-0.06314844055295717,True,-0.09787903472022508,-0.22485380002412275,True,-0.14802125167394933,0.11095164345674272,True
2001,66.7,0.0018018940964891939,-0.2373731330982459,True,-0.2807051676028539,-0.08134583632682063,True,0.25117948084952846,-0.03704663176652286,True,-0.14860546131596306,-0.31077900371174727,True,0.3440436467542726,-0.06485998684200843,True,-0.08769926848496826,-0.1830515388084172,True,-0.1763056277735338,0.08202229762086746,True
2004,66.8,-0.00922497337474997,-0.257144890600717,True,-0.30623127707211123,-0.04816179429412642,True,0.24561170242412655,-0.059932161197515224,True,-0.11618245537185154,-0.3361099515311598,True,0.3311786931317058,-0.06611763259384919,True,-0.08125426099140162,-0.13750916790548096,True,-0.19548371466222145,0.04900526806405939,True
2007,66.9,-0.013408746089108381,-0.2751388773303994,True,-0.3321625303136221,-0.009731699452654063,True,0.2307076886859432,-0.08702071795263874,True,-0.0911149629157672,-0.36637797280807693,True,0.30255833255131026,-0.10851675950050857,True,-0.07773417911251389,-0.08970915793252235,True,-0.2099303935905925,0.014115346944294657,True
2010,67.0,-0.01623613000120922,-0.29790882772435123,True,-0.35409578656101676,0.022459223674431348,True,0.209564471206567,-0.10936456396777154,True,-0.07898043543036615,-0.3950326472083681,True,0.30097493087011074,-0.15410074303311927,True,-0.07093674406664241,-0.040445325938401,True,-0.22992677072825185,-0.023124367046243568,True
2013,67.1,-0.018578620210530337,-0.3234447019434462,True,-0.3471031165209747,0.025895808022425058,True,0.18510321218482628,-0.13519078467067477,True,-0.0696920082096828,-0.42828834539511146,True,0.3013727316116228,-0.19853392457531902,True,-0.06523840802975803,0.008532909834118717,True,-0.2420912892808966,-0.06346030388246347,True
2016,67.2,-0.021613625688031615,-0.3496271376498067,True,-0.3842216706728639,0.04099759919615897,True,0.16195831644854908,-0.16202658158347918,True,-0.06535524400374973,-0.46094889232861336,True,0.30969738482493947,-0.2444219269069699,True,-0.05644194143884988,0.05672196595111515,True,-0.2413451558564479,-0.10147703321780208,True
2019,67.3,-0.023452176630742016,-0.37137957280797884,True,-0.4163347728736829,0.033718653026506167,True,0.14613064444116963,-0.18131042056663405,True,-0.052051249232293026,-0.4843565390900804,True,0.31825957656044035,-0.2703184092141971,True,-0.0486767545119335,0.0964427760618669,True,-0.24035631609426408,-0.13353137000797988,True
2022,67.4,-0.026883729622171084,-0.3993506120290625,True,-0.43563265845719285,0.020234034991620405,True,0.11735263125363339,-0.20844325989851303,True,-0.028320535241844573,-0.5030482604809924,True,0.3647354557474496,-0.3562083134379053,True,-0.031775211168875196,0.14452351074786773,True,-0.23660091397491992,-0.1777388553986444,True
2025,67.5,-0.028857424996676942,-0.4247381433998281,True,-0.46419820146276775,-0.020777681942086998,True,0.09050691492694031,-0.22954238693735723,True,0.0034576259638485697,-0.510458041153899,True,0.3563986341152838,-0.3525268658241509,True,-0.0349063773530259,0.18931501249647742,True,-0.22374453495950458,-0.22142964476498178,True
2028,67.6,-0.024793253464749455,-0.44984263658892265,True,-0.4704479434344951,-0.047104550697988586,True,0.05834643131360066,-0.24530223667700468,True,0.033224408540506345,-0.5091284777535844,True,0.3572739695967527,-0.39235340640000593,True,-0.05146172321197371,0.23593195563401406,True,-0.20744899158718302,-0.2626811432716385,True
2031,67.7,-0.014922357106315905,-0.46912171869271263,True,-0.45868770324997116,-0.08001556775045193,True,0.025897245349134318,-0.2574610608875587,True,0.08178476900646352,-0.48417847138915754,True,0.3652508720820831,-0.41623719501950174,True,-0.0707896850268813,0.28096398291517893,True,-0.1810876750093556,-0.30005763102564287,True
2034,67.8,-0.001959048075818581,-0.4868861968857585,True,-0.43229883963750937,-0.1025554573579754,True,-0.006212166849380325,-0.2684464332480498,True,0.08311212629055173,-0.48006081827584507,True,0.35341261938130974,-0.45329607303931396,True,-0.08569570868926714,0.32579708473351593,True,-0.15224973181458454,-0.33076131934087494,True
2037,67.9,0.007488908129795072,-0.5008369926154355,True,-0.40804029339153963,-0.13577274727687247,True,-0.039914403047558986,-0.2816561810248871,True,0.10306901429304326,-0.4519769300149659,True,0.3253078836243273,-0.4789437420662724,True,-0.09413348347468792,0.36343810729212217,True,-0.12359598924970812,-0.35886231768803095,True
2040,68.0,0.013853146665513962,-0.5014264430234324,True,-0.3718219837955455,-0.1550359847136587,True,-0.07675690034165382,-0.29065112130456144,True,0.11183830850756632,-0.42451725834518445,True,0.2842618766782337,-0.49797185516983244,True,-0.09242148077651295,0.40436098247744895,True,-0.09706406266393011,-0.3864979629334462,True
2043,68.1,0.0240276780832083,-0.5013481179081214,True,NaN,NaN,False,-0.11183659451064729,-0.2940534004698113,True,0.11533990368854202,-0.39320041407389444,True,0.24156604969629453,-0.5047667369557198,True,-0.07966495059071273,0.4466553763887161,True,-0.07321065460110071,-0.41420132027692586,True
2046,68.2,0.039726095368991465,-0.5008103226586901,True,-0.2505346311045884,-0.15266084879127367,True,-0.14486582332196937,-0.29973646494715744,True,0.12504621587706294,-0.3580330742004085,True,0.22061830647698252,-0.48881083114163404,True,-0.04941553586981114,0.4829683659452713,True,-0.047684644432754254,-0.4428312215689761,True
2049,68.3,0.050991831572474666,-0.4989051406463509,True,-0.23335294926571762,-0.15476622232415968,True,-0.17790828390464425,-0.2961845140831062,True,0.13791471311553571,-0.3200594646960092,True,0.18130534842796897,-0.44759732893678483,True,-0.020375681184142354,0.49765950848771834,True,-0.020680325208697403,-0.47084185047215094,True
2052,68.4,0.0713188459642615,-0.4886104829659594,True,-0.18436343530220517,-0.1492826169761426,True,-0.2105410535971515,-0.28255256411157315,True,0.15400846442010988,-0.28098597090295563,True,0.17691439047838434,-0.41205747481380645,True,0.013485917775223089,0.4935510076046756,True,0.0030435290444068676,-0.490363735385768,True
2055,68.5,0.09079709667599442,-0.47172514614827943,True,-0.13700332662690606,-0.1466722081161288,True,-0.23545093952152726,-0.2646757285592443,True,0.17580178558886053,-0.2441919517040739,True,0.18172715017969523,-0.3778397482037958,True,0.05081180970487701,0.4742318507107069,True,0.0303950279556019,-0.4910021880450394,True
2058,68.6,0.10272754653675091,-0.45561631513136736,True,-0.09236277125654042,-0.1393684083831904,True,-0.2621552960428569,-0.23809475095294858,True,0.1951679533359438,-0.207463749127929,True,0.1876756542087547,-0.3432110852295518,True,0.08537072147448782,0.4438875494569776,True,0.0651134514199538,-0.4699055987571113,True
2061,68.7,0.10915842190857185,-0.4417667368120011,True,-0.05484288286763788,-0.13896227751782708,True,-0.2799057573886878,-0.2117585107793712,True,0.22437698778704634,-0.17537052236546233,True,0.19739698381755358,-0.3071884152292621,True,0.10265072401221731,0.4114091622544554,True,0.0756305731062845,-0.4483718443455702,True
2064,68.8,0.11650307664637682,-0.42598384957985197,True,-0.012036500276095407,-0.15503283295739573,True,-0.2988352362671657,-0.18663754863395107,True,0.2544193383400148,-0.1497928939552111,True,0.21005095025274512,-0.2696384500527944,True,0.11723389434491119,0.37390045880923517,True,0.08514833604366746,-0.4228197581742655,True
2067,68.9,0.12328032350749044,-0.40390931613301584,True,0.03044597764074555,-0.1540261212743813,True,-0.32099908965863466,-0.1605708506298896,True,0.28458863999140577,-0.12747300942577017,True,0.22131783843233968,-0.23021676009213962,True,0.13282845575147487,0.33299800636751475,True,0.09227274866430221,-0.3899609608985459,True
2070,69.0,0.13798513175404498,-0.39396125190139464,True,NaN,NaN,False,-0.34391859970900807,-0.1274459449403915,True,0.3249854225175775,-0.10904662469189717,True,0.23581223144405494,-0.18705790447453424,True,0.18239730591717718,0.2540431918335977,True,0.10632955903128137,-0.350499055479165,True
2073,69.1,0.13893267586730604,-0.37272474282104945,True,NaN,NaN,False,-0.3553724226780322,-0.10819442530723652,True,0.3552416318551754,-0.10200918765102955,True,0.25728586468940645,-0.1516417822203485,True,0.1954120104073635,0.22983847437324847,True,0.11409955827163946,-0.32008225330103396,True
2076,69.2,0.14646759695068895,-0.35397790442974114,True,NaN,NaN,False,-0.3745684346830346,-0.07731162664424035,True,0.38287942907609646,-0.08847607832578834,True,0.2850449529664429,-0.12005891257802288,True,0.2121761964194989,0.19602350915411876,True,0.12273721867967698,-0.28770107815694956,True
2079,69.3,0.1549510781053855,-0.3365818252843454,True,NaN,NaN,False,-0.3886153385940818,-0.04496359946317226,True,0.41402548619574,-0.07619908291708063,True,0.3176939336321695,-0.09795636183646453,True,0.2352549152496554,0.15988372377814708,True,0.13218524021645353,-0.253138065053295,True
2082,69.4,0.16627999128523407,-0.31569427935206995,True,NaN,NaN,False,-0.3952189573114368,-0.009498688982242183,True,0.4393205467970691,-0.0621405719118988,True,0.35404779993455543,-0.07588861958347737,True,0.2621857162752117,0.1256806127537414,True,0.13540801977338465,-0.21656460156699667,True
2085,69.5,0.1738045655222894,-0.2928405978556872,True,NaN,NaN,False,-0.39755912807264443,0.020650977319023038,True,NaN,NaN,False,0.3953690788446219,-0.05608686505158479,True,0.29180047934819975,0.09119288520223673,True,0.13149861420067027,-0.17975352561831437,True
2088,69.6,0.18504488412767264,-0.2687077696638593,True,NaN,NaN,False,-0.3895040255684745,0.02595676012443132,True,NaN,NaN,False,0.4357620587752875,-0.03681895754220481,True,0.3215701373771686,0.06293954761167368,True,0.1286586091645364,-0.1416725987554697,True
2091,69.7,0.19250803755148194,-0.2469979631944821,True,NaN,NaN,False,-0.3767599566299979,0.051121997737563,True,NaN,NaN,False,0.45295697897718734,-0.0015298836226147713,True,0.3516478474482794,0.03810540462856297,True,0.12410803244020553,-0.10116854897017151,True
2094,69.8,0.1912789982194229,-0.2260810001115298,True,NaN,NaN,False,-0.35789862801201305,0.08227578158800052,True,NaN,NaN,False,0.4383537972980042,0.0381081636949308,True,0.3834675987188695,0.015853789332450362,True,0.11899421600375565,-0.061710928102433345,True
2097,69.9,0.1904636377553344,-0.20418938195165037,True,NaN,NaN,False,-0.3352903174139086,0.11127590491741628,True,NaN,NaN,False,0.4197170667237283,0.07593445020675976,True,0.42010020064944004,0.0014833359196079355,True,0.11851086709750555,-0.024024366187572418,True
2100,70.0,0.18957093119814422,-0.17860823913719248,True,0.47084474753532213,-0.2565939290176773,True,-0.30877086837742235,0.13634094758700593,True,0.4758789358134163,0.08481851961337387,True,0.3982758964226431,0.10722063728406557,True,0.4559509850756613,-0.011326579634339359,True,0.11303631916971485,0.013552387168941448,True
2103,70.1,0.18682660516057575,-0.15370260052686868,True,0.46985659492332577,-0.2909034752560473,True,-0.28317055279441444,0.157299440612546,True,0.45521402615562456,0.09237477780797493,True,0.3710878285055245,0.12507611468291818,True,0.4638907043490349,-0.020256481762466316,True,0.09920814884675722,0.05079852976776719,True
2106,70.2,0.19114075448344547,-0.13833597901907949,True,0.4548682066033992,-0.30677370044257235,True,-0.25621131753783966,0.17685363931784895,True,0.43167152557090277,0.10411886097505155,True,0.34248028865734165,0.1445226584751183,True,0.4855796006763492,0.008476830166543655,True,0.0797909433424497,0.0876777416833851,True
2109,70.3,0.18119320765767996,-0.12182499741765991,True,0.43036073240275735,-0.31491412180529627,True,-0.22677303606388022,0.19647894322184337,True,0.40361895263023057,0.1159028219651667,True,0.3088893840477036,0.16936352969976512,True,NaN,NaN,False,0.05635682990434332,0.12233116405932416,True
2112,70.4,0.15803954966356976,-0.10974398058775707,True,0.38782255487468664,-0.31241727256959173,True,-0.19907356526089004,0.20921246619476674,True,0.37098067401047774,0.12326380039129892,True,0.2731141092913221,0.19872099938137786,True,0.4859351239502045,0.048009820776052724,True,0.030702284960119543,0.15001241872617327,True
2115,70.5,0.150308706748036,-0.09074748151832931,True,0.35113448555512783,-0.3098801130652897,True,-0.1698583308992579,0.21952536969845185,True,0.3361847486696139,0.12889421644534435,True,0.24170537608419698,0.23126420500940612,True,0.4822943730055548,0.08365930291803601,True,0.0010295111136191196,0.1705926131274213,True
2118,70.6,0.1243982684499907,-0.08008155218258477,True,0.30968194343322875,-0.31384093676192404,True,-0.13638749748966184,0.22498345621067428,True,0.2983516930713575,0.1288915438851874,True,0.21119478496716962,0.2590014725380392,True,0.4490875323303011,0.10456838008463627,True,-0.03562546757263723,0.18679779688570614,True
2121,70.7,0.10487036444824278,-0.0633529863082613,True,0.26878422697208915,-0.32434163506208363,True,-0.10654583478714603,0.22471647060038563,True,0.26000554727585357,0.13127220405899995,True,0.20517710730206076,0.27552852801699373,True,0.4316480285342468,0.13655773544269775,True,-0.07051220634609925,0.18689689778185556,True
2124,70.8,0.08045863411374612,-0.04440909154438778,True,0.22311518123718257,-0.35106500907939114,True,-0.07665633886361203,0.22666989164095352,True,0.21951028688064755,0.13740687195577683,True,0.15858769883688215,0.3013073563109007,True,0.38503064082079447,0.13231843482938221,True,-0.1048351604855292,0.18496112577276,True
2127,70.9,0.06777233705543427,-0.021716381301098528,True,0.18158106178893518,-0.37997345001467386,True,-0.0444483093417312,0.2226666356411586,True,0.17996368787597022,0.14888084179756367,True,0.1241677289287401,0.3404235036111526,True,0.3372165171356143,0.14019499569279054,True,-0.13997933597864884,0.19719798611985231,True
2130,71.0,0.05889377752617352,-0.018617058951612038,True,0.16219522323357655,-0.392506661227021,True,-0.01045849782871064,0.21720543481653176,True,0.14372949393403928,0.1721318179513655,True,0.09813924252574824,0.37936095821586596,True,0.28776248022532425,0.15294309627869473,True,-0.17282401060208738,0.21451260456594892,True
2133,71.1,0.028641440488835903,-0.012422385574541957,True,0.13672674950241212,-0.39716175914441676,True,0.022757872159292425,0.2019773162727057,True,0.10649856002372667,0.1971543013116377,True,0.0743742564862783,0.42105051511512837,True,0.2416723432290428,0.16022480750377863,True,-0.20836082599724928,0.2302648107106325,True
2136,71.2,0.002625307464155611,-0.01405378566058974,True,0.09945086583045706,-0.39739542481695367,True,0.0503359019001766,0.1799578614337287,True,0.06970322721616251,0.2262092249457346,True,0.05185144482316813,0.4599204712814122,True,0.19884519937868597,0.16755730278357053,True,-0.2492969405742673,0.23450728260602421,True
2139,71.3,-0.015958135392565825,-0.016379652256609027,True,0.06534829824402298,-0.39323664002873276,True,0.0761122424698103,0.1529082844811325,True,0.04032586126655635,0.25983754806197695,True,0.044167066635559034,0.47662686292238765,True,0.15468033774560122,0.17912609501580917,True,-0.2929096011554433,0.22683349182889878,True
2142,71.4,-0.03622020735041236,-0.022224852100969864,True,0.023174741908220543,-0.38593543370801653,True,0.07418022998919509,0.1192788484554384,True,0.020417112074262587,0.291627876664945,True,0.008671233852701892,0.4913513199166001,True,0.12013920282157305,0.18870562028743054,True,-0.33438885330491813,0.20101201450267042,True
2145,71.5,-0.06032166310703694,-0.025298521111719496,True,-0.01895783764468843,-0.38504509284575084,True,0.08087027609031107,0.08582372616157177,True,0.00853932703000075,0.3253355939285834,True,-0.03097247739885042,0.4825658694762976,True,0.08383178867247247,0.18667392762263685,True,-0.359184313234454,0.17063869004145849,True
2148,71.6,-0.08081289654345968,-0.02839521083752526,True,-0.057512404869363314,-0.39049508655258447,True,0.0835133577194457,0.05261204957566649,True,0.0033852863677489874,0.36445037474632225,True,-0.05011738572331257,0.47935235712596114,True,0.043902889897568326,0.18112539961821614,True,-0.3762248403628038,0.14277842185012024,True
2151,71.7,-0.10335375695045579,-0.03970266571379439,True,-0.09426977995866903,-0.3867301747950454,True,0.08579052592662766,0.020024559823615666,True,-0.0022522599559753774,0.4048277081238555,True,-0.07894095751649988,0.4515581986111019,True,0.002003328024764856,0.17493784477672786,True,-0.37565027581940996,0.12271910432245636,True
2154,71.8,-0.11732240193983348,-0.0378521628145136,True,-0.13369032083874227,-0.3717907628846289,True,0.08742225802268029,-0.013776940276922797,True,-0.004678050140393676,0.4451082538232017,True,-0.09894352242470313,0.4079165973670382,True,-0.04075123555990784,0.16489789303390293,True,-0.3595482712375595,0.09170208980074407,True
2157,71.9,-0.13754998572089913,-0.06453729772392461,True,-0.17201503766781748,-0.35609800213796594,True,0.08446530803205088,-0.04730991025947039,True,-0.008523436051402176,0.47241466380573444,True,-0.10972546687361895,0.36340442409856794,True,-0.08181574041751657,0.15965756283715435,True,-0.3336262943679131,0.06676767441762038,True
2160,72.0,-0.15458347991602783,-0.08206315418186634,True,-0.21120828937850333,-0.33569528913059693,True,0.0755979334979377,-0.07817701590143418,True,-0.016491210154141456,0.4810657274248,True,-0.10915898275763523,0.3339349551561777,True,-0.1267344550208497,0.1604620787931702,True,-0.30282992639033285,0.041347474264279475,True
2163,72.1,-0.168904589750633,-0.10065533083052065,True,-0.23758442368460134,-0.32301419807119897,True,0.06137119175379945,-0.10839669297332724,True,-0.027659106458589353,0.48331498861191113,True,-0.13265783527663358,0.28776224090152197,True,-0.17208072128523055,0.1656623358309842,True,-0.2704738974272818,0.018599938396871022,True
2166,72.2,-0.17446366635823715,-0.1182220509435115,True,-0.2771961509865114,-0.298217413643179,True,0.0470208623483119,-0.13932027124149055,True,-0.05954367980431394,0.4796505205188749,True,-0.14773372388180978,0.2386602820857608,True,-0.22014714267901,0.15758463989269014,True,-0.23601479198037617,0.0030624060178861766,True
2169,72.3,-0.17637175103731342,-0.13827439578995507,True,-0.3240403575200638,-0.27094686534199997,True,0.03976821307511531,-0.17405085894368907,True,-0.05938210522826563,0.48655825007425796,True,-0.18217345968826434,0.19302943062074646,True,-0.2693974785917626,0.14058667489137386,True,-0.1993959252029957,0.00021106490432027745,True
2172,72.4,-0.1796117437671409,-0.16269299618577865,True,-0.3652621092300292,-0.23972309464735672,True,0.043470543597696414,-0.20870910959176509,True,-0.07475845947226911,0.4548598863436924,True,-0.22074409820215907,0.16366831676967633,True,-0.3171034009598316,0.12641907258259572,True,-0.16119210493539346,0.002290423053925241,True
2175,72.5,-0.18332917932056222,-0.1900548360984813,True,-0.394967351937998,-0.23796573327006768,True,0.05264929576108349,-0.24345553617677004,True,-0.09596569108128226,0.4323610320693073,True,-0.24776473516231126,0.1525136412567836,True,-0.3542476697989994,0.11492669548151044,True,-0.12178203323533557,0.006381933622320742,True
2178,72.6,-0.185269720631795,-0.2177194000777359,True,-0.4302410049977992,-0.24713088948274445,True,0.06490543615032818,-0.2764639519579356,True,-0.10703288020277625,0.3872184507909688,True,-0.28795291223618646,0.10974802058527106,True,-0.3932019294409893,0.12096069021590425,True,-0.08536334315905106,0.014652817365627213,True
2181,72.7,-0.18435085188659642,-0.24273607191041283,True,-0.4621082821919498,-0.27079728297315503,True,0.07587861596791798,-0.3052522025535468,True,-0.10909721371980488,0.3482371886101654,True,-0.3179419414483356,0.06733245971512732,True,-0.43461407350928194,0.1378513599832054,True,-0.04966777641217449,0.02157184862658342,True
2184,72.8,-0.176211536368148,-0.2667703535214653,True,-0.4610767223172642,-0.2718121080596455,True,0.08122656507584225,-0.33535937630439616,True,-0.11329818479716178,0.30609143124631333,True,-0.3507648866110275,0.028134876171403957,True,-0.4715414888301229,0.1632449822364002,True,-0.01439500019705847,0.03095476361651384,True
2187,72.9,-0.16447286248268495,-0.29007929487413214,True,NaN,NaN,False,0.08102848648741053,-0.3656237596765779,True,-0.12002496530472176,0.26227146260599815,True,-0.3811190220649473,-0.010860169890517569,True,-0.49257882593737395,0.1934704079138227,True,0.02179682668153829,0.038957937575247036,True
2190,73.0,-0.149412896254674,-0.3079352167931617,True,NaN,NaN,False,0.08130959847261762,-0.4004018635747813,True,-0.12700726255969463,0.2192323204914172,True,-0.4154884444853255,-0.03806589976647823,True,-0.49927012600598425,0.22243108549205576,True,0.06133322947664832,0.05064480787474096,True
2193,73.1,-0.13379388420975136,-0.3170509031044341,True,NaN,NaN,False,0.08484284120744508,-0.43293851610715806,True,-0.13693412237290073,0.17836191071284235,True,-0.4361473650963569,-0.03844252187308233,True,-0.489679569653392,0.2550321535792313,True,0.10193605914059285,0.0646889322897064,True
2196,73.2,-0.11449847851547418,-0.3249525500077179,True,NaN,NaN,False,0.08325454884243876,-0.4593625479157605,True,-0.1451024485026373,0.13612121558769016,True,-0.4658767106726995,-0.03162555908984776,True,-0.46870630606889235,0.2885996042617911,True,0.1397656582347461,0.08324282230836573,True
2199,73.3,-0.09491930261918032,-0.33015397210212977,True,NaN,NaN,False,0.07437346998272269,-0.4785936660641168,True,-0.1496360783249953,0.09039696443435588,True,-0.474537944420673,-0.04345069917161519,True,-0.4410818100095167,0.3153065597716223,True,0.17580078784150693,0.11183913642008873,True
2202,73.4,-0.07389004511239544,-0.32957530288825027,True,-0.31673286408074713,-0.40639247027190867,True,0.06042649920473276,-0.4941835099636541,True,-0.1561913045300843,0.043695787509706374,True,-0.45909158332491107,0.0004014523543761978,True,-0.4115877522729409,0.3210656766436765,True,0.20134594083034227,0.14378064526669826,True
2205,73.5,-0.05214658887627595,-0.32582143982122247,True,-0.282373156988849,-0.39909600917902327,True,0.04513049882324585,-0.5019669012498377,True,-0.16195254831300054,-0.0014557860237189553,True,-0.45313268418877084,0.022807568187440702,True,-0.3757777484233727,0.31447342940525363,True,0.22283302665901764,0.1762522034871656,True
2208,73.6,-0.025681134414097473,-0.3218625145187839,True,-0.23868615170611254,-0.386178651007188,True,0.015765064089686996,-0.5011637904815714,True,-0.17479323473363803,-0.041579253585242344,True,-0.4119225591491273,0.04474138968832126,True,-0.33325569027266344,0.30750151924568614,True,0.24138950384579203,0.20833787955914176,True
2211,73.7,-0.001641412231180859,-0.3164196040312718,True,-0.19809679498501834,-0.3810170551975195,True,-0.013686606566723807,-0.5103172079417103,True,-0.19133287114062955,-0.08010715058300692,True,-0.3676382774342899,0.03557310983337473,True,-0.28634006069966067,0.30351750022753654,True,0.2537050596707111,0.24231892303284705,True
2214,73.8,0.018053374219219428,-0.3068786654118401,True,-0.15596826054406332,-0.3731176017987369,True,-0.036290417598042475,-0.4950224860212527,True,-0.21085066127698385,-0.11547523317917267,True,-0.3190611362909624,0.026410514661589116,True,-0.23837910044688793,0.29308084140715346,True,0.261112774093179,0.27580764334668767,True
2217,73.9,0.039329878764220276,-0.29197643940404366,True,-0.11248927230509066,-0.37712535604575875,True,-0.05592340035923237,-0.469533888049456,True,-0.23650904483382512,-0.15163295972786134,True,-0.27027457218175277,0.005822249095026751,True,-0.19190751690764504,0.2784979893967863,True,0.26933151155642643,0.3096822997428723,True
2220,74.0,0.06207859942369326,-0.2788826631540718,True,-0.06515548131675318,-0.3760134541698781,True,-0.0755273889724533,-0.4415691896113421,True,-0.2595187574891635,-0.1838530528874991,True,-0.22333815475896768,-0.01609718406093139,True,-0.14663129981037282,0.2595947977723957,True,0.27502788534094896,0.3470884183684162,True
2223,74.1,0.08632362065106554,-0.2641091646675761,True,-0.01641363246249564,-0.3709430107730645,True,-0.09030633712694174,-0.4110105678908175,True,-0.28231487740723776,-0.21023884841204765,True,-0.17596175269663225,-0.032448861501177304,True,-0.10231001148558591,0.23815762339459493,True,0.2826931138037165,0.38417761131811473,True
2226,74.2,0.10593012408893399,-0.24807478207363873,True,NaN,NaN,False,-0.10162337745479932,-0.38138761387983816,True,-0.30954986050870337,-0.2347298113704784,True,-0.1294427618768322,-0.03837793123601071,True,-0.057091962162847724,0.22007724683369814,True,0.2903990413875,0.4216285501909089,True
2229,74.3,0.1197224775313297,-0.2301509026477788,True,0.09663008016986535,-0.34918941589858016,True,-0.1145104651546599,-0.34656558930822956,True,-0.3349029821918889,-0.25917457029384594,True,-0.08138581405252916,-0.055942547604660345,True,-0.015106646362731317,0.1979034540591311,True,0.29126722446809244,0.4626832042660468,True
2232,74.4,0.14341231060237367,-0.2175604323021749,True,0.13339413281721255,-0.3451087106610854,True,-0.11909716157364936,-0.31227981597064536,True,-0.3595386514065137,-0.28559954429235346,True,-0.03792332450750835,-0.09490614839694798,True,0.025006989152731765,0.17314240766209393,True,0.3081184351348726,0.4891317832700783,True
2235,74.5,0.14574983683922849,-0.191821708866117,True,0.1735199801442309,-0.3396945988131487,True,-0.11619444660090623,-0.2757943443925067,True,-0.3869100522738136,-0.31324210236958283,True,-0.0018264364138075348,-0.13430894175963737,True,0.06059036843615453,0.14060560327597363,True,0.2955820960140736,0.5120306340754966,True
2238,74.6,0.15448526944106591,-0.17381423431418128,True,0.2114136110698912,-0.3392292786678364,True,-0.10550867135405763,-0.2401617525157858,True,-0.41419488075549804,-0.33775863526881394,True,0.02911093269099053,-0.1693450506023714,True,0.09055178899107658,0.10413005230420974,True,0.2856353203480251,0.523004406195203,True
2241,74.7,0.15883123341292413,-0.15015644549152735,True,0.25696424024012876,-0.3427612666024617,True,-0.09269618848754571,-0.2127042674756262,True,-0.433430751533681,-0.34932193031469755,True,0.05587441019111856,-0.20542665553105985,True,0.11939730443813347,0.06489865775633584,True,0.2578119631032101,0.5240236070360332,True
2244,74.8,0.16146430680219515,-0.12655245756726702,True,0.2904777791740148,-0.35211543567708525,True,-0.07533642927640444,-0.18233429375965654,True,-0.4401169484548583,-0.3549610790464437,True,0.08234046154467212,-0.24108220799182473,True,0.14577595671797153,0.023928807063366163,True,0.22753434212806234,0.5164022585461593,True
2247,74.9,0.1595140049985873,-0.10179430572928347,True,0.32414765452311245,-0.35642541147047535,True,-0.053161386309972074,-0.1553619397236109,True,-0.43208498498429515,-0.37672775695765864,True,0.09844527040625269,-0.2782478345961542,True,0.1774815156767103,-0.014268921207442272,True,0.1990392124296531,0.48476223695004617,True
2250,75.0,0.15900733853205973,-0.07608099164662747,True,0.3607089198829928,-0.3860131280356788,True,-0.02841603436498238,-0.12715630424754754,True,-0.41116611738653397,-0.39805473199900965,True,0.1154413704148821,-0.31630704834386014,True,0.2103173491559243,-0.049829672626776074,True,0.18568688256571497,0.45354894663628476,True
2253,75.1,0.15919048622337795,-0.07101928139696964,True,0.3591907476148478,-0.4179068159635226,True,-0.007913540013752307,-0.09719316291459439,True,-0.3910020420837955,-0.42178903420930847,True,0.13315478875158518,-0.3599733703922193,True,0.23652389255723463,-0.08609986000260812,True,0.16987204449717788,0.45238003472631044,True
2256,75.2,0.15076378584693623,-0.0402193724634016,True,0.3469194570172522,-0.4492480589950948,True,0.009347117107517908,-0.06601046364282749,True,-0.36947581397123824,-0.43044448467561935,True,0.13788439900519792,-0.37922733667960984,True,0.2641584781083986,-0.1223701600709757,True,0.15676036944469496,0.4062926091779517,True
2259,75.3,0.1448038525851325,-0.009078618672493521,True,0.3245396867039334,-0.47516533316490944,True,0.03131072657443908,-0.03634270557399269,True,-0.334468294021495,-0.4414230980652638,True,0.17101412348179026,-0.41668271720404665,True,0.29037410420239695,-0.15796745331455928,True,0.15969826397653386,0.3743745433434151,True
2262,75.4,0.13564966349953253,0.021600579241479737,True,0.2977326772690169,-0.4768732875147241,True,0.057644888541879255,-0.01603744250437764,True,-0.29801282878348423,-0.4487398398758529,True,0.2048531852571466,-0.4497017050091515,True,0.3176847405612108,-0.19357134984788582,True,0.15568843380980718,0.3357909635668538,True
2265,75.5,0.13009477328268387,0.03165830003906731,True,0.29321597881897915,-0.47954362513117776,True,0.07506167690566327,-0.0022455302254842926,True,-0.26260517490229635,-0.4655957190047396,True,0.21190362075541824,-0.4705455716126444,True,0.3407621325559823,-0.22131585498318537,True,0.1511090421787441,0.3020166851250051,True
2268,75.6,0.11672133122564332,0.06864312377698052,True,0.29245791400128623,-0.4917346572813643,True,0.09816488824433155,0.015998418090161465,True,-0.22465328282332264,-0.48614100430107,True,0.21816200755466886,-0.4906386687073394,True,0.36460286712616025,-0.2609929806892538,True,0.1469646981312901,0.2572469107222407,True
2271,75.7,0.11699590218224654,0.09143512007598194,True,0.3082570455403924,-0.4903962261576587,True,0.1251976523333283,0.032251347105325436,True,-0.20239682991286875,-0.4914259161755119,True,0.2270396982779783,-0.4959661987390312,True,0.393113704393812,-0.29587445792290873,True,0.14825696518076795,0.21307572277943412,True
2274,75.8,0.08815232372754112,0.09668854493496844,True,0.2955379687027886,-0.4907694194250175,True,0.15338891032196741,0.046927714133810056,True,-0.19805030718576908,-0.4893564020237109,True,0.22690956814394816,-0.49045475098493607,True,0.4220902659427521,-0.32087929766981216,True,0.1506831376058428,0.17066241181480796,True
2277,75.9,0.05663088240760989,0.10478947502398105,True,0.2900711322014027,-0.4916885091696875,True,0.18549563282462708,0.057424323124191254,True,-0.16349423697969717,-0.46754411404418655,True,0.23213205538935552,-0.4714323807089314,True,0.4407050315537818,-0.32359352656564877,True,0.1546750591012361,0.1319477141886547,True
2280,76.0,0.037907208537542064,0.10550639159049857,True,0.26126011037788854,-0.49507423566499187,True,0.22089591266432107,0.05369383651201481,True,-0.1589206502799373,-0.4380911110141624,True,0.2512483452988441,-0.44644894199051505,True,NaN,NaN,False,0.15882629151957164,0.10236259355967871,True
2283,76.1,0.027971383361486652,0.11119780205892783,True,0.2380020010910248,-0.49500468240465745,True,0.2560490701839334,0.06127810283237601,True,-0.15037799553779166,-0.4058984323783827,True,0.2742599279623442,-0.42410575695777897,True,0.47179514638904335,-0.29270760162012754,True,0.16852937446509847,0.06925457127990924,True
2286,76.2,0.0066680141717343116,0.10933677295781673,True,0.21309113589677506,-0.46606073144777194,True,0.2908078018541842,0.0690194622623637,True,-0.14992716507188997,-0.3650154368564779,True,0.28547134301165394,-0.4203548481328142,True,0.4865245474018153,-0.24769416644959796,True,0.18434593990691964,0.03562015306278586,True
2289,76.3,-0.01581115126826045,0.10424622488594446,True,0.20376782744253127,-0.4361351599908216,True,0.3259435533553725,0.06827304369405282,True,-0.1480638297301124,-0.3249499499035816,True,0.3266420459025803,-0.40125934109936867,True,0.4855347342132928,-0.20229168184738325,True,0.20758540646910323,0.0027398162067406432,True
2292,76.4,-0.04666101659264862,0.07720581206302253,True,0.2013491383273732,-0.39951138463460595,True,0.36115148919889084,0.06649140293220047,True,-0.1375066713736215,-0.28866859948579177,True,0.33694200692805987,-0.4069724755145486,True,0.4691100412849984,-0.187982887872531,True,0.2348395217792188,-0.028652764699648586,True
2295,76.5,-0.06599442672638842,0.06166327476194798,True,0.20929476041537323,-0.38432538339133004,True,0.39615161612051975,0.06042723721616259,True,-0.11212748696086867,-0.2561927224872366,True,0.3572317752142138,-0.4119988401817623,True,0.4438233097168466,-0.15921326732227847,True,0.2624226707176091,-0.056408207718515194,True
2298,76.6,-0.07985272356301902,0.047987870866545074,True,NaN,NaN,False,0.4284576727887204,0.04801475099631587,True,-0.08525274150706515,-0.2289950229448283,True,0.364221458803755,-0.40954600871036895,True,0.41685546187152406,-0.14931120208887375,True,0.29105706600712106,-0.07932945447164197,True
2301,76.7,-0.08659514885101384,0.029999121050268262,True,NaN,NaN,False,0.4611249859617206,0.029753851650291246,True,-0.058383986466213,-0.20861306563832496,True,0.3657655787212472,-0.42859015435943915,True,0.38299672255586703,-0.1472155362309508,True,0.3231612929561677,-0.10162315701038495,True
2304,76.8,-0.08268907765810482,0.02708673486151649,True,NaN,NaN,False,0.47704994207725326,0.0135401886998563,True,-0.029512099434555638,-0.19319538195211686,True,0.364221458803755,-0.43991370042104844,True,0.34773203091690447,-0.15577249958783815,True,0.3485819887708631,-0.12031702920448493,True
2307,76.9,-0.09787542285969612,-0.006632482566348555,True,NaN,NaN,False,0.478998195654251,-0.0035149843287035727,True,0.003452816009344471,-0.18291616184678303,True,0.3221007307232896,-0.47635788464000467,True,0.3117687004281612,-0.1670004266921904,True,0.37034891879380333,-0.14330118080609303,True
2310,77.0,-0.09967809208023581,-0.03427545692241011,True,NaN,NaN,False,0.4734244863750813,-0.016537578028921526,True,0.03767416437760062,-0.17048410379192527,True,0.3116282442171722,-0.4920510319843717,True,0.2805040858769627,-0.16434935845687146,True,0.39446243738454845,-0.16838072781122423,True
2313,77.1,-0.09716911546951292,-0.061291049377320724,True,NaN,NaN,False,0.46355515248810897,-0.03501676948782648,True,0.07300192316756142,-0.15775616748847038,True,0.26103230925579024,-0.4862372979458138,True,0.25310612796383564,-0.1404699909929832,True,0.42116449638720843,-0.19341498517048908,True
2316,77.2,-0.08917132133563682,-0.08391704744933476,True,0.15342139164191715,-0.07298684910191053,True,0.4440120193757568,-0.05434878593009143,True,0.10953146835998967,-0.14050533064012669,True,0.2155703450903983,-0.45957307857462654,True,0.2326424506800053,-0.11129968540314919,True,0.44928044770874703,-0.2111389162435845,True
2319,77.3,-0.07889897605149224,-0.10280392422663104,True,0.14004692103860872,-0.0590307874396447,True,0.41783810667451793,-0.07243227976709082,True,0.14620968875818435,-0.12572169291262444,True,0.18775516447396487,-0.429469197046296,True,0.2151156245891923,-0.07752831223835788,True,0.46893619954284554,-0.22728694467964897,True
2322,77.4,-0.06384271986180177,-0.12302976871891842,True,0.10359861906099777,-0.01854376897407931,True,0.39172533066234994,-0.07544243541584088,True,0.1803860470299178,-0.11922703601331976,True,0.1748608862552976,-0.418296021576158,True,0.2036985551093029,-0.04346282399690331,True,0.4739346386878548,-0.24208010439083538,True
2325,77.5,-0.049303309813141814,-0.14672773948495738,True,0.07914698874079028,0.017934281923015025,True,0.36043859324483724,-0.07464255346968204,True,0.2162679690388532,-0.11944054013010391,True,0.16240350289350508,-0.3713073298756827,True,0.19483769715184082,-0.003976096520275483,True,0.47063387803584916,-0.2583393011120952,True
2328,77.6,-0.03733858362550266,-0.16871794944698199,True,0.05797100850113984,0.05214584661979207,True,0.32813271258782767,-0.0701848938238283,True,0.2562424672743604,-0.1246733834692963,True,0.15677209421453178,-0.3316354509785971,True,0.18237126057229489,0.038103538933054765,True,0.4672258144565077,-0.27473986259458594,True
2331,77.7,-0.025954822144694134,-0.18676773475498742,True,0.034758994456887564,0.09373665382834151,True,0.29413673482399005,-0.06661312773716592,True,0.300210594510408,-0.13036219888456382,True,0.16648097197290754,-0.2951291738081946,True,0.16057486506961902,0.0802123117052182,True,0.4560702925850352,-0.2943868902927947,True
2334,77.8,-0.002186221583740137,-0.19833270419756047,True,0.025361852394100676,0.13485311560546628,True,0.26038626658653863,-0.05892817787483902,True,0.3442286381726961,-0.13524929184364015,True,0.1582298337145245,-0.25347706345609455,True,0.1303872337156209,0.11913544984866792,True,0.4434387847654928,-0.3090783745557994,True
2337,77.9,0.020581070854213658,-0.20687425522362737,True,0.012941133069408526,0.18245936626328355,True,0.2291483915876386,-0.05036929234145705,True,0.3848002715394788,-0.14444325840682065,True,0.17346874903568252,-0.21238224058279723,True,0.09928299551383485,0.15460241204488184,True,0.42790873794152334,-0.3284382632153359,True
2340,78.0,0.0445217062508543,-0.21586665851721573,True,NaN,NaN,False,0.19961060936343217,-0.04030029402826062,True,0.42180442225071857,-0.16061041158219183,True,0.1995153342712561,-0.1846192073956751,True,0.07161726512537692,0.18751347134073998,True,0.40873108571801287,-0.3349123117230932,True
2343,78.1,0.06754526419675555,-0.21486956754145733,True,NaN,NaN,False,0.1699071373482039,-0.027490656675679456,True,0.4576790308618362,-0.17687144273559172,True,0.20886989974622075,-0.14538088768138244,True,0.04626291150222405,0.2218447241549868,True,0.3883421869260004,-0.3402476993672958,True
2346,78.2,0.09324924241714667,-0.21193814577993675,True,NaN,NaN,False,0.1362760790500039,-0.015310261511799449,True,0.47959382522715593,-0.2008383738410699,True,0.22392766680469614,-0.10495510780525882,True,0.01638950454475476,0.25713892057185705,True,0.3618092870481943,-0.35813267424847467,True
2349,78.3,0.1148658816962842,-0.2053503136158572,True,NaN,NaN,False,0.10228703862693216,-0.005079279823714704,True,0.48317025860745194,-0.23682389327244732,True,0.23946840936751795,-0.0634543045621729,True,-0.01241919533050839,0.29211241841008717,True,0.33275361323247943,-0.3783736811559271,True
2352,78.4,0.13342616005051153,-0.19438353151719046,True,NaN,NaN,False,0.06958983363469066,0.004646550771883607,True,0.4778980965391312,-0.26728477012141705,True,0.25497497464118346,-0.03757752877115379,True,-0.04102490968083201,0.32693713032028937,True,0.3040745300712197,-0.40187983453946907,True
2355,78.5,0.1520953018140976,-0.17983248481158687,True,NaN,NaN,False,0.03754817652868945,0.015574504688587672,True,0.4637677449927252,-0.29956909294983086,True,0.2846999184932028,0.00894416726566011,True,-0.07058429523770839,0.35676121027924457,True,0.2775821583510756,-0.4249010090278462,True
2358,78.6,0.17338451502906319,-0.16533738726289293,True,NaN,NaN,False,0.005639966954346079,0.028957333776808498,True,0.43457192675001066,-0.3267633957873812,True,0.3163537413614975,0.024351688104932878,True,-0.09053453521221959,0.38655675444662674,True,0.2555275935857983,-0.44836067466485596,True
2361,78.7,0.1890803978887741,-0.154625506126324,True,NaN,NaN,False,-0.02711795463192851,0.040064659566764506,True,0.40478983057459256,-0.3472544654501338,True,0.35895233439147084,0.06154534568556832,True,-0.09349229812603371,0.41319711053968583,True,0.23757498586629283,-0.4737713958268655,True
2364,78.8,0.2102355089003857,-0.1390204570795428,True,NaN,NaN,False,-0.05792565282370428,0.05185564413665367,True,0.3702352657581362,-0.35831712982631114,True,0.3997473859470696,0.09317655971771059,True,-0.07677293167287291,0.44051500071892713,True,0.2354453928470793,-0.48747314523537566,True
2367,78.9,0.22782419942527934,-0.13417795675759733,True,NaN,NaN,False,-0.08695105141441017,0.0690807679172695,True,0.3318494866740534,-0.36131658461075083,True,0.41909710510232323,0.10189066973426725,True,-0.05375100203259698,0.4730594737912847,True,0.2512443358590826,-0.4961123155907022,True
2370,79.0,0.23512652229484413,-0.10695989541593716,True,NaN,NaN,False,-0.11326641393137656,0.08828866937109209,True,0.29325117256913397,-0.3561513609350102,True,0.4285597886992624,0.09795473750539332,True,-0.02422933329752667,0.49260689884651876,True,0.27764203507519314,-0.5001885872022142,True
2373,79.1,0.2519520736645513,-0.08434206933711648,True,NaN,NaN,False,-0.1431149757842481,0.10680076939714353,True,0.25590796904495755,-0.34879396467465684,True,0.4679641746089405,0.06998387770842796,True,0.0074214434584657695,0.5006266139216331,True,0.31089381407154154,-0.4905546341670372,True
2376,79.2,0.2685546514711285,-0.0604573471425112,True,NaN,NaN,False,-0.17322078094776208,0.12983662952153657,True,0.21758114977867093,-0.3410597281170398,True,0.48660388512847064,0.04176539657404242,True,0.039523413303114964,0.493281870782914,True,0.3379728150753289,-0.4714237897942628,True
2379,79.3,0.2791391115495737,-0.03633847705420021,True,NaN,NaN,False,-0.19535360183436049,0.15296739895126346,True,0.1791893440823006,-0.3325994756087813,True,0.484826755964323,0.010254063890317919,True,0.06949598779292228,0.4622723668335318,True,0.35161578314098474,-0.4445783259425717,True
2382,79.4,0.2837966184612179,-0.010597116587963255,True,NaN,NaN,False,-0.21150921981244486,0.17783016148234712,True,0.14062741951012772,-0.32725433035450535,True,0.46724651224987085,-0.03178564933989381,True,0.08612637824659371,0.43158004179214166,True,0.3616983257426735,-0.4187107805797029,True
2385,79.5,0.27700815947482893,0.010940412254747164,True,NaN,NaN,False,-0.22805801135343318,0.20762839026269653,True,0.10395494483950635,-0.32310293208650676,True,0.42891086027973274,-0.07575528216577708,True,0.09423327194178299,0.39477955717347507,True,0.3733516797132478,-0.3903210266105121,True
2388,79.6,0.26285667615957686,0.024792279838630582,True,NaN,NaN,False,-0.23677186769149822,0.23858280375833102,True,0.06463902939191359,-0.3159305715653644,True,0.42969756127004616,-0.06897275252244518,True,0.10562598053254271,0.3625757148324194,True,0.37207342397288923,-0.3610578029642136,True
2391,79.7,0.24832153889785688,0.0346182183239687,True,NaN,NaN,False,-0.24656960544360598,0.2691512172705828,True,0.025273277337349163,-0.3031926885736582,True,0.4078631638402444,-0.07926688530572637,True,0.09616224112711305,0.3169571334272475,True,0.38087343756279274,-0.3291973175396159,True
2394,79.8,0.2324158890037561,0.041963758819186035,True,NaN,NaN,False,-0.2523970949147878,0.27552852801699373,True,-0.010426333367741404,-0.29433358689139544,True,0.3580811603261086,-0.06394442678404541,True,0.09451517988178804,0.26807753666909495,True,0.3950144983620769,-0.29533194167169863,True
2397,79.9,0.21464714404515614,0.04829888714575156,True,0.2799695277876776,0.0998352729822323,True,-0.253968798253457,0.31978557562717325,True,-0.04636911524282572,-0.28365647071238653,True,0.32194962926695103,-0.024302303092148973,True,0.08164751390268657,0.21872016562036792,True,0.4057848793232095,-0.25744535290726983,True
2400,80.0,0.19375247910195179,0.05247003147826607,True,0.2997179144314789,0.08068982468306311,True,-0.2501558467492744,0.3589036620095088,True,-0.08119203668180835,-0.2719384860134261,True,0.3194419811964819,0.008910488930011106,True,0.06000589521411392,0.17146601750507262,True,0.41102728226130786,-0.21745977427152302,True
2403,80.1,0.17109888152895,0.05465711230876568,True,0.3390608320320449,0.05255100534950727,True,-0.23822652467087166,0.39286101465336337,True,-0.11593848505455415,-0.2566430794604959,True,0.282902553655826,0.04957547598396668,True,0.03385184742847911,0.1269411206020749,True,0.39857260146418366,-0.1745495929239477,True
2406,80.2,0.14702179210491367,0.0623882844023613,True,0.3719420583912159,0.04082230055818277,True,-0.22820588287407703,0.4016316546121882,True,-0.15102860026682832,-0.23741295592885514,True,0.2823831031766696,0.08302824496963562,True,-0.001307996502052126,0.08935933233729994,True,0.37102847312161674,-0.13536948578547844,True
2409,80.3,0.12858498410335015,0.06349938814492462,True,0.41534705722049664,0.020075960293450122,True,-0.2261269597757463,0.4316636913183038,True,-0.18640106735206335,-0.21871544588156863,True,0.2710595571150603,0.1159694698761354,True,-0.036804786696603684,0.05230629217332332,True,0.3435175057246136,-0.1074135853094752,True
2412,80.4,0.11670979242066383,0.07345772393813257,True,0.4530726923894507,0.0007925055402543898,True,-0.23707832001693527,0.4515461310752194,True,-0.2196921045307975,-0.19366032950197337,True,0.2604222865723365,0.16108506941505596,True,-0.06788459424153995,0.01731170464622775,True,0.314519887238297,-0.08474938097055777,True
2415,80.5,0.0934311765053667,0.06945090771532308,True,0.48311869245065264,-0.0024130571315981947,True,-0.25724003554164115,0.46468049126499766,True,-0.2451736724027544,-0.1665723144867391,True,0.26561085558714925,0.20205999158270793,True,-0.09134215222147891,-0.020122102778356767,True,0.28447874708948917,-0.06927884593149855,True
2418,80.6,0.0680108853621965,0.04922271153091316,True,0.46002933388193024,-0.006378204574047239,True,-0.2696138932378819,0.467151867180562,True,-0.2663189690103167,-0.1363553425401075,True,0.2714092936775693,0.24556336329335274,True,-0.10396802536414998,-0.06242628891082479,True,0.2549201216193528,-0.05459470248556936,True
2421,80.7,0.04651678011537088,0.04301741563337814,True,0.4667243328328343,0.008996273369871763,True,-0.2866055376862536,0.46858261516940414,True,-0.2848865002714951,-0.10448364065003476,True,0.2777840871994039,0.2917821028061438,True,-0.10894447620278999,-0.1053050835621912,True,0.22251490588574813,-0.042969388410006436,True
2424,80.8,0.045948776875095805,0.04565911581108673,True,0.4729980781934532,0.020390006700457975,True,-0.30093766908086866,0.46675019159201503,True,-0.2973277052194332,-0.06775149260206484,True,0.2895962049014254,0.33626823670422806,True,-0.10975395721836625,-0.15266498548262847,True,0.1855674917074579,-0.036674128003682804,True
2427,80.9,0.02657390351213224,0.04082230055818277,True,0.4814080684174161,0.06529017533113786,True,-0.30952953186199833,0.46699939778602373,True,-0.3047347908531615,-0.02944863752633899,True,0.3062487307096583,0.3815116645028191,True,-0.1020516506551357,-0.19847430703359847,True,0.14634688838986437,-0.03848323313267722,True
2430,81.0,-0.007830325887003617,0.012335455339655766,True,0.4728432084586456,0.07459899131376045,True,-0.3492373006794975,0.44446652693355887,True,-0.307888953146552,0.007572532162265784,True,0.32416747834080717,0.42721502556263796,True,-0.09473375207169564,-0.24426839065598124,True,0.10771861897843647,-0.046609636971042166,True
2433,81.1,-0.0310664331705708,-1.789971917079229e-05,True,0.42663990135808605,0.10943511646932459,True,-0.35966858047333883,0.4298749021946689,True,-0.30368169117290433,0.042982618564814994,True,0.33578451628243483,0.4690034318860823,True,-0.0916885252797964,-0.2908584703609085,True,0.07101680942623134,-0.06199159695149085,True
2436,81.2,-0.04688269327759699,-0.01482509276620257,True,0.39564468188993807,0.11172122627694575,True,-0.3746128368601022,0.3991506062910252,True,-0.2967141244451363,0.0813784823586318,True,0.32463010680720095,0.5013648643543129,True,-0.09219933917967262,-0.33846314755993306,True,0.03455369904437501,-0.08143055831381388,True
2439,81.3,-0.06178062092366665,-0.03046931081949906,True,0.3490253580284351,0.10393360659068299,True,-0.381122867108951,0.36298711666869643,True,-0.28709812633042947,0.12215688470547098,True,0.3061887335887383,0.5136952260509975,True,-0.09199013839733554,-0.3854766354393154,True,-0.0023314583234943396,-0.10512803577719446,True
2442,81.4,-0.0741728359598077,-0.04380298558914935,True,0.347090566116426,0.10824887028867451,True,-0.3815867468807867,0.3323306856861111,True,-0.2792695742521914,0.1535724929039983,True,0.2822553796773215,0.5159889850695702,True,-0.09356745534444076,-0.423767496960644,True,-0.025166346661916555,-0.12706346462952872,True
2445,81.5,-0.08627330979470803,-0.06512887376935168,True,NaN,NaN,False,-0.39011086277433443,0.28781462956999104,True,-0.2571049502170883,0.1908938224671772,True,0.24659343030995143,0.5142648771992486,True,-0.0698380428086824,-0.4661053537898922,True,-0.058405543053116085,-0.16094007258601004,True
2448,81.6,-0.09003704668493666,-0.08874393045130194,True,0.21263188557802204,0.03954657916712166,True,-0.38397977938213296,0.24537744713536577,True,-0.22968258529727065,0.22594793083978515,True,0.20817181879069394,0.491830421906677,True,-0.0365235604777352,-0.5056331769895833,True,-0.07887895142914353,-0.19481738505734605,True
2451,81.7,-0.09657302298904565,-0.11508020876854184,True,0.2069614236511626,0.025545807507793523,True,-0.36696287934437916,0.20602151937096616,True,-0.19941629597080252,0.2543970523552113,True,0.18488508550416308,0.4612652547021434,True,-0.0018069248263646361,-0.5087274917955877,True,-0.09208774301634202,-0.2276216734718202,True
2454,81.8,-0.10044432326165702,-0.14044930042352535,True,0.1561512999216841,0.01714579515663605,True,-0.34345207164515035,0.17203500903644914,True,-0.16757688065165421,0.2756353338913748,True,0.18253001517884215,0.4577346782810707,True,0.03563447444198026,-0.5062202117529918,True,-0.1018635373011601,-0.26059464027090323,True
2457,81.9,-0.09915731615171508,-0.1615022187980164,True,0.12306377141569594,-0.0010475568697063057,True,-0.32512636061426736,0.14040287076125285,True,-0.13557277629205305,0.291080763418875,True,0.15896732419462492,0.3762653016521021,True,0.06838642674756203,-0.4850160627449749,True,-0.10624046720325428,-0.29784339585348696,True
2460,82.0,-0.09353409949853272,-0.1805460567904132,True,0.07827692071136089,-0.02088563331279666,True,-0.3118288622789946,0.10985423946853445,True,-0.10147088743637271,0.30270014057250716,True,0.17555941669416325,0.3723227879877891,True,0.1035091963272384,-0.45341325408972893,True,-0.10515817221693242,-0.33880538935747123,True
2463,82.1,-0.08560302005497267,-0.20120706169491528,True,0.033736387466764606,-0.04376873649254446,True,-0.301194427554192,0.07717997263751554,True,-0.06485166212161744,0.3097043278421379,True,0.16605940272559225,0.3285433118508918,True,0.1162745735156213,-0.425421197908646,True,-0.09521980401001166,-0.3810428263865002,True
2466,82.2,-0.07611113225189992,-0.22120406005708199,True,-0.005747767106484884,-0.0670087403466876,True,-0.2956521716235828,0.04331360410328441,True,-0.02608037896485739,0.3125295273785867,True,0.1450250580717543,0.2869207016304916,True,0.13259647365764368,-0.39088180260460925,True,-0.07030532390385842,-0.41957449275041814,True
2469,82.3,-0.06671012333068937,-0.24259371424241769,True,-0.038793839661703265,-0.09608966545945695,True,-0.29490757036122817,0.008290694488758845,True,0.015326742485738714,0.3146719322314787,True,0.11157702610040869,0.24165910312811656,True,0.1546210437454206,-0.35358251688869113,True,-0.03781785353451649,-0.4442683894866076,True
2472,82.4,-0.06920156411098441,-0.2550739678532488,True,-0.08444884918095652,-0.1280297771090259,True,-0.28865316817660563,-0.026557399478349987,True,0.05495361001004037,0.31651836269175504,True,0.0826197375544408,0.19601295106921282,True,0.17221947916933442,-0.3141922813334511,True,-5.059662354775794e-05,-0.46050410169980666,True
2475,82.5,-0.04031822915802745,-0.2743212081636891,True,-0.11599983553631213,-0.1583691687983081,True,-0.28022551568340515,-0.060088280309398744,True,0.09416782118029723,0.3149804318873912,True,0.06380543973788624,0.15574948479463935,True,0.1922889528274578,-0.27438625446018455,True,0.04068312077672074,-0.4646694805983325,True
2478,82.6,-0.02345571899133139,-0.29287926848321827,True,-0.15200108470606485,-0.17989355422053846,True,-0.27291537500225527,-0.09339209083613637,True,0.13225301362436861,0.30252643553959774,True,0.049870577231983654,0.110592322674695,True,0.21171395193455883,-0.2365954369863419,True,0.08139145281684512,-0.4601763230849647,True
2481,82.7,-0.005739561987859382,-0.3053385803255174,True,-0.1982211574127756,-0.2038640273594194,True,-0.2679081492213168,-0.12550744429263325,True,0.16627987014928708,0.28127707476456026,True,0.03307913129356696,0.06558577782996414,True,0.22954179985346482,-0.1936220334574881,True,0.10948496621421204,-0.43836980997597674,True
2484,82.8,0.015674056448637716,-0.3194360500348393,True,-0.23576645926685835,-0.2291758532816413,True,-0.2521312642570871,-0.15840914450283067,True,0.1972981536702615,0.2526171391861104,True,0.01383937931350854,0.02176137687986539,True,0.2386980432058799,-0.14438896921405694,True,0.12397210309192098,-0.41478991830943973,True
2487,82.9,0.03598976703017318,-0.3336829478169123,True,-0.2689135757828203,-0.2660906157044993,True,-0.2459813778939033,-0.19135728209429692,True,0.22067111731544278,0.21995560309094717,True,0.006500344584733934,-0.017854256306519968,True,0.22113301311614658,-0.09275632722487072,True,0.1437262096918065,-0.38802839277502016,True
2490,83.0,0.05631477171432535,-0.3441918398394858,True,-0.3066396607171443,-0.27550512892374507,True,-0.2563314863806915,-0.21994036024840138,True,0.24148657433288495,0.18508708444710917,True,-0.001066511461158407,-0.0650394118420072,True,0.19044090025108473,-0.04206730438646799,True,0.1685645188834868,-0.36449302488521057,True
2493,83.1,0.07601589216800728,-0.3475402684673095,True,-0.32356005358143347,-0.2801449469827529,True,-0.2779851396224292,-0.24612862099569008,True,0.27134847386976657,0.14990003166615806,True,-0.012070345959094288,-0.11166961979393475,True,0.15146558866997867,-0.0026317845162269495,True,0.1980353522527252,-0.3399419573101427,True
2496,83.2,0.09944034027558077,-0.3486715257717442,True,-0.37327645373681917,-0.26429175822345446,True,-0.30323126375649195,-0.26337001779862523,True,0.30048321885762697,0.11514039220352067,True,-0.023683224425756835,-0.15567218970122487,True,0.11072048406739876,0.01979801783864436,True,0.2255623703403608,-0.3164362899751635,True
2499,83.3,0.12265556054044452,-0.3465025419217023,True,-0.41009163938005755,-0.25619408519781567,True,-0.3350476217604474,-0.2753452497722008,True,0.32784896060001945,0.08241560326782212,True,-0.020387542831597147,-0.19906558379221256,True,0.06752362377330347,0.040026072227835094,True,0.24988405301476155,-0.2923208177534476,True
2502,83.4,0.14711573063279718,-0.3398085471855482,True,-0.4310500803485733,-0.2545286366135334,True,-0.3644376662144033,-0.28524387069439633,True,0.35305462288517075,0.05138785293178527,True,-0.026381684041628113,-0.24457199592707707,True,0.02293928278326603,0.04656721850762158,True,0.2728893913805402,-0.2659088406833757,True
2505,83.5,0.17322912253077538,-0.3298214154881264,True,-0.4678548900584417,-0.282627331440406,True,-0.3958278937480597,-0.2919679723642556,True,0.3739812615017403,0.017016880017464948,True,-0.028656978351500044,-0.2908832525324238,True,-0.021998149331086653,0.0501725035049619,True,0.292917114671413,-0.23567286361831383,True
2508,83.6,0.19632634712514221,-0.31842034811226466,True,-0.47598427054897524,-0.3099961910213206,True,-0.41218926179327625,-0.3080605229299113,True,0.3876861633707775,-0.018335290548729337,True,-0.03183720716130349,-0.3371892615493938,True,-0.0693609564539777,0.06002408698603751,True,0.30123163055102853,-0.2004603207367682,True
2511,83.7,0.21083487379441843,-0.3036714495633797,True,-0.4639415236112161,-0.3359429593099085,True,-0.40683936352513284,-0.32800849099616575,True,0.39841693580948934,-0.052314241238298746,True,-0.03745441330863117,-0.38168560082611247,True,-0.11667912860079027,0.07490366052004015,True,0.3043265348945194,-0.16379467837182204,True
2514,83.8,0.22232397665348244,-0.3069666035508379,True,-0.4486163146648383,-0.34985695380900067,True,-0.3917719111525808,-0.3520710500499624,True,0.40734697407109993,-0.06379158423057182,True,-0.04485143695832178,-0.4294034178680396,True,-0.16519633644498297,0.0794252984954872,True,0.3041936124491986,-0.12512496683398716,True
2517,83.9,0.22630430681356922,-0.2757185742666245,True,-0.41916204600394297,-0.35550181159814276,True,-0.37258587423702516,-0.38302069525305904,True,0.42251881237874317,-0.06622045089931923,True,-0.04546051613087585,-0.4537127403186374,True,-0.2132608940650408,0.07806359010067282,True,0.2961736694121161,-0.08433177587706604,True
2520,84.0,0.23965558937086362,-0.2645483445292213,True,-0.41761792608645076,-0.3822665568346738,True,-0.3464454358153761,-0.3964408031405773,True,0.4376905017419479,-0.06446515556478312,True,-0.025400908958531837,-0.4859273871006338,True,-0.26081402943427734,0.06735456157984716,True,0.2739095473993395,-0.04048772026340609,True
2523,84.1,0.24049618901299807,-0.23447804758847432,True,-0.38622082109744316,-0.3951342228137753,True,-0.3106258130113973,-0.3989900605597181,True,NaN,NaN,False,0.00024310065755873825,-0.4970703004452102,True,-0.3099310760485803,0.047946059468315115,True,0.24676254878253612,-0.010706004719604008,True
2526,84.2,0.2458307232435952,-0.20555952865518018,True,-0.3538546593089671,-0.43806947467811536,True,-0.28017472024850826,-0.4168030852194367,True,NaN,NaN,False,0.026691041448565333,-0.5013321762651941,True,-0.3593805855538347,0.02413011915169275,True,0.2188961815481609,0.006758982078199901,True
2529,84.3,0.24220199718081326,-0.1798736895208675,True,-0.3130731507796076,-0.4791778532001451,True,-0.2570025086488128,-0.43390586890852134,True,NaN,NaN,False,0.05885463701245859,-0.49204081390974325,True,-0.40613503789287037,3.1059883397984503e-06,True,0.1860832113274345,0.016650151726329877,True
2532,84.4,0.25004972230118266,-0.1636681961977019,True,-0.27252784346875986,-0.5038135765128234,True,-0.23447371111847157,-0.46161034159298486,True,NaN,NaN,False,0.09691244674485665,-0.46458964487682597,True,-0.45326325479074064,-0.020456755676838613,True,0.15145862788040856,0.022448263601493944,True
2535,84.5,0.22723203505260667,-0.14453502394935414,True,-0.26680888081138143,-0.5176344029348213,True,-0.21471673385890253,-0.4857375278914725,True,NaN,NaN,False,0.10074956854470261,-0.43560781310706315,True,-0.47591445737586996,-0.04879543194534066,True,0.11661164671396311,0.02474450059569805,True
2538,84.6,0.2141682149680957,-0.12252416257349655,True,-0.23051422029097504,-0.5207764541062022,True,-0.1981298064254254,-0.48868155839661137,True,0.47293930669946793,0.08015978983459014,True,0.09720407076748097,-0.4002021825962031,True,-0.4714058979149353,-0.08493285383825314,True,0.07962346298594215,0.024887721992011634,True
2541,84.7,0.19993528074014524,-0.10742733726073457,True,-0.2374706023790301,-0.5284432423572666,True,-0.1917030769923005,-0.4729171464122019,True,0.4501285029425245,0.10111160489226628,True,0.09403227797830851,-0.3643166707861334,True,-0.4504608527833148,-0.12448244648138354,True,0.039574660557684216,0.01892499870041312,True
2544,84.8,0.1796409764978377,-0.0945127599818316,True,-0.2041594235245506,-0.5055356501168315,True,-0.18644976419387765,-0.46335626902787513,True,0.41984214304956874,0.12103346795793732,True,0.09885205989696653,-0.3272358386640498,True,-0.42179246623572025,-0.13566206286942564,True,0.0010656191038597082,-0.006047346870215097,True
2547,84.9,0.18510354837466245,-0.08167787956286329,True,-0.2036052450976676,-0.4949943295385004,True,-0.18076654979764414,-0.44271715742903434,True,0.3869682195536326,0.12745466754118157,True,0.07819986478270714,-0.28842005463707704,True,-0.3879220936729996,-0.1424937403534729,True,-0.032866134867330525,-0.03283057682543081,True
2550,85.0,0.15140975350653252,-0.07493234888221012,True,-0.19546683102584347,-0.48620947596531844,True,-0.17683054770229972,-0.422843225555555,True,0.3528872636392666,0.13312458299779079,True,0.07660720148065021,-0.2531933822994142,True,-0.3483532437289699,-0.15174336295740676,True,-0.055168157958376526,-0.059491598095650224,True
2553,85.1,0.12549467611234466,-0.06235232580249597,True,-0.17723983330979273,-0.46591143184235473,True,-0.17376005024999422,-0.4020221185461197,True,0.3150155387950963,0.14444469959603612,True,0.06414748817110856,-0.22322220533297954,True,-0.30427577557876634,-0.15588286179764027,True,-0.07509725552681586,-0.09124566914591205,True
2556,85.2,0.1243614630439394,-0.05308083230618312,True,-0.17857382277319248,-0.4600307917507641,True,-0.16412280797372347,-0.3658537100186251,True,0.2795078860951829,0.15911572386569997,True,0.07114935326243949,-0.1751411860402576,True,-0.25605856100682567,-0.16182581622773293,True,-0.09042180477552528,-0.12888928361907648,True
2559,85.3,0.0903883719073047,-0.03887246127918245,True,-0.1625045335452277,-0.41983060988922116,True,-0.1423831473598419,-0.34028973357775055,True,0.2450579290578303,0.1838484780037302,True,0.08442036976759495,-0.1291343363081417,True,-0.2087887613995256,-0.17246268199049108,True,-0.09851959903351594,-0.16770763118409898,True
