frame_number,timestamp,center_x_1,center_y_1,tracked_1,center_x_2,center_y_2,tracked_2,center_x_3,center_y_3,tracked_3,center_x_4,center_y_4,tracked_4,center_x_5,center_y_5,tracked_5,center_x_6,center_y_6,tracked_6,center_x_7,center_y_7,tracked_7
3,0.1,-0.09510208918255172,0.056828062581304614,True,-0.08582127284866574,0.025406506322704928,True,-0.009738483284672817,-0.05983857844030628,True,-0.08592721626593626,-0.0009889875171781846,True,-0.07925430989620377,-0.03200463824856996,True,-0.04422998477090996,-0.08625935691185557,True,-0.002047276413903311,-0.11205871703357219,True
6,0.2,-0.09529990007197121,0.06258100699543444,True,-0.08700126075456471,0.029281175963705226,True,0.011557069474202876,-0.07759456792701729,True,-0.06996035946983613,0.0049252376924845565,True,-0.07954975708098828,-0.03065275047720721,True,-0.04490594326935905,-0.08555459865323671,True,-0.015326785364338706,-0.11046162719682891,True
9,0.3,-0.0935894178600862,0.06038531761194086,True,-0.08537990768164154,0.02718017134636566,True,0.03190540662999449,-0.09035395410742304,True,-0.07004579658586692,-0.0017371486155968578,True,-0.08223110787559787,-0.029724459217351774,True,-0.05188622188646495,-0.07823956300978167,True,-0.01926912792633801,-0.11456581287721969,True
12,0.4,-0.09711174794912748,0.05237692410343862,True,-0.0915139698001444,0.025259927473899737,True,0.045949838144223314,-0.090343410131362,True,-0.0726473567690046,0.01179096433671915,True,-0.08080953062249516,-0.03387486350131854,True,-0.055077446195535396,-0.08456516508659923,True,-0.027849451875100444,-0.11751488028104758,True
15,0.5,NaN,NaN,False,-0.10055501882821544,0.02763223904686047,True,0.06046258831896136,-0.08310578938670668,True,-0.09710202249049893,-0.00485902083536209,True,-0.1009478662986434,-0.03564455807735016,True,-0.07045536362429795,-0.08397814103986795,True,-0.028796727046586725,-0.1146374371754421,True
18,0.6,-0.10854888729630478,0.07682996891516149,True,-0.10839568430774221,0.03256008646543511,True,0.08364233894636258,-0.073050517817826,True,NaN,NaN,False,-0.1252010771804056,-0.04149472046519181,True,-0.09501259884621904,-0.09796626114949765,True,-0.058148584422238116,-0.1158382810620035,True
21,0.7,-0.14557510978050722,0.0838166916777365,True,-0.14907717627938852,0.04853324297198456,True,0.11565205071066506,-0.06366227347867685,True,NaN,NaN,False,-0.1699271723295178,-0.049423150995369605,True,-0.1405652749228235,-0.1147173090752019,True,-0.06695088871348931,-0.14013116224272626,True
24,0.8,-0.15381603448290065,0.08827683372096734,True,-0.18265913844880438,0.06981006007690664,True,0.14222630690824667,-0.04652381280107595,True,NaN,NaN,False,-0.21254916781146893,-0.06315985510862286,True,-0.17860487467795746,-0.12503482914262273,True,-0.07692537688833906,-0.1729455816981744,True
27,0.9,-0.15641759466603836,0.09816276241689058,True,-0.2111401378437402,0.08672609980788133,True,0.16599749194560992,-0.019940225997511066,True,NaN,NaN,False,-0.2541039238548387,-0.07711121443795686,True,-0.21986288757323572,-0.140900133687612,True,-0.07664013631960463,-0.20585716330592524,True
30,1.0,NaN,NaN,False,-0.23849568903889462,0.10158986865134789,True,0.18391192189964206,0.008053384746542672,True,NaN,NaN,False,-0.296750660881559,-0.0796688001898766,True,-0.25873610648577744,-0.15676428996538525,True,-0.07651432495350187,-0.24285385411540325,True
33,1.1,NaN,NaN,False,-0.2709486152454217,0.11603724307267506,True,0.20052216013934746,0.03989100501478706,True,NaN,NaN,False,-0.340807855454252,-0.08858347127317262,True,-0.2948389849468043,-0.16386387170085062,True,-0.07750603543301024,-0.2783811845603196,True
36,1.2,NaN,NaN,False,-0.30541242320038714,0.13246887762885667,True,0.21744229813457056,0.07530414588750522,True,NaN,NaN,False,-0.3812591450464656,-0.09633352818702118,True,-0.3197118457933754,-0.16927762440966432,True,-0.07350864117867519,-0.31713386953358613,True
39,1.3,NaN,NaN,False,-0.33494948045911527,0.1557701367006138,True,0.23099722223240865,0.1155259075756171,True,NaN,NaN,False,-0.4171914370004098,-0.07979735270294555,True,-0.35183495112169505,-0.1965707403472325,True,-0.07108385121696581,-0.36024306198113487,True
42,1.4,NaN,NaN,False,-0.36117754672612357,0.18442889530308637,True,0.23596401312889473,0.1608819664296906,True,NaN,NaN,False,-0.4285407898222411,-0.045443359692310115,True,-0.3801976803014647,-0.22979450525800554,True,-0.07003164718561258,-0.39938546181955403,True
45,1.5,NaN,NaN,False,-0.3879481730471332,0.2148959696284214,True,0.22454649007972394,0.20208415271112065,True,NaN,NaN,False,-0.43011966772649013,-0.023467651892449246,True,-0.401578715619475,-0.2667295911936375,True,-0.06448779198857024,-0.43492479846818544,True
48,1.6,NaN,NaN,False,-0.41419093053088096,0.2450219854545109,True,0.20762890762974262,0.23887377616839325,True,NaN,NaN,False,-0.4413278522981482,0.007490203306692964,True,-0.4271560440316397,-0.3026509431318567,True,-0.0409610598446289,-0.468730440980839,True
51,1.7,NaN,NaN,False,-0.44303613863913344,0.2738317124358897,True,0.18845667610333847,0.27196397019460167,True,NaN,NaN,False,-0.4335428234110758,0.019587266270405506,True,NaN,NaN,False,-0.009349507410403924,-0.4907405418728486,True
54,1.8,NaN,NaN,False,-0.4638835717767424,0.29532826295581666,True,0.17041516688965372,0.302987341023009,True,NaN,NaN,False,-0.4036011273607229,0.05414525354048561,True,NaN,NaN,False,0.022643344807404837,-0.49633565878849706,True
57,1.9,NaN,NaN,False,-0.4601394756792064,0.30791149411248336,True,0.149188571789087,0.33604358400710077,True,NaN,NaN,False,-0.36511332641471506,0.06163464922479217,True,NaN,NaN,False,0.060629124525796656,-0.49651020512469995,True
60,2.0,NaN,NaN,False,-0.4544740366835022,0.3251065604798964,True,0.12149396859085394,0.3681169872021189,True,NaN,NaN,False,-0.327402986285309,0.08010012344561951,True,NaN,NaN,False,0.08579923899680823,-0.46646159172250495,True
63,2.1,NaN,NaN,False,-0.4433029171623109,0.32889804273561796,True,0.0958295935365474,0.3918908908293232,True,-0.2952358996854884,0.22708876905826206,True,-0.28519994715403435,0.09061045787357327,True,NaN,NaN,False,0.11033811001951162,-0.43946686137177204,True
66,2.2,NaN,NaN,False,-0.42097683150823745,0.3448139516503142,True,0.07796019292848856,0.4143206793866577,True,-0.3046865131034782,0.23092237976254798,True,-0.24034888152679015,0.10799471316343577,True,NaN,NaN,False,0.11963715614660658,-0.4134344782093394,True
69,2.3,NaN,NaN,False,-0.40146800730089843,0.35576182389199407,True,0.05454351454810926,0.43715389459809223,True,-0.2724471788339795,0.2677844863574682,True,-0.19611331980386654,0.12632510621757,True,NaN,NaN,False,0.12145912982069007,-0.378275857980476,True
72,2.4,NaN,NaN,False,-0.37289055520458153,0.3661422600615556,True,0.02743336146790113,0.459096196293286,True,-0.2630815621746838,0.28599540763943204,True,-0.1526858231802686,0.14595732863127775,True,NaN,NaN,False,0.11900833550757486,-0.33523382695866916,True
75,2.5,NaN,NaN,False,-0.3407430409770899,0.37701075536328355,True,-0.00032338561796449244,0.48145929606584414,True,-0.2151743131726074,0.31138952564928163,True,-0.11332638304162723,0.16358645415274345,True,NaN,NaN,False,0.11522144477312878,-0.29133401509958434,True
78,2.6,NaN,NaN,False,-0.3051865865877376,0.38418581547736463,True,-0.029087503600983423,0.482051819934073,True,-0.212090982585185,0.30940944928767133,True,-0.07941141324516261,0.1793314401307866,True,NaN,NaN,False,0.1026311403811713,-0.24758612895899101,True
81,2.7,NaN,NaN,False,-0.26938835985126225,0.38918374970227654,True,-0.060302043278667415,0.46955347912801776,True,-0.1881566289003182,0.31929537798359453,True,-0.03224776638883008,0.18566190324308832,True,NaN,NaN,False,0.08997699951745668,-0.20474654541542492,True
84,2.8,NaN,NaN,False,-0.23345265296475062,0.3887775480213463,True,-0.08895861531321428,0.4510919633304906,True,NaN,NaN,False,0.014596192179551527,0.19134654045027782,True,NaN,NaN,False,0.08127853587754791,-0.16321278382226945,True
87,2.9,NaN,NaN,False,-0.2051412461273286,0.3772433456785473,True,-0.10471573745200083,0.4219995002820433,True,NaN,NaN,False,NaN,NaN,False,NaN,NaN,False,0.07240407655305026,-0.12027823896033632,True
90,3.0,NaN,NaN,False,-0.18518859075681937,0.35492246274102973,True,-0.11433554749100037,0.389288104416241,True,NaN,NaN,False,NaN,NaN,False,NaN,NaN,False,0.05716002101307947,-0.077411555848907,True
93,3.1,NaN,NaN,False,-0.15911788363257098,0.3291289161182143,True,-0.10634836789283961,0.3561863659206631,True,NaN,NaN,False,NaN,NaN,False,NaN,NaN,False,0.038436388946391536,-0.03811379836262896,True
96,3.2,NaN,NaN,False,-0.13324616185599203,0.2965783408465912,True,-0.10160344977938864,0.32481050904528613,True,NaN,NaN,False,NaN,NaN,False,NaN,NaN,False,0.006487867974710544,-0.0005875067822865348,True
99,3.3,NaN,NaN,False,-0.12360459427183926,0.26064606259244943,True,-0.07747803493276999,0.3009044297912879,True,NaN,NaN,False,NaN,NaN,False,NaN,NaN,False,-0.019961512145134357,0.02526523236149743,True
102,3.4,NaN,NaN,False,-0.10442503326652107,0.22426997713353042,True,-0.05930089591809335,0.27385863583726267,True,NaN,NaN,False,NaN,NaN,False,NaN,NaN,False,-0.05013673362271796,0.049554273492796744,True
105,3.5,NaN,NaN,False,-0.08351177506353999,0.19086739858411764,True,-0.04180385959776636,0.24754472931363616,True,NaN,NaN,False,NaN,NaN,False,NaN,NaN,False,-0.08217615534819331,0.07660284140004237,True
108,3.6,NaN,NaN,False,-0.06480441611852958,0.1586380463974674,True,-0.021068152312274883,0.2185818683802636,True,NaN,NaN,False,NaN,NaN,False,NaN,NaN,False,-0.1146570647367706,0.10366265662677059,True
111,3.7,NaN,NaN,False,-0.05510205989425798,0.12825056456907083,True,-0.0014595467519296075,0.19045227051399718,True,NaN,NaN,False,NaN,NaN,False,NaN,NaN,False,-0.1432463846575518,0.1326272957528426,True
114,3.8,NaN,NaN,False,-0.05299177273133122,0.09385930151688066,True,0.02507866787259071,0.16201577777180262,True,NaN,NaN,False,NaN,NaN,False,NaN,NaN,False,-0.16399980052518712,0.16042780183180477,True
117,3.9,NaN,NaN,False,-0.04997272795864585,0.054307411980242234,True,0.05217582486822194,0.1366768426585651,True,NaN,NaN,False,NaN,NaN,False,NaN,NaN,False,-0.18436684383510835,0.19237556568226719,True
120,4.0,NaN,NaN,False,-0.04617901589276995,0.013592009810690493,True,0.08479604921282702,0.11477639728689601,True,NaN,NaN,False,NaN,NaN,False,NaN,NaN,False,-0.19666254905233424,0.22460723981339986,True
123,4.1,NaN,NaN,False,-0.042601011477916444,-0.02452443384775538,True,0.12331835307285023,0.09846469787674196,True,NaN,NaN,False,NaN,NaN,False,NaN,NaN,False,-0.2047471673497224,0.2609091970960947,True
126,4.2,NaN,NaN,False,-0.03799729571542293,-0.059861492860407345,True,0.1614563239470023,0.08697193477074315,True,NaN,NaN,False,NaN,NaN,False,NaN,NaN,False,-0.21936800205790521,0.3023264444726767,True
129,4.3,NaN,NaN,False,-0.03794671132506324,-0.0937334033696779,True,0.20115409264573916,0.08008415665516624,True,NaN,NaN,False,NaN,NaN,False,NaN,NaN,False,-0.2425412175971604,0.3469038649095593,True
132,4.4,NaN,NaN,False,-0.04097756923830544,-0.12940723189009737,True,0.24282651733461266,0.07446562253907195,True,NaN,NaN,False,NaN,NaN,False,NaN,NaN,False,-0.2609280271816515,0.39033751142056433,True
135,4.5,NaN,NaN,False,-0.043913619515842266,-0.1644023719020857,True,0.282560961762793,0.07659682767542086,True,NaN,NaN,False,NaN,NaN,False,NaN,NaN,False,-0.2689385506083788,0.4349966369091718,True
138,4.6,NaN,NaN,False,-0.048319898577951804,-0.19920251609579565,True,0.31121290334741747,0.08554943780173721,True,NaN,NaN,False,NaN,NaN,False,NaN,NaN,False,-0.27919307649228176,0.47204002835379283,True
141,4.7,NaN,NaN,False,-0.05439766512097488,-0.23527954077893767,True,0.3133267222242817,0.08068261100607992,True,NaN,NaN,False,NaN,NaN,False,NaN,NaN,False,-0.30702436377737985,0.4883065042295819,True
144,4.8,NaN,NaN,False,-0.061831117505825116,-0.2698847675861661,True,0.2921430956472268,0.08092446418396154,True,NaN,NaN,False,NaN,NaN,False,NaN,NaN,False,-0.3279988756850295,0.4737385308828753,True
147,4.9,NaN,NaN,False,-0.0692289832048376,-0.3054087244534427,True,0.2624265838773472,0.1032884285691797,True,NaN,NaN,False,NaN,NaN,False,NaN,NaN,False,-0.3484054204087944,0.45031069822703773,True
150,5.0,NaN,NaN,False,-0.07458046380997846,-0.33990171186048757,True,0.22951496487190665,0.12356999371920417,True,NaN,NaN,False,NaN,NaN,False,NaN,NaN,False,-0.3746234550267124,0.4252256091665143,True
153,5.1,NaN,NaN,False,-0.079709300734976,-0.3725204255512946,True,0.20098221376247943,0.14697340812369733,True,NaN,NaN,False,NaN,NaN,False,NaN,NaN,False,-0.383209562361044,0.4017661965670915,True
156,5.2,NaN,NaN,False,-0.07516327729363602,-0.403357161771421,True,0.17066224490857282,0.17060965879140305,True,NaN,NaN,False,0.014244753347794356,0.23760638823307095,True,NaN,NaN,False,-0.3865609925160126,0.3625101832479373,True
159,5.3,NaN,NaN,False,-0.06348242977940162,-0.438405285566211,True,0.13860136685470473,0.19073474975857907,True,NaN,NaN,False,0.00011833286618081158,0.21873045275044709,True,NaN,NaN,False,-0.37794763450192514,0.31821727749899115,True
162,5.4,NaN,NaN,False,-0.04789414667542447,-0.46946617872566604,True,0.1043516924784742,0.20641964738991586,True,NaN,NaN,False,-0.03655367991136582,0.18491076278593555,True,NaN,NaN,False,-0.36805984039507395,0.27053717030952895,True
165,5.5,NaN,NaN,False,-0.022293483081642505,-0.48437637077333007,True,0.06587303706369829,0.22180162610738904,True,NaN,NaN,False,-0.07614310590131662,0.1552392273050668,True,NaN,NaN,False,-0.3614477915373024,0.19387347331109167,True
168,5.6,NaN,NaN,False,0.011273065131769566,-0.4996409617106769,True,0.02980718975366194,0.2410521328434514,True,NaN,NaN,False,-0.1204104657549208,0.12289582387753993,True,NaN,NaN,False,-0.3604416238729496,0.15295901024559627,True
171,5.7,NaN,NaN,False,0.04196694690876583,-0.4996409743638969,True,-0.006046983568595974,0.2536339885167839,True,NaN,NaN,False,-0.15725268422266026,0.09293993326134901,True,NaN,NaN,False,-0.3451757540977555,0.11496146335296707,True
174,5.8,NaN,NaN,False,0.07592793705118207,-0.4918119962622719,True,-0.041017925301699475,0.25957833047115114,True,NaN,NaN,False,-0.19606791265893417,0.06844974150569977,True,NaN,NaN,False,-0.3263229719080743,0.07565004704676233,True
177,5.9,NaN,NaN,False,0.09940283757899898,-0.4645998313454845,True,-0.07755299680598757,0.2627217499668139,True,-0.1928603542967652,0.14327076558692337,True,-0.2404897420164238,0.05613575736107258,True,NaN,NaN,False,-0.3105509100775331,0.03574518880090092,True
180,6.0,NaN,NaN,False,0.11408911193921269,-0.4405918098039986,True,-0.11504971806661725,0.2525250696372588,True,NaN,NaN,False,-0.2766289952922523,0.05088165455587076,True,NaN,NaN,False,-0.31543506923907133,-0.028310338927598353,True
183,6.1,NaN,NaN,False,0.1269950177131395,-0.41620108248188603,True,-0.15272183754068913,0.23669603487713445,True,-0.2244131481465651,0.12712071360159402,True,-0.317417915488224,0.044256416855928224,True,NaN,NaN,False,-0.2986380561054013,-0.06277947928362317,True
186,6.2,NaN,NaN,False,0.14256359661402782,-0.3855429144960547,True,-0.1904109843498484,0.21834873709118685,True,-0.25162281809863535,0.14476276372471042,True,-0.3614485673753561,0.03311079383484207,True,NaN,NaN,False,-0.28309569544612834,-0.09754131587293599,True
189,6.3,NaN,NaN,False,0.16652633619527132,-0.35770583297293224,True,-0.22240541552097562,0.1928436750162572,True,-0.2599596899549186,0.15175490218952706,True,-0.4093042257659727,0.015671120764902874,True,NaN,NaN,False,-0.27473250429329266,-0.1356451536800452,True
192,6.4,NaN,NaN,False,0.19119606375853906,-0.3310847891029325,True,-0.2294545052929545,0.19622819521733104,True,-0.2940812978249339,0.16339973083418446,True,-0.4433363295304447,-0.001143916135479892,True,NaN,NaN,False,-0.26659073002061084,-0.17827572590038893,True
195,6.5,NaN,NaN,False,0.21962222463570905,-0.31231934024184527,True,-0.23948677650780828,0.1526990012655955,True,-0.3045117416245084,0.18846224930688635,True,-0.4553958478660545,-0.024808937325297088,True,NaN,NaN,False,-0.24593219705940253,-0.22641625886873912,True
198,6.6,NaN,NaN,False,0.2510173656698022,-0.3004251638640612,True,-0.2434260614830114,0.10660081858894942,True,-0.30529721751361866,0.22055925667554455,True,-0.4625803231870188,-0.054386018296674256,True,NaN,NaN,False,-0.21780907845437888,-0.2740764733870142,True
201,6.7,NaN,NaN,False,0.2832972956535112,-0.29180557380101746,True,-0.24166810014014425,0.06016250556097138,True,NaN,NaN,False,-0.4443334386635169,-0.08712320340528125,True,NaN,NaN,False,-0.18304909485329932,-0.31671549111440983,True
204,6.8,NaN,NaN,False,0.3181617524263429,-0.2849928856822578,True,-0.23413284925061803,0.013363741550514273,True,NaN,NaN,False,-0.40405228266747023,-0.09435269113529875,True,NaN,NaN,False,-0.14939437567518257,-0.3508968980175085,True
207,6.9,NaN,NaN,False,0.3560164233590252,-0.2845013071310033,True,-0.22490487091314884,-0.0334388456435446,True,NaN,NaN,False,-0.35702339027794605,-0.10819197108991158,True,NaN,NaN,False,-0.12176144392909749,-0.3654670551105894,True
210,7.0,NaN,NaN,False,0.3920277101761853,-0.2929752305948759,True,-0.1993485437830882,-0.07788120065845858,True,NaN,NaN,False,-0.3071693354115906,-0.11516517260040031,True,NaN,NaN,False,-0.09257642184202089,-0.37060386016284763,True
213,7.1,NaN,NaN,False,0.42726222864287605,-0.30677977783285865,True,-0.17202760231601286,-0.11779954525431631,True,NaN,NaN,False,-0.2572193798953469,-0.1297339096259714,True,NaN,NaN,False,-0.0527855765579555,-0.3717412291142826,True
216,7.2,NaN,NaN,False,0.4544074991087073,-0.3165717164076229,True,-0.14032334022433834,-0.14787376501272617,True,NaN,NaN,False,-0.2105252063633338,-0.14761489660874044,True,NaN,NaN,False,-0.008253811174561705,-0.36306903270788404,True
219,7.3,NaN,NaN,False,0.47512864038067143,-0.31082705745901046,True,-0.10288886209499803,-0.16765410995049396,True,NaN,NaN,False,-0.16823145450463944,-0.1760774950940666,True,NaN,NaN,False,0.033632365570787075,-0.342973688644423,True
222,7.4,NaN,NaN,False,0.4793643125051853,-0.29717775771704563,True,-0.0781554107860294,-0.19697998547193077,True,NaN,NaN,False,-0.1322348917305121,-0.21534274623772337,True,NaN,NaN,False,0.07577959438026065,-0.3213951972721856,True
225,7.5,NaN,NaN,False,0.4904740016092662,-0.2737726565360414,True,-0.05427144705142994,-0.23186222065294623,True,NaN,NaN,False,-0.10983029723759824,-0.2567496470254766,True,NaN,NaN,False,0.1184489612392017,-0.30263681956951616,True
228,7.6,NaN,NaN,False,0.4975310649046485,-0.24840970121451664,True,-0.028463135447259515,-0.2651282468009258,True,NaN,NaN,False,-0.09467389965290371,-0.30074769647156124,True,NaN,NaN,False,0.16294967741986305,-0.28258661021634635,True
231,7.7,NaN,NaN,False,0.4893826840048034,-0.22320346136209754,True,-0.0015006246753542707,-0.2956756084347652,True,NaN,NaN,False,-0.09242440689574762,-0.33942693021572456,True,NaN,NaN,False,0.20652054802250674,-0.26220157006380357,True
234,7.8,NaN,NaN,False,0.47068445744019854,-0.20013801300986322,True,0.02760056550335911,-0.32082844987935827,True,NaN,NaN,False,-0.12661790529555206,-0.3813704752996069,True,NaN,NaN,False,0.24922017524419438,-0.23966470766124767,True
237,7.9,NaN,NaN,False,0.4436440511963787,-0.18181864454404814,True,0.05835362305714145,-0.343552996892262,True,NaN,NaN,False,-0.14562305088860897,-0.3721789556052517,True,NaN,NaN,False,0.29270943657090154,-0.21740237400868076,True
240,8.0,NaN,NaN,False,0.42632034790554224,-0.1710716732927138,True,0.08963488637467436,-0.37097730143406826,True,NaN,NaN,False,-0.1761494280550673,-0.3644346621478089,True,NaN,NaN,False,0.33261172416576024,-0.1937128132100015,True
243,8.1,NaN,NaN,False,0.41720147793641177,-0.17626242803186068,True,0.12041147821032515,-0.38904747826932506,True,NaN,NaN,False,-0.20483552029665658,-0.3307399095940373,True,NaN,NaN,False,0.33277457759701573,-0.16173360870564754,True
246,8.2,NaN,NaN,False,0.3890135248544447,-0.1896246852366223,True,0.15379191400523018,-0.39330492905720055,True,NaN,NaN,False,-0.23449296631119967,-0.3016490874064289,True,NaN,NaN,False,0.3139369753791112,-0.11831879614523534,True
249,8.3,NaN,NaN,False,0.35359124211029636,-0.20766035271128774,True,0.19057436206998024,-0.40370440071633323,True,NaN,NaN,False,-0.2802828516238332,-0.274352047586482,True,NaN,NaN,False,0.2777674538727334,-0.0882447908156278,True
252,8.4,NaN,NaN,False,0.3240286137358043,-0.22828976268198162,True,0.22021607390239248,-0.43168479828308043,True,NaN,NaN,False,-0.33083961675098617,-0.25614735551413526,True,NaN,NaN,False,0.23717999534148432,-0.07206155111507334,True
255,8.5,NaN,NaN,False,0.2959612016793174,-0.24746291431490436,True,0.24505265346378424,-0.46231465748912354,True,NaN,NaN,False,-0.3794653236587855,-0.2522610044548157,True,NaN,NaN,False,0.19382140113270438,-0.0746840099745597,True
258,8.6,NaN,NaN,False,0.2656769191853763,-0.2661918368411679,True,0.2709356870777686,-0.4915181957474912,True,NaN,NaN,False,-0.4126374111281143,-0.24299675518644867,True,NaN,NaN,False,0.1471191846466322,-0.08744172302526947,True
261,8.7,NaN,NaN,False,0.2360423458090736,-0.2852222666919168,True,0.2947779647144749,-0.49228386528905227,True,NaN,NaN,False,-0.43757962264135386,-0.25135080043151964,True,NaN,NaN,False,0.10232861130677146,-0.10444045627428025,True
264,8.8,NaN,NaN,False,0.20885924349219048,-0.29744998930704436,True,0.3262722870711151,-0.49073239723023865,True,NaN,NaN,False,-0.4469599591425473,-0.27034569603593017,True,NaN,NaN,False,0.06030583945112126,-0.12545270136342923,True
267,8.9,NaN,NaN,False,0.1761274826502394,-0.3086164181654173,True,0.35254479044491555,-0.4709235565103721,True,NaN,NaN,False,-0.4521598765565657,-0.3077932793817037,True,NaN,NaN,False,0.01977968178481151,-0.153105319587103,True
270,9.0,NaN,NaN,False,0.14211858496071175,-0.31899253585901344,True,0.3722822892847978,-0.44014946259757687,True,NaN,NaN,False,-0.45142358194359333,-0.33807122408774165,True,NaN,NaN,False,-0.017673937100991726,-0.18579286742086593,True
273,9.1,NaN,NaN,False,0.10942754387099027,-0.3312238746022995,True,0.3919144629550284,-0.40879541593349544,True,NaN,NaN,False,-0.4195563506192301,-0.3664210659845001,True,NaN,NaN,False,-0.04889653657453526,-0.2221085869755643,True
276,9.2,NaN,NaN,False,0.07589005203421492,-0.335500529165961,True,0.39385924446839815,-0.37641998651947,True,NaN,NaN,False,-0.39386649317036204,-0.3823311332472993,True,NaN,NaN,False,-0.07676703346841593,-0.25872523665933245,True
279,9.3,NaN,NaN,False,0.04165878287213462,-0.32904121714668644,True,0.39633633932381485,-0.3458964957812374,True,NaN,NaN,False,-0.3774385520292617,-0.39716619426996086,True,NaN,NaN,False,-0.10461496738931743,-0.29783018694818203,True
282,9.4,NaN,NaN,False,0.009511419275390308,-0.3098821049441073,True,0.398650758943162,-0.31249437720750467,True,NaN,NaN,False,-0.35346586600053753,-0.40246568711792463,True,NaN,NaN,False,-0.13378342846222036,-0.33671538104691845,True
285,9.5,NaN,NaN,False,-0.02084875636900176,-0.28415676018744057,True,0.3986449125978453,-0.27582236518974773,True,NaN,NaN,False,-0.31111538189737387,-0.41298345737341746,True,NaN,NaN,False,-0.1629148820452396,-0.375978505976269,True
288,9.6,NaN,NaN,False,-0.04294409353664529,-0.25951069957810413,True,0.392052560566889,-0.2369959531984578,True,NaN,NaN,False,-0.26789371360948205,-0.42880162527781257,True,NaN,NaN,False,-0.18556614538798832,-0.41763290743445386,True
291,9.7,NaN,NaN,False,-0.06058177436585003,-0.23305130239695734,True,0.3824955972709349,-0.19712376848101398,True,NaN,NaN,False,-0.2531789262115294,-0.4345301548130912,True,NaN,NaN,False,-0.16321408954846986,-0.46245767035822927,True
294,9.8,NaN,NaN,False,-0.07395086520869892,-0.20176722186354987,True,0.36254842021658185,-0.15679092808511463,True,NaN,NaN,False,-0.21277328255823608,-0.44260894425401054,True,NaN,NaN,False,-0.18710345206381512,-0.4954877474231935,True
297,9.9,NaN,NaN,False,-0.08228010820614433,-0.17197445983160597,True,0.3328778395697724,-0.14509965289108684,True,NaN,NaN,False,-0.18225655274716523,-0.4427320605021574,True,NaN,NaN,False,-0.21370326934790956,-0.501434475971108,True
300,10.0,NaN,NaN,False,-0.08311968858231501,-0.13904875067416153,True,0.3004460231450533,-0.1337917137845417,True,NaN,NaN,False,-0.17378094681207334,-0.43907123054154923,True,NaN,NaN,False,-0.23523748400722494,-0.49903437903280595,True
303,10.1,NaN,NaN,False,-0.07843849911160733,-0.10193814687994615,True,0.268530107718375,-0.12365557172069515,True,NaN,NaN,False,NaN,NaN,False,NaN,NaN,False,-0.2704712319329773,-0.49072353174973526,True
306,10.2,NaN,NaN,False,-0.061095657770404786,-0.06727374043631883,True,0.23311311690900402,-0.11249115493582548,True,NaN,NaN,False,-0.15309267384661354,-0.41858323317912777,True,NaN,NaN,False,-0.30986768482304716,-0.4736832441932377,True
309,10.3,NaN,NaN,False,-0.036478298166197604,-0.03879570411920073,True,0.1935070975799298,-0.10161166807640441,True,NaN,NaN,False,-0.12843340484423016,-0.3946898435368916,True,NaN,NaN,False,-0.32975928071704497,-0.44679889339431555,True
312,10.4,NaN,NaN,False,-0.008584408068992796,-0.015534654425208443,True,0.1493991933904783,-0.09604335948610557,True,NaN,NaN,False,-0.11366613420104449,-0.37125876763144294,True,NaN,NaN,False,-0.34134888874761143,-0.4117595863530697,True
315,10.5,NaN,NaN,False,0.021271593680834873,0.007798751982958724,True,0.10845875263932854,-0.10486804807862131,True,NaN,NaN,False,-0.09122379476000042,-0.37228254198881067,True,NaN,NaN,False,-0.35376081910534385,-0.3692602028417333,True
318,10.6,NaN,NaN,False,0.04865091011052231,0.03432107235382422,True,0.06950008328616886,-0.1214339051693359,True,NaN,NaN,False,-0.05521976812276426,-0.3897732613769736,True,NaN,NaN,False,-0.36271462139679794,-0.32495838265825416,True
321,10.7,NaN,NaN,False,0.0773211453894043,0.05755467614106777,True,0.02751556521752572,-0.1345730256867872,True,NaN,NaN,False,-0.031022393838801513,-0.42110865013739307,True,NaN,NaN,False,-0.36464880100996383,-0.28063006607775753,True
324,10.8,NaN,NaN,False,0.1071932546417707,0.07578310314392521,True,-0.013938130321246509,-0.1616839181984309,True,-0.3086278039403137,0.05242169813667539,True,-0.011138036547143662,-0.45873986662429295,True,NaN,NaN,False,-0.3683548631135911,-0.23861243709162766,True
327,10.9,NaN,NaN,False,0.13972989287534457,0.09675016964480876,True,-0.04726520445156955,-0.19332102336521914,True,-0.28981023788355587,0.03829016166360593,True,0.010642593094219098,-0.48034881477139224,True,NaN,NaN,False,-0.36561503852437216,-0.22703073642131813,True
330,11.0,NaN,NaN,False,0.17290841136755009,0.11961539790406747,True,-0.07376896757717186,-0.22429214764371874,True,-0.2616960072909289,0.02338556406699707,True,0.018407249640814666,-0.4668961093606165,True,NaN,NaN,False,-0.3649238897314443,-0.22280940853102404,True
333,11.1,NaN,NaN,False,0.20404546567497303,0.13800684227324708,True,-0.09128740521708546,-0.26115996613383247,True,-0.23362036613965534,0.014044679356014977,True,0.035379430672204185,-0.48314026485459016,True,NaN,NaN,False,-0.3710005396454337,-0.21578622521467616,True
336,11.2,NaN,NaN,False,0.23569243413609547,0.15410501609004412,True,-0.10581530764118698,-0.2982081365874052,True,-0.2016508815064851,0.00671604802914584,True,0.06187743151596299,-0.4858187028029068,True,NaN,NaN,False,-0.4011563448743791,-0.20402840236185552,True
339,11.3,NaN,NaN,False,0.2696483328690646,0.1649814960733493,True,-0.11521356225220736,-0.33415558369270454,True,-0.19804255759624145,-0.0090215171283824,True,0.07385954874170396,-0.4754530524976655,True,NaN,NaN,False,-0.4260232520696988,-0.21695496128822078,True
342,11.4,NaN,NaN,False,0.3070506442700746,0.16957529713388736,True,-0.13051954481330683,-0.365261824872704,True,-0.1550479840584134,-0.006454955512730846,True,0.09679361620302573,-0.45887724413749115,True,NaN,NaN,False,-0.4379917736944726,-0.24355273074651018,True
345,11.5,NaN,NaN,False,0.34694088505066695,0.17086165329788214,True,-0.15237376603049455,-0.39453083979860304,True,-0.11774990418180538,-0.011829655551115308,True,0.13317986005704038,-0.4125690958867637,True,NaN,NaN,False,-0.44676814741730675,-0.2811041351366152,True
348,11.6,NaN,NaN,False,0.38740372377058674,0.1726701427755426,True,-0.17147645594723945,-0.4241260042852139,True,-0.0814273479609147,-0.006037955703163713,True,0.14518792072542613,-0.3690652754328467,True,NaN,NaN,False,-0.4421310930031369,-0.32628361626690466,True
351,11.7,NaN,NaN,False,0.42671847952396846,0.1831779538807829,True,-0.18842768576492783,-0.45536496637001594,True,-0.05199144802358067,-0.0012212443789112533,True,0.174833188962148,-0.3256699952125056,True,NaN,NaN,False,-0.421809753462765,-0.36840135141227937,True
354,11.8,NaN,NaN,False,0.46280935347029745,0.20577891096498332,True,-0.20811260873337542,-0.48252866493540536,True,-0.0458052175877766,-0.00020873200800346269,True,0.2112766841517684,-0.2883871094038911,True,NaN,NaN,False,-0.39166396588099334,-0.3796137263290496,True
357,11.9,NaN,NaN,False,0.4846767130266219,0.23133462941286304,True,-0.21934778651281403,-0.49694906914709064,True,-0.009301321505141775,-0.006551070057922763,True,0.252014012752307,-0.2522538058557385,True,NaN,NaN,False,-0.3515532548317403,-0.3902751172137881,True
360,12.0,NaN,NaN,False,0.48457266404233956,0.2587904729803265,True,-0.21156779283893135,-0.49827974645607254,True,0.013463187588134466,-0.005482517115540248,True,0.28719202086332624,-0.2223860340339986,True,NaN,NaN,False,-0.3053243956483821,-0.4025601454507125,True
363,12.1,NaN,NaN,False,0.4835305937880892,0.28544943395473954,True,-0.21704399676738653,-0.4846453599067754,True,0.0513698387064902,-0.010885877310150956,True,0.3243297044692568,-0.1905315827543286,True,NaN,NaN,False,-0.25852737030352807,-0.40040724652280735,True
366,12.2,NaN,NaN,False,0.47920583083061496,0.3130781380642286,True,-0.21759576885579265,-0.48144758484942735,True,0.07502710993135041,-0.01251008545015179,True,0.3638160522008031,-0.1749001299956696,True,NaN,NaN,False,-0.21198833599292516,-0.3912915848547374,True
369,12.3,NaN,NaN,False,0.46818781655229985,0.336635192451233,True,-0.2571437749398471,-0.46170196444296885,True,0.11172008108035071,0.0012254444092824296,True,0.37686185335836375,-0.17621511823136482,True,NaN,NaN,False,-0.1658772117187197,-0.38396393130883777,True
372,12.4,NaN,NaN,False,0.4539283081024243,0.35685197661945145,True,-0.2916571267287214,-0.4358592471348016,True,0.137441075021292,0.004159721132848542,True,0.40734239251001525,-0.16933543685817848,True,NaN,NaN,False,-0.11813404489932518,-0.3795188137581859,True
375,12.5,NaN,NaN,False,0.43342117299308086,0.36047817406689586,True,-0.32229393912962545,-0.414079234522555,True,0.1588914995302501,-0.0006965245423417802,True,0.4020506579808533,-0.16282414178482668,True,NaN,NaN,False,-0.06928814923428649,-0.37606058170306156,True
378,12.6,NaN,NaN,False,0.40945269843339005,0.35954601585988427,True,-0.3523397228159364,-0.3907837692489788,True,0.1984380929420848,0.0020748747011611435,True,0.4164459576608818,-0.16029356991056218,True,NaN,NaN,False,0.004538792585370325,-0.3696629388026039,True
381,12.7,NaN,NaN,False,0.37976345046472376,0.35949622194746617,True,-0.38165768863669325,-0.36215672000960747,True,0.22027723759379852,0.0034704046540789727,True,0.41122797123641724,-0.16364338835589756,True,NaN,NaN,False,0.041942779241002204,-0.36845773520459935,True
384,12.8,NaN,NaN,False,0.34804142651819253,0.36313862765204813,True,-0.4039007327906385,-0.33125929696195455,True,0.2574133989694356,0.014791875125747025,True,0.4204306257894852,-0.16386154932797597,True,NaN,NaN,False,0.08451446200977712,-0.3676786119360806,True
387,12.9,NaN,NaN,False,0.3139173215598102,0.3734044341821778,True,-0.42374820137057956,-0.3029374006377364,True,0.2881488452350507,0.021597928239142524,True,0.42242907220956977,-0.202150161732845,True,NaN,NaN,False,0.12914159093550087,-0.3648295181360401,True
390,13.0,NaN,NaN,False,0.2782066652072586,0.3915128542340345,True,-0.4423900679297147,-0.27162504245366054,True,0.3051718111915457,0.030263430723288326,True,0.39615378823240777,-0.21870726788928052,True,NaN,NaN,False,0.17674852842506644,-0.36559867428369985,True
393,13.1,NaN,NaN,False,0.24278484817958,0.41034538465102033,True,-0.43475619609919275,-0.2454646284298081,True,0.3373081304680376,0.040324362022023844,True,0.3671874990937492,-0.26467041689110543,True,NaN,NaN,False,0.22482469305786668,-0.37100498966821344,True
396,13.2,NaN,NaN,False,0.20725608183918134,0.4321491962250063,True,-0.42078209901905306,-0.22620172978150016,True,0.3712745444546226,0.04681414632694017,True,0.3581710095585975,-0.31417213822860934,True,NaN,NaN,False,0.2734158953065184,-0.36940264149753144,True
399,13.3,NaN,NaN,False,0.20447397037305848,0.4468752546101193,True,-0.40302960454775766,-0.21014437295655375,True,0.3982070548322103,0.04288907641925151,True,NaN,NaN,False,NaN,NaN,False,0.30691196644767904,-0.3689258709793751,True
402,13.4,NaN,NaN,False,0.20303005522193168,0.4529323214710116,True,-0.37664450500692004,-0.20278309614644444,True,0.4054813912269271,0.03542437650877244,True,NaN,NaN,False,NaN,NaN,False,0.3381164125432929,-0.36185377510533806,True
405,13.5,NaN,NaN,False,0.22943069221788367,0.4907946191840616,True,-0.344410063182469,-0.18969416387251342,True,0.427403866334339,0.028152867138238287,True,NaN,NaN,False,NaN,NaN,False,0.3736405666032022,-0.34770850973447576,True
408,13.6,NaN,NaN,False,0.2566935787656576,0.5007043461579233,True,-0.30732133276366397,-0.1767624481459412,True,0.44220084399863674,0.018480051121578082,True,NaN,NaN,False,NaN,NaN,False,0.41279958409662576,-0.3251184804901708,True
411,13.7,NaN,NaN,False,0.28476817106012053,0.49932927674941646,True,-0.2691286250883413,-0.15919114015781308,True,0.46143627216132327,-0.0040858905142706695,True,NaN,NaN,False,NaN,NaN,False,0.4512077173857697,-0.29938340575959027,True
414,13.8,NaN,NaN,False,0.31947254724030816,0.48562241905207326,True,-0.2305522346171191,-0.1301434382021457,True,0.4538885484327199,-0.035042564402319516,True,NaN,NaN,False,NaN,NaN,False,0.48394511357627046,-0.2730298185968033,True
417,13.9,NaN,NaN,False,0.35266805060335127,0.45699522312392693,True,-0.19442855006948728,-0.09682649857337598,True,0.4485847389410079,-0.04435627203456785,True,NaN,NaN,False,NaN,NaN,False,0.4879422527879152,-0.24467703113377967,True
420,14.0,NaN,NaN,False,0.36728717220482043,0.4303978886598411,True,-0.1603844915623693,-0.06610588897054719,True,0.4222607046001868,-0.07202402672419475,True,NaN,NaN,False,NaN,NaN,False,0.48191083782361355,-0.21122150786874166,True
423,14.1,NaN,NaN,False,0.38366629935334684,0.42543903345561246,True,-0.12712992091613765,-0.03597866615718069,True,0.4039792945918043,-0.08096686011679,True,NaN,NaN,False,NaN,NaN,False,0.4572819934435871,-0.18063294418927714,True
426,14.2,NaN,NaN,False,0.3648018153912288,0.38321232753996004,True,-0.09745382998435818,-0.006817146224627102,True,NaN,NaN,False,NaN,NaN,False,NaN,NaN,False,0.4333905349619135,-0.16854365767200616,True
429,14.3,NaN,NaN,False,0.33003561794836767,0.35211690047798455,True,-0.07202161771649523,0.023218680603106005,True,0.3642971076868159,-0.09556068831124519,True,NaN,NaN,False,NaN,NaN,False,0.4059265901000657,-0.15489410133951823,True
432,14.4,NaN,NaN,False,0.2972847264342035,0.3325372466649352,True,-0.05212791621217218,0.05423634437336491,True,NaN,NaN,False,NaN,NaN,False,NaN,NaN,False,0.36595531235200673,-0.15295640036777597,True
435,14.5,NaN,NaN,False,0.26491970114798674,0.31404735889620977,True,-0.03448849688767702,0.08724863579899353,True,NaN,NaN,False,NaN,NaN,False,NaN,NaN,False,0.32198181115204866,-0.147972825433097,True
438,14.6,NaN,NaN,False,0.23239012842414958,0.29972124444534215,True,-0.016943646470522027,0.12390879496384115,True,NaN,NaN,False,NaN,NaN,False,NaN,NaN,False,0.27814614803035825,-0.1348288647659944,True
441,14.7,NaN,NaN,False,0.20012943167413225,0.29222950933240915,True,-0.00026601909124016656,0.1606791664458237,True,NaN,NaN,False,NaN,NaN,False,NaN,NaN,False,0.23508660630579448,-0.12198342824704038,True
444,14.8,NaN,NaN,False,0.1642066409006596,0.2893192480234871,True,0.012354627571327456,0.19969403939367592,True,NaN,NaN,False,0.03598211916797349,-0.07725249223804546,True,NaN,NaN,False,0.19305153684245593,-0.1094716431881082,True
447,14.9,NaN,NaN,False,0.12874565411186079,0.2917403418463403,True,0.016294902384069335,0.24294108175803375,True,NaN,NaN,False,0.017964527995614096,-0.03946129265131745,True,NaN,NaN,False,0.14710660887751958,-0.09609060412838798,True
450,15.0,NaN,NaN,False,0.09072265444734984,0.29618887821689405,True,0.01088098167240413,0.28821814414677954,True,NaN,NaN,False,0.0013175725361231241,0.002408093190216855,True,NaN,NaN,False,0.10268693711024574,-0.08536219157408662,True
453,15.1,NaN,NaN,False,0.05624338210375988,0.31660110637387623,True,-0.004744339975371451,0.32822121970358187,True,NaN,NaN,False,-0.003717752923808131,0.04686320893390747,True,NaN,NaN,False,0.06077481059389534,-0.07438445233939563,True
456,15.2,NaN,NaN,False,0.04196751109010703,0.34278848957859887,True,-0.017150460864891477,0.3665948986048451,True,NaN,NaN,False,-0.004132091748497164,0.09408792398804337,True,NaN,NaN,False,0.021254093246672053,-0.06110992308188243,True
459,15.3,NaN,NaN,False,0.03641601794346863,0.3743047486369498,True,-0.027516857187987725,0.4039579130657763,True,NaN,NaN,False,-0.0044783500952247325,0.14418056811466265,True,0.03731793863555097,0.38619495858645825,True,-0.01912450586146078,-0.048925017571811176,True
462,15.4,NaN,NaN,False,0.036726569263742556,0.4101840747104383,True,-0.034405176152295935,0.43734588426481363,True,NaN,NaN,False,-0.0026204054294519663,0.19245517510098212,True,0.038065383470013474,0.42145710451206236,True,-0.058778014112158786,-0.03284219246330883,True
465,15.5,NaN,NaN,False,0.039577612056390724,0.4473420222018477,True,-0.03246371798624107,0.444253995147914,True,NaN,NaN,False,0.006440072798381276,0.2355251400865608,True,0.040333123456757554,0.4575034512316384,True,-0.09789324079413086,-0.011880366596849714,True
468,15.6,NaN,NaN,False,0.03960074267136201,0.4661599198100035,True,NaN,NaN,False,NaN,NaN,False,0.016635876218340503,0.2852253458252233,True,0.0391779314578898,0.4700607815991733,True,-0.13590468679778292,0.012113873140056425,True
471,15.7,NaN,NaN,False,0.04247129071018622,0.4692249319613587,True,-0.025524833327767855,0.4540561954701271,True,NaN,NaN,False,NaN,NaN,False,0.043101993658355445,0.47124956070016416,True,-0.17267827308473757,0.040539725089896075,True
474,15.8,NaN,NaN,False,0.03938444087625487,0.46539740090803816,True,-0.01964958093333971,0.4465321326483333,True,0.0725785128177896,0.20809244650963887,True,NaN,NaN,False,0.033884031230307886,0.4763470635393002,True,-0.1714730290674514,0.04961282176208798,True
477,15.9,NaN,NaN,False,0.04511619937902479,0.474649872876616,True,NaN,NaN,False,0.07697546452737995,0.2324221883044911,True,NaN,NaN,False,0.031415050556503135,0.48891710192417215,True,-0.14358246367400945,0.06898960324819212,True
480,16.0,NaN,NaN,False,0.04615480205433779,0.478401024269648,True,-0.027334341854661992,0.48703795845304626,True,0.08720820628429791,0.253498220578709,True,NaN,NaN,False,0.0215291218605799,0.49776240654684034,True,-0.10575783525878056,0.0854436994102609,True
483,16.1,NaN,NaN,False,0.039295993057230603,0.47566735410856886,True,-0.026622882089743265,0.4989563660630549,True,0.11135440843410511,0.2790380778749862,True,NaN,NaN,False,0.025546561464600912,0.4982417243017942,True,-0.06315333315002737,0.08723163624914827,True
486,16.2,NaN,NaN,False,0.03068925971001944,0.4826214709843662,True,-0.037411910771211296,0.48303619266764786,True,0.12331823968811183,0.28864737867732954,True,NaN,NaN,False,0.02163461467900268,0.4960870375491771,True,-0.022804154424975073,0.07459926632755141,True
489,16.3,NaN,NaN,False,0.010453514746760508,0.49166835253023533,True,-0.025553215136170322,0.46604970573151716,True,0.13881801197224278,0.3210448329473277,True,NaN,NaN,False,-0.0019359307716423897,0.5042816102998795,True,0.02005958219419889,0.05630678957830929,True
492,16.4,NaN,NaN,False,-0.0047829592761825315,0.4932469393467229,True,-0.02819974868771954,0.45444881187871783,True,0.15264775509071965,0.3437500437050889,True,NaN,NaN,False,-0.014372408666720274,0.4988030306200954,True,0.06762655421200697,0.040734090156686026,True
495,16.5,NaN,NaN,False,-0.02259259243247194,0.4876829288227474,True,0.01894619544183918,0.4457340696170706,True,NaN,NaN,False,NaN,NaN,False,NaN,NaN,False,0.1496253758063596,0.03527759981226204,True
498,16.6,NaN,NaN,False,-0.049236842659996734,0.4685424272725644,True,0.03899660630462374,0.43699371066540416,True,NaN,NaN,False,NaN,NaN,False,NaN,NaN,False,0.18674328290248599,0.02894162712895141,True
501,16.7,NaN,NaN,False,-0.07628452193822736,0.4469787248840177,True,0.06884182185622556,0.4258816556401204,True,NaN,NaN,False,NaN,NaN,False,NaN,NaN,False,0.22781283238199032,0.020183480410506355,True
504,16.8,NaN,NaN,False,-0.09435969900349422,0.421725496156858,True,0.08904929079491428,0.40251780083451344,True,NaN,NaN,False,NaN,NaN,False,NaN,NaN,False,0.27298444949882394,0.011625975228638636,True
507,16.9,NaN,NaN,False,-0.10478530702280427,0.39369594931250496,True,0.11168483353309952,0.36969676261908724,True,NaN,NaN,False,NaN,NaN,False,NaN,NaN,False,0.3185508931146494,0.0071209825631725334,True
510,17.0,NaN,NaN,False,-0.11581783915615321,0.3607235127844885,True,0.11907490998957027,0.35333303517079784,True,NaN,NaN,False,NaN,NaN,False,NaN,NaN,False,0.36489473176835024,0.007784043071261856,True
513,17.1,NaN,NaN,False,-0.12672105861277802,0.32497099792907763,True,0.15523020776968732,0.3120506942871619,True,NaN,NaN,False,NaN,NaN,False,NaN,NaN,False,0.41115454191869394,0.015499370125046274,True
516,17.2,NaN,NaN,False,-0.1448721258871322,0.28958250447207745,True,0.19241523502111707,0.27788488891372753,True,NaN,NaN,False,NaN,NaN,False,NaN,NaN,False,0.44986768650270514,0.021858682515216298,True
519,17.3,NaN,NaN,False,-0.17243641094145462,0.2608078350319803,True,0.230529641772979,0.2503024108163991,True,NaN,NaN,False,NaN,NaN,False,NaN,NaN,False,0.4632950693050495,0.04125316818182237,True
522,17.4,NaN,NaN,False,-0.19915097827406222,0.24380834270206223,True,0.2694633425480344,0.22854613200661866,True,NaN,NaN,False,NaN,NaN,False,NaN,NaN,False,0.4597818883290712,0.06885527863573049,True
525,17.5,NaN,NaN,False,-0.22859226187964382,0.22800677383883858,True,0.3084713438643642,0.21124495025758827,True,NaN,NaN,False,NaN,NaN,False,NaN,NaN,False,0.4380972623871323,0.08492605782104644,True
528,17.6,NaN,NaN,False,-0.2587794917044221,0.21627771623537856,True,0.34949088336025524,0.19395386014426372,True,NaN,NaN,False,NaN,NaN,False,NaN,NaN,False,0.41576044190461026,0.10350346401592397,True
531,17.7,NaN,NaN,False,-0.2910929660808675,0.20328033782785823,True,0.3926933002427738,0.17852757179906575,True,NaN,NaN,False,NaN,NaN,False,NaN,NaN,False,0.38369812271950143,0.11112229789391125,True
534,17.8,NaN,NaN,False,-0.3246408079473208,0.19621180573679653,True,0.4262056047872395,0.1781869135002941,True,NaN,NaN,False,NaN,NaN,False,NaN,NaN,False,0.34505790739740116,0.11499354053622259,True
537,17.9,NaN,NaN,False,-0.36110316905648376,0.1933858693799616,True,0.43880582544324553,0.1918595783877091,True,NaN,NaN,False,NaN,NaN,False,NaN,NaN,False,0.2989547270673613,0.12349143304184369,True
540,18.0,NaN,NaN,False,-0.39923068982834264,0.19415049491588926,True,0.46045736468672804,0.20260700079770125,True,NaN,NaN,False,NaN,NaN,False,NaN,NaN,False,0.2525349993507797,0.12230757939747186,True
543,18.1,NaN,NaN,False,-0.4402610389184783,0.19927379525214944,True,0.47753841244516554,0.21886495271768297,True,NaN,NaN,False,NaN,NaN,False,NaN,NaN,False,0.20694343190610995,0.11696055182745091,True
546,18.2,NaN,NaN,False,-0.4635492683991987,0.21595759790293148,True,NaN,NaN,False,NaN,NaN,False,NaN,NaN,False,NaN,NaN,False,0.16043509190557828,0.10558371283929087,True
549,18.3,NaN,NaN,False,-0.4846338071753722,0.24208907654863132,True,NaN,NaN,False,NaN,NaN,False,NaN,NaN,False,-0.4884002888015772,0.24659495577656546,True,0.11206475551829319,0.10298284740999868,True
552,18.4,NaN,NaN,False,-0.49018923138246934,0.266068862885345,True,0.48955610166797914,0.25624199193757874,True,NaN,NaN,False,NaN,NaN,False,-0.49234910200354615,0.2466916541146404,True,0.06568658633481414,0.10509076726527869,True
555,18.5,NaN,NaN,False,-0.4860646067266049,0.29095489751969705,True,0.4684039322221843,0.2596136603007987,True,NaN,NaN,False,NaN,NaN,False,-0.4904579221809182,0.284954783566177,True,0.01725929662726866,0.11472408455134021,True
558,18.6,NaN,NaN,False,-0.47225143097163746,0.32078986300323103,True,0.46497987409010116,0.2593716773939377,True,0.3530958671766397,0.10780838238807827,True,NaN,NaN,False,-0.48057199348499496,0.3156531937272018,True,-0.03244494908787897,0.13485029623356426,True
561,18.7,NaN,NaN,False,-0.4454857902018887,0.3406467172608866,True,0.42368511738691467,0.2878670514109975,True,0.350042579297505,0.1068478439679624,True,NaN,NaN,False,NaN,NaN,False,-0.07922669978737125,0.15409979657957087,True
564,18.8,-0.1089846307098992,0.05164428628270286,True,-0.4187046380354068,0.3536574728983934,True,0.39705896599771523,0.30097213537308887,True,0.3491014627113895,0.07208058867510347,True,NaN,NaN,False,-0.4431095268478122,0.3510344122178744,True,-0.12523277751337927,0.17449258165815693,True
567,18.9,-0.12567999433558807,0.06640538384798605,True,-0.3854261176181072,0.3599074953065638,True,0.3545288253022047,0.3083688252144162,True,0.3547840727163993,0.04698565587086492,True,NaN,NaN,False,NaN,NaN,False,-0.17348473632935904,0.1898748437313808,True
570,19.0,-0.14612058255961652,0.08573062588215175,True,-0.3491128034929262,0.35962638826180066,True,0.311924904910495,0.30523153634171385,True,0.3553472484863879,0.007454527981212715,True,NaN,NaN,False,NaN,NaN,False,-0.2225461415434016,0.2063147334080623,True
573,19.1,-0.16676860057516796,0.1027737654760909,True,-0.30972645662827997,0.3584169922395816,True,0.26448232346335127,0.28909018027395633,True,0.36057324622521614,-0.011056170167134883,True,NaN,NaN,False,NaN,NaN,False,-0.27061389189242463,0.22264064228371894,True
576,19.2,-0.1882248665444661,0.12303538370879065,True,-0.26891187294181407,0.3615904106583844,True,0.21890223690302513,0.25905881810784775,True,0.3483434524257776,-0.049238853169037373,True,NaN,NaN,False,NaN,NaN,False,-0.32051993013964547,0.24298549649408796,True
579,19.3,-0.212090982585185,0.14655178182325168,True,-0.22916190488239377,0.3697275205704186,True,0.1877280087758921,0.24033037477776809,True,0.3470552524124636,-0.07027643416771538,True,NaN,NaN,False,NaN,NaN,False,-0.36838280768263804,0.26178329339365886,True
582,19.4,-0.23149266773206756,0.16660062124454658,True,-0.19635100817675274,0.3814623172185675,True,0.14182167636999357,0.19571229838737086,True,0.33770370241844816,-0.10156904500277353,True,NaN,NaN,False,NaN,NaN,False,-0.4114554148542876,0.2863236647623515,True
585,19.5,-0.24644603011473112,0.1876708858289558,True,-0.1906346471950705,0.4047081154130962,True,0.12477068068046664,0.1799987105289044,True,0.30355969648545783,-0.13268522204288027,True,NaN,NaN,False,NaN,NaN,False,-0.446582307185303,0.30653126326077107,True
588,19.6,-0.2714065547607244,0.21627359473134186,True,-0.19924341402552145,0.4273830028855946,True,0.10031562040457426,0.1395821274341658,True,0.279733347654177,-0.15910982545041127,True,NaN,NaN,False,NaN,NaN,False,-0.4733221972005568,0.30563608263149394,True
591,19.7,NaN,NaN,False,-0.21597264912830288,0.4588580511937553,True,0.08450259768938896,0.09822249612502301,True,0.27195146563672684,-0.15934006169483916,True,NaN,NaN,False,NaN,NaN,False,-0.49113192277853385,0.2834421439888187,True
594,19.8,NaN,NaN,False,-0.24130355196418657,0.47276503407182036,True,0.07546618131396514,0.05775102304391242,True,0.24352015261108395,-0.19650529412713144,True,NaN,NaN,False,NaN,NaN,False,-0.5,0.25891175141987616,True
597,19.9,NaN,NaN,False,-0.27338000917853084,0.48184313847799104,True,0.07446390312265569,0.01421599007885818,True,0.2157870157214755,-0.21906624286028714,True,NaN,NaN,False,NaN,NaN,False,-0.4949803046623873,0.23523829571285879,True
600,20.0,NaN,NaN,False,-0.3047507291036696,0.48224933696128613,True,0.07567633671078054,-0.029611061700520767,True,0.20988207911974893,-0.22274888360813477,True,NaN,NaN,False,NaN,NaN,False,-0.47479610065676753,0.20454996143920282,True
603,20.1,NaN,NaN,False,-0.3363521699992593,0.47344569022172367,True,0.08082597381469571,-0.0751160118382692,True,0.19488763224602795,-0.2469460211498842,True,NaN,NaN,False,NaN,NaN,False,-0.44908813538485,0.1635458941641123,True
606,20.2,NaN,NaN,False,-0.3648178552066194,0.45456372791287253,True,0.0821264609427489,-0.12264245537988548,True,0.1734216949234785,-0.27364836479391436,True,NaN,NaN,False,NaN,NaN,False,-0.417687163176417,0.1623634336468605,True
609,20.3,NaN,NaN,False,-0.38061446048982045,0.43237224134620394,True,0.08462952794357954,-0.1704229266441344,True,0.13749468553184427,-0.27093984511430863,True,NaN,NaN,False,NaN,NaN,False,-0.3865751822794139,0.16168504434549588,True
612,20.4,NaN,NaN,False,-0.381089121430032,0.4083349537922309,True,0.09543325247260949,-0.21423568146973979,True,0.11323063690961237,-0.27439078353663404,True,NaN,NaN,False,NaN,NaN,False,-0.34417906838821777,0.16085725339602713,True
615,20.5,NaN,NaN,False,-0.39374369623865046,0.38100964577775265,True,0.12481256058946517,-0.24795695140461374,True,0.07169218993213078,-0.23913093229868868,True,NaN,NaN,False,-0.4098095565036497,0.3754890779393687,True,-0.29901190998401256,0.16924752603425938,True
618,20.6,NaN,NaN,False,-0.41594087957100506,0.35581131477751377,True,0.151136844746324,-0.2818505824469392,True,0.0579962360988616,-0.23561093054696622,True,NaN,NaN,False,-0.40096425188098156,0.36664377331670056,True,-0.2522018099590646,0.18817674475345478,True
621,20.7,NaN,NaN,False,-0.43766775583600054,0.3405575952494752,True,0.1787837965729511,-0.31227050265287454,True,0.04390253943556406,-0.2213088280724182,True,NaN,NaN,False,NaN,NaN,False,-0.20319942800370547,0.2100298502918114,True
624,20.8,NaN,NaN,False,-0.4579776509884859,0.3227385862196724,True,0.20878990941759612,-0.33937321951832156,True,0.03193536259313067,-0.21922757992590805,True,NaN,NaN,False,NaN,NaN,False,-0.15406830698550794,0.2231204281224179,True
627,20.9,NaN,NaN,False,-0.47297454931839605,0.30419783087773905,True,0.23855793688985974,-0.36466718254512964,True,-0.007745769535169801,-0.21000521043796078,True,NaN,NaN,False,NaN,NaN,False,-0.07618070382475334,0.23961648259679447,True
630,21.0,NaN,NaN,False,-0.4787340698844464,0.2853576411979118,True,0.26762154657267706,-0.3875923124116627,True,-0.03189364550430027,-0.19528193474719083,True,NaN,NaN,False,NaN,NaN,False,-0.03351741393824882,0.24590102928364166,True
633,21.1,NaN,NaN,False,-0.48343992836032673,0.2716349717058818,True,0.2981049844223538,-0.4077919281258518,True,-0.06110011489741876,-0.18075390729271967,True,NaN,NaN,False,NaN,NaN,False,0.013542695589789908,0.267321294404702,True
636,21.2,NaN,NaN,False,-0.4832685289356635,0.2517473457100307,True,0.3295436931327513,-0.42821673806946314,True,-0.08430634264166291,-0.17077030453194628,True,NaN,NaN,False,NaN,NaN,False,0.061326110228239666,0.2872837993491764,True
639,21.3,NaN,NaN,False,-0.48369587907361394,0.2324782418879201,True,0.3593259446095965,-0.4429157685007951,True,-0.10597092403092798,-0.1549991294725522,True,0.22404017489972752,0.08638861384939654,True,NaN,NaN,False,0.11031198336730955,0.3064979764706953,True
642,21.4,NaN,NaN,False,-0.4750221698084107,0.2168055606607529,True,0.37371284924809023,-0.432734849880644,True,-0.11338491882865806,-0.14935375666368275,True,0.2552500885517755,0.057825293191818596,True,NaN,NaN,False,0.1595129833517774,0.3250188103864975,True
645,21.5,NaN,NaN,False,-0.4644020420058624,0.1950247645430528,True,0.38526758969709335,-0.4067081988530415,True,-0.14858813735297635,-0.12898833708929894,True,0.28276666928193034,0.03176816500088251,True,NaN,NaN,False,0.20889482038358378,0.3343844270457932,True
648,21.6,NaN,NaN,False,-0.44859046487655024,0.17731200773879774,True,0.3891888463639349,-0.37326327360741585,True,-0.17749405695057824,-0.11657464658574744,True,0.3130037851225202,-0.008304214526447357,True,NaN,NaN,False,0.2582064846130648,0.3392882829727011,True
651,21.7,NaN,NaN,False,-0.4277587091225152,0.16861016143644653,True,0.38942148413181826,-0.34294604186177696,True,-0.1876973411149001,-0.10644941068643982,True,0.34344730780416877,-0.055125063348215854,True,NaN,NaN,False,0.3349567978954398,0.3629091156014717,True
654,21.8,NaN,NaN,False,-0.4048274837346344,0.15674707999156,True,0.3989423886901501,-0.33776282362709864,True,-0.2062580108061499,-0.11272792148146075,True,0.37904092622948227,-0.08546013686058228,True,NaN,NaN,False,0.36964517909186934,0.37989560428796587,True
657,21.9,NaN,NaN,False,-0.3813430651296007,0.14627906991823247,True,0.42331338228071375,-0.32963658556524866,True,-0.24402026942011534,-0.12043459311538725,True,0.4044787808184484,-0.08758863465914075,True,NaN,NaN,False,0.37390839069480447,0.40281714535722696,True
660,22.0,NaN,NaN,False,-0.35421043476998115,0.13475063814472701,True,0.45130191318267227,-0.3176635621773757,True,NaN,NaN,False,0.4434900067499824,-0.05648542765747595,True,NaN,NaN,False,0.3710028100152626,0.4379232757242642,True
663,22.1,NaN,NaN,False,-0.32382721013378074,0.1103248073539603,True,0.47756944249838545,-0.3019069124247338,True,-0.29239247357136844,-0.12775709687032552,True,0.46167904805962573,-0.033972528998756586,True,NaN,NaN,False,0.3433172068601975,0.4695857629868562,True
666,22.2,NaN,NaN,False,-0.30194777360604236,0.0800697346217069,True,0.4934575802533825,-0.27991478078188176,True,-0.3205787555722387,-0.15257337223334572,True,NaN,NaN,False,NaN,NaN,False,0.31060028430452913,0.489993613898055,True
669,22.3,NaN,NaN,False,-0.28659870616792665,0.04901111959222339,True,0.5,-0.2605796848260533,True,-0.3293565570317049,-0.16408845877234066,True,NaN,NaN,False,NaN,NaN,False,0.2787651107866406,0.49078640144053903,True
672,22.4,NaN,NaN,False,-0.26831805172145545,0.019020129513868847,True,0.4989315522239122,-0.23068152916186466,True,NaN,NaN,False,NaN,NaN,False,NaN,NaN,False,0.2474735662212986,0.5042091995860303,True
675,22.5,NaN,NaN,False,-0.24627025476575595,-0.011685140675366211,True,0.4819098959326226,-0.2064520045418039,True,NaN,NaN,False,NaN,NaN,False,NaN,NaN,False,0.20076544613442232,0.4830127839461636,True
678,22.6,NaN,NaN,False,-0.22473142912322994,-0.041412701381510285,True,0.45725926216882523,-0.18030105635005847,True,NaN,NaN,False,NaN,NaN,False,NaN,NaN,False,0.1866982361301386,0.4427453776210844,True
681,22.7,NaN,NaN,False,-0.20799594073482616,-0.07470293932507138,True,0.4274021578395546,-0.15455397966948478,True,NaN,NaN,False,NaN,NaN,False,NaN,NaN,False,0.1763936657844538,0.40273339786663137,True
684,22.8,NaN,NaN,False,-0.1902903695863491,-0.10978674460807689,True,0.39984315377277024,-0.16190021124189932,True,NaN,NaN,False,NaN,NaN,False,NaN,NaN,False,0.19846589938276984,0.3309343580029245,True
687,22.9,NaN,NaN,False,-0.17056331377565212,-0.14283402798096587,True,0.3968108097061099,-0.15855715601577774,True,NaN,NaN,False,NaN,NaN,False,NaN,NaN,False,0.21715647498516585,0.29107668827046385,True
690,23.0,NaN,NaN,False,-0.15458564673933603,-0.17614027707931187,True,0.3528461140348135,-0.15549120051717863,True,NaN,NaN,False,NaN,NaN,False,NaN,NaN,False,0.24533759053068407,0.25017287873860833,True
693,23.1,NaN,NaN,False,-0.1408124867991192,-0.20721976108969628,True,0.31196429257866964,-0.16100903421241805,True,NaN,NaN,False,NaN,NaN,False,NaN,NaN,False,0.27825743195934555,0.20895063030222424,True
696,23.2,NaN,NaN,False,-0.12633753835321374,-0.24329145927169749,True,0.2704255088665723,-0.16650607591910574,True,NaN,NaN,False,NaN,NaN,False,NaN,NaN,False,0.3101672979076858,0.17279847059671768,True
699,23.3,NaN,NaN,False,-0.10962213543616514,-0.28104795543747385,True,0.2295805951529625,-0.17928011347912906,True,-0.4201337988644355,-0.37204125604356775,True,NaN,NaN,False,NaN,NaN,False,0.33848080007471204,0.13524260117381795,True
702,23.4,NaN,NaN,False,-0.0910253803315119,-0.3138177502528893,True,0.1888622733200527,-0.20437894170729992,True,-0.4166087538798849,-0.36913639250057523,True,NaN,NaN,False,NaN,NaN,False,0.36878374488531895,0.09499922900707335,True
705,23.5,NaN,NaN,False,-0.07730095459835051,-0.34589291590020055,True,0.15303756541132013,-0.23122831435246274,True,-0.44415015092106724,-0.3633540140717363,True,NaN,NaN,False,NaN,NaN,False,0.3995687561213843,0.050140784834817154,True
708,23.6,NaN,NaN,False,-0.06741589356815034,-0.37779403822467844,True,0.12098566982972349,-0.2582562200376472,True,-0.45034174287207795,-0.32427724598758084,True,NaN,NaN,False,NaN,NaN,False,0.4313973324270839,0.006983119781215099,True
711,23.7,NaN,NaN,False,-0.06309528616825347,-0.41564660505241746,True,0.0944183540603345,-0.2850977131334759,True,NaN,NaN,False,NaN,NaN,False,NaN,NaN,False,0.4436349348570641,-0.02388053350070362,True
714,23.8,NaN,NaN,False,-0.06086527692559562,-0.46095041481321586,True,0.07256237538114689,-0.3143961678523657,True,NaN,NaN,False,NaN,NaN,False,NaN,NaN,False,0.4351849807677803,-0.042153548801101455,True
717,23.9,NaN,NaN,False,-0.031650973528507154,-0.4958291294746155,True,0.05060979181986795,-0.34844512473281436,True,NaN,NaN,False,NaN,NaN,False,NaN,NaN,False,0.41470718115210226,-0.06523884322410664,True
720,24.0,NaN,NaN,False,-0.005877257323899791,-0.5000450460491142,True,0.035809861609737134,-0.3884280336824441,True,NaN,NaN,False,NaN,NaN,False,NaN,NaN,False,0.38848214044883056,-0.07912676125205387,True
723,24.1,NaN,NaN,False,0.025299656334736582,-0.5016168178844886,True,0.04144703175393586,-0.42844413702570705,True,NaN,NaN,False,NaN,NaN,False,NaN,NaN,False,0.35142132939801046,-0.09343555592656384,True
726,24.2,NaN,NaN,False,0.053984452331950164,-0.4975780429738147,True,0.06576161881812079,-0.4649059378551873,True,NaN,NaN,False,NaN,NaN,False,NaN,NaN,False,0.3087710510763165,-0.10381395945267488,True
729,24.3,NaN,NaN,False,0.07670766756307389,-0.48838244949133625,True,0.08766000784851906,-0.45373763190588706,True,NaN,NaN,False,NaN,NaN,False,NaN,NaN,False,0.2652550220344412,-0.11704213012573607,True
732,24.4,NaN,NaN,False,0.09986535167942259,-0.473139129635865,True,0.10302790615278842,-0.41891252790487427,True,NaN,NaN,False,NaN,NaN,False,NaN,NaN,False,0.2224455176860736,-0.13303715423323206,True
735,24.5,NaN,NaN,False,0.11490915529852481,-0.452404946860398,True,0.11850511119990145,-0.38206231570482296,True,NaN,NaN,False,NaN,NaN,False,NaN,NaN,False,0.1794719459727922,-0.14973132390522964,True
738,24.6,NaN,NaN,False,0.12314064868574877,-0.4249295419349111,True,0.13960249170839395,-0.3448679716062147,True,NaN,NaN,False,NaN,NaN,False,NaN,NaN,False,0.13339535113478018,-0.16764800024214108,True
741,24.7,NaN,NaN,False,0.124279292821913,-0.3892471627641343,True,0.14502553463892956,-0.32491207756984236,True,NaN,NaN,False,NaN,NaN,False,NaN,NaN,False,0.08770435256128371,-0.18273044017293988,True
744,24.8,NaN,NaN,False,0.1386958252574219,-0.3524531086991902,True,0.1822421418126818,-0.3084341312588541,True,NaN,NaN,False,NaN,NaN,False,NaN,NaN,False,0.04138388611540558,-0.18979278471097866,True
747,24.9,NaN,NaN,False,0.16576822015809484,-0.3324426639891626,True,0.21774317904662766,-0.30120702499005103,True,NaN,NaN,False,NaN,NaN,False,NaN,NaN,False,-0.007748977065326435,-0.19282525968892952,True
750,25.0,NaN,NaN,False,0.19411828750776858,-0.328207767546463,True,0.2499461059400694,-0.31444468262874764,True,NaN,NaN,False,NaN,NaN,False,NaN,NaN,False,-0.05665870278366487,-0.193943008401444,True
753,25.1,NaN,NaN,False,0.22653559782009258,-0.34145605235516074,True,0.2845560817665212,-0.3310319351439305,True,NaN,NaN,False,NaN,NaN,False,NaN,NaN,False,-0.10680933660668439,-0.18839715029290316,True
756,25.2,NaN,NaN,False,0.243119422117239,-0.36538324111576864,True,0.320366004163968,-0.3668791281198879,True,NaN,NaN,False,NaN,NaN,False,NaN,NaN,False,-0.15710388437743242,-0.18568890011691289,True
759,25.3,NaN,NaN,False,0.2540035894841449,-0.39412251192719266,True,0.34828508086267423,-0.40341804089205674,True,NaN,NaN,False,NaN,NaN,False,NaN,NaN,False,-0.20778973641573067,-0.19615174110147676,True
762,25.4,NaN,NaN,False,0.2563820941842977,-0.42451601485516727,True,0.37201372978887426,-0.4324788798370289,True,NaN,NaN,False,NaN,NaN,False,NaN,NaN,False,-0.28489713521491994,-0.23456491248150466,True
765,25.5,NaN,NaN,False,0.2547783193954266,-0.45796423083758586,True,0.3555130822381586,-0.42020460797375275,True,NaN,NaN,False,NaN,NaN,False,NaN,NaN,False,-0.32063366920439085,-0.25500495411327356,True
768,25.6,NaN,NaN,False,0.24469495677041275,-0.4672649972532512,True,0.34985642321328936,-0.44874762552304787,True,NaN,NaN,False,NaN,NaN,False,NaN,NaN,False,-0.3575061955776897,-0.2800731172567689,True
771,25.7,NaN,NaN,False,0.23108382628967264,-0.462954605814336,True,0.310396377458554,-0.48910322325979766,True,NaN,NaN,False,NaN,NaN,False,NaN,NaN,False,-0.3931109492615507,-0.30185603748907497,True
774,25.8,NaN,NaN,False,0.21279518230024824,-0.4510524115581207,True,0.28530246507788093,-0.49000519034294343,True,NaN,NaN,False,NaN,NaN,False,NaN,NaN,False,-0.4151897751620754,-0.31646049135464416,True
777,25.9,NaN,NaN,False,0.20083888959965368,-0.42409425731386674,True,0.25620835610133275,-0.4820745310169201,True,NaN,NaN,False,NaN,NaN,False,NaN,NaN,False,-0.4379157842583903,-0.32012503908962037,True
780,26.0,NaN,NaN,False,0.19358011343971337,-0.39602777829040864,True,0.22107701049889175,-0.46503390427416585,True,NaN,NaN,False,NaN,NaN,False,NaN,NaN,False,-0.4387161354383335,-0.32718318651711303,True
783,26.1,NaN,NaN,False,0.19959023323213015,-0.3611163600702442,True,0.20804456117052622,-0.4393715060005429,True,NaN,NaN,False,NaN,NaN,False,NaN,NaN,False,-0.43487322476696677,-0.3428242178592389,True
786,26.2,NaN,NaN,False,0.2228611271598502,-0.33284721307362514,True,0.20560103071711724,-0.41001817346356706,True,NaN,NaN,False,NaN,NaN,False,NaN,NaN,False,-0.42679378787491945,-0.36946157067419594,True
789,26.3,NaN,NaN,False,0.24798366005035835,-0.31262847278507727,True,0.20745423444950825,-0.3776374904752482,True,NaN,NaN,False,NaN,NaN,False,NaN,NaN,False,-0.4066464400370786,-0.3761460758502865,True
792,26.4,NaN,NaN,False,0.276276596066837,-0.29553361468547484,True,0.20904099218675393,-0.3410088011136243,True,NaN,NaN,False,NaN,NaN,False,NaN,NaN,False,-0.3687114669220114,-0.38584684752397935,True
795,26.5,NaN,NaN,False,0.3066488541048638,-0.2866738436612641,True,0.2138959928679266,-0.3027850498037644,True,NaN,NaN,False,NaN,NaN,False,NaN,NaN,False,-0.32371698024928075,-0.39390850813752365,True
798,26.6,NaN,NaN,False,0.337947188492152,-0.28161855824109855,True,0.2189918146248815,-0.26091544442861425,True,NaN,NaN,False,NaN,NaN,False,NaN,NaN,False,-0.27568326589105324,-0.40069592060287124,True
801,26.7,NaN,NaN,False,0.37066670155535286,-0.28026785759673256,True,0.22299509018990263,-0.22010879467421593,True,NaN,NaN,False,NaN,NaN,False,NaN,NaN,False,-0.2284045182618149,-0.40785727874189903,True
804,26.8,NaN,NaN,False,0.4061564777473054,-0.2796680735401678,True,0.22366101760027032,-0.17695167809756118,True,NaN,NaN,False,NaN,NaN,False,NaN,NaN,False,-0.15735542982296666,-0.41135977332990553,True
807,26.9,NaN,NaN,False,0.4459572145012653,-0.2837388127969468,True,0.21610779176959247,-0.13417162797210977,True,0.2727703746824917,-0.48869049540130793,True,NaN,NaN,False,NaN,NaN,False,-0.13082911274253112,-0.39999826150965956,True
810,27.0,NaN,NaN,False,0.46919195630778504,-0.2847163128297242,True,0.20247498090952287,-0.09591139267085823,True,NaN,NaN,False,NaN,NaN,False,NaN,NaN,False,-0.11649874854507647,-0.3737544086016284,True
813,27.1,NaN,NaN,False,0.4764508171839745,-0.2786347208118457,True,0.1955515407736718,-0.05853881908904613,True,NaN,NaN,False,NaN,NaN,False,NaN,NaN,False,-0.09074685367601189,-0.3389955181976747,True
816,27.2,NaN,NaN,False,0.4803736906957784,-0.26438996261851716,True,0.18667460554128695,-0.019302419940333927,True,NaN,NaN,False,NaN,NaN,False,NaN,NaN,False,-0.06259298412520319,-0.3063254180264791,True
819,27.3,NaN,NaN,False,0.48946258985203067,-0.237317033780711,True,0.18283997020835868,0.021522009449646294,True,NaN,NaN,False,NaN,NaN,False,NaN,NaN,False,-0.03664015580600965,-0.26847820718604753,True
822,27.4,NaN,NaN,False,0.4872361737491613,-0.21470031378677376,True,0.19726718873377705,0.06029703610797313,True,NaN,NaN,False,NaN,NaN,False,NaN,NaN,False,-0.0091005144702553,-0.2347552610516041,True
825,27.5,NaN,NaN,False,0.47051469914075095,-0.18497721411135226,True,0.2206925071724592,0.10026666904466278,True,NaN,NaN,False,NaN,NaN,False,NaN,NaN,False,0.01937418083364006,-0.20312683700327933,True
828,27.6,NaN,NaN,False,0.4469140396242088,-0.1674296819260115,True,0.2518592689589008,0.13002324102317775,True,NaN,NaN,False,NaN,NaN,False,NaN,NaN,False,0.05195514916515768,-0.17391590725940517,True
831,27.7,NaN,NaN,False,0.42011988357761737,-0.15456456559030407,True,0.2858779609274286,0.151988679021922,True,NaN,NaN,False,NaN,NaN,False,NaN,NaN,False,0.08711046226555998,-0.14221222192590305,True
834,27.8,NaN,NaN,False,0.39287652639087967,-0.1603904644275922,True,0.32397817365643555,0.17301150112925812,True,NaN,NaN,False,NaN,NaN,False,NaN,NaN,False,0.12183890035959431,-0.10238012574260688,True
837,27.9,NaN,NaN,False,0.35912364655663115,-0.16974573167176757,True,0.36154542151879043,0.18734590236933818,True,NaN,NaN,False,NaN,NaN,False,NaN,NaN,False,0.14492658141138226,-0.05944905374104748,True
840,28.0,NaN,NaN,False,0.3252449205778974,-0.18133597974232574,True,0.40177094775201266,0.20259669974240851,True,NaN,NaN,False,NaN,NaN,False,NaN,NaN,False,0.15558132390675292,-0.01431383384379394,True
843,28.1,NaN,NaN,False,0.2939897823504115,-0.18881780816252364,True,0.4407849984853478,0.22407558632966126,True,NaN,NaN,False,NaN,NaN,False,NaN,NaN,False,0.15719864723485533,0.03123843766583025,True
846,28.2,NaN,NaN,False,0.26169853861353953,-0.19543228399441998,True,0.46620056795635656,0.23725586222944822,True,NaN,NaN,False,NaN,NaN,False,NaN,NaN,False,0.1577829376643908,0.03939526531822555,True
849,28.3,NaN,NaN,False,0.22794612553251462,-0.19936249345042154,True,NaN,NaN,False,NaN,NaN,False,NaN,NaN,False,NaN,NaN,False,0.1483995566648254,0.05553158137918479,True
852,28.4,NaN,NaN,False,0.19300378626295017,-0.2031386550048015,True,0.4932884728542737,0.2773894954092029,True,NaN,NaN,False,NaN,NaN,False,NaN,NaN,False,0.11577902431414838,0.06574569089446194,True
855,28.5,NaN,NaN,False,0.15820053182162525,-0.2059381345637692,True,NaN,NaN,False,NaN,NaN,False,NaN,NaN,False,NaN,NaN,False,0.08268871877305208,0.04169295992679384,True
858,28.6,NaN,NaN,False,0.12403759520506238,-0.20492546242221127,True,NaN,NaN,False,NaN,NaN,False,NaN,NaN,False,NaN,NaN,False,0.047055169810388216,0.02431066070798859,True
861,28.7,NaN,NaN,False,0.09282645707642814,-0.19585005700665664,True,NaN,NaN,False,NaN,NaN,False,NaN,NaN,False,NaN,NaN,False,0.0036943917758508484,0.003512520096320865,True
864,28.8,NaN,NaN,False,0.06556367751458722,-0.18085510391999599,True,NaN,NaN,False,NaN,NaN,False,NaN,NaN,False,NaN,NaN,False,-0.04113597777239712,-0.02987833145555699,True
867,28.9,NaN,NaN,False,0.03638785058930872,-0.15421274132272883,True,NaN,NaN,False,NaN,NaN,False,NaN,NaN,False,NaN,NaN,False,-0.08724713866549622,-0.0621239758036995,True
870,29.0,NaN,NaN,False,0.018326930527852153,-0.13046883878430238,True,NaN,NaN,False,NaN,NaN,False,NaN,NaN,False,NaN,NaN,False,-0.13295445203412953,-0.08878368924555012,True
873,29.1,NaN,NaN,False,0.000518978927855298,-0.10132555401737543,True,NaN,NaN,False,NaN,NaN,False,NaN,NaN,False,NaN,NaN,False,-0.17766741481973383,-0.11418620233436465,True
876,29.2,NaN,NaN,False,-0.02010004773591222,-0.07048336550015023,True,NaN,NaN,False,NaN,NaN,False,NaN,NaN,False,NaN,NaN,False,-0.2215814643206916,-0.14628527837244007,True
879,29.3,NaN,NaN,False,-0.04278293380091565,-0.04480763974907766,True,NaN,NaN,False,NaN,NaN,False,NaN,NaN,False,NaN,NaN,False,-0.26380838981347793,-0.1804236558815781,True
882,29.4,NaN,NaN,False,-0.07047749313074504,-0.017241649670398953,True,0.29675651104981216,0.23660749105102996,True,NaN,NaN,False,NaN,NaN,False,NaN,NaN,False,-0.3055138779698016,-0.21492035037017393,True
885,29.5,NaN,NaN,False,-0.09927286854539846,0.004390059982302884,True,0.2845349538128714,0.2456389178442752,True,NaN,NaN,False,NaN,NaN,False,NaN,NaN,False,-0.3448934501737601,-0.24818728470890852,True
888,29.6,NaN,NaN,False,-0.12754950005163937,0.02409880512616952,True,0.26738739900118846,0.20455573407312588,True,NaN,NaN,False,NaN,NaN,False,NaN,NaN,False,-0.3791315289366524,-0.28689630972650776,True
891,29.7,NaN,NaN,False,-0.1528000567692753,0.045985141121373425,True,0.261013469227411,0.15961453318505256,True,NaN,NaN,False,NaN,NaN,False,NaN,NaN,False,-0.41465792739349433,-0.3271490162067205,True
894,29.8,NaN,NaN,False,-0.17395764243221745,0.0731028431947406,True,0.2690223219059762,0.11404205509350654,True,NaN,NaN,False,NaN,NaN,False,NaN,NaN,False,-0.4124648863067341,-0.3493648165213054,True
897,29.9,NaN,NaN,False,-0.19019711975698966,0.10422460678005285,True,0.27931185414453574,0.06798338901789376,True,0.03992312581935212,0.06515608159011306,True,NaN,NaN,False,NaN,NaN,False,-0.39938262741974195,-0.3794952382033642,True
900,30.0,NaN,NaN,False,-0.2036516498231941,0.13565033052744535,True,0.28724331072947945,0.021155413067762044,True,0.025199756407093203,0.07827765098552579,True,NaN,NaN,False,NaN,NaN,False,-0.37921090904974064,-0.3935096474703183,True
903,30.1,NaN,NaN,False,-0.211831094713664,0.16692997274283586,True,0.3078764060789576,-0.021803428890746625,True,-0.00811114689747622,0.09815266233489359,True,NaN,NaN,False,NaN,NaN,False,-0.33868581440843487,-0.38880846304728406,True
906,30.2,NaN,NaN,False,-0.21574331927156074,0.20029814184182004,True,0.33703914542782926,-0.0634377388481367,True,-0.018014592923113044,0.11689399573548197,True,NaN,NaN,False,NaN,NaN,False,-0.2908662249305944,-0.3916890513375017,True
909,30.3,NaN,NaN,False,-0.2203231823142215,0.23562000075096337,True,0.3647501350751002,-0.09091803764159163,True,-0.038723571456197266,0.1180213384815083,True,NaN,NaN,False,NaN,NaN,False,-0.2430830968642088,-0.39727810566664673,True
912,30.4,NaN,NaN,False,-0.22133720753069366,0.27498139921159487,True,0.391404141882115,-0.09094956257318394,True,-0.07393016812657584,0.13421351156130168,True,NaN,NaN,False,NaN,NaN,False,-0.19374131142678713,-0.4169461538443728,True
915,30.5,NaN,NaN,False,-0.21997405110229987,0.31272459386504936,True,0.41997195573433826,-0.07630534460363853,True,-0.10313409579265803,0.1548823155385429,True,NaN,NaN,False,NaN,NaN,False,-0.1636126377323221,-0.41967979056319415,True
918,30.6,NaN,NaN,False,-0.21762984689108122,0.35381588582013385,True,0.448260996087974,-0.0524980266445962,True,-0.13501120374691755,0.1812070890576662,True,NaN,NaN,False,NaN,NaN,False,-0.13372268026781575,-0.4055063895819024,True
921,30.7,NaN,NaN,False,-0.2149999998808753,0.39148096093073526,True,0.4691223796226833,-0.02632426987910806,True,-0.15549280706327373,0.20160282640368127,True,NaN,NaN,False,NaN,NaN,False,-0.11529385475644396,-0.37820499583415723,True
924,30.8,NaN,NaN,False,-0.21798161724197113,0.4234141556275728,True,0.48193681216586914,-0.027013359658082024,True,-0.15341046806651798,0.2114272409199657,True,NaN,NaN,False,-0.21735777372809068,0.44060886577920155,True,-0.0953693460736799,-0.3457200859158434,True
927,30.9,NaN,NaN,False,-0.23463894928356777,0.45553908477451555,True,0.47358567950143343,0.02017472494893531,True,-0.17814654210463393,0.22031129293439614,True,NaN,NaN,False,-0.22185324291298222,0.4469286746437452,True,-0.06998063341365854,-0.3086878739669087,True
930,31.0,NaN,NaN,False,-0.2587858487350307,0.47080584825706756,True,0.4623999167358261,0.06615812127629418,True,-0.21915198481962037,0.21094171027519404,True,NaN,NaN,False,-0.2713236064650302,0.4855916293422483,True,-0.043474508368177546,-0.2711382360475027,True
933,31.1,NaN,NaN,False,-0.28480078226543293,0.4810487746424499,True,0.4294355675906153,0.10003020418053372,True,-0.2625859979230342,0.2440846280778028,True,NaN,NaN,False,-0.30225362550364276,0.4936742405447668,True,-0.01366491120228166,-0.23314663193555468,True
936,31.2,NaN,NaN,False,-0.3110799245356583,0.47788733278350026,True,0.39963272984395126,0.11464453502753454,True,-0.2701231184037098,0.2540482485905012,True,NaN,NaN,False,-0.3209717320600361,0.48457657391884,True,0.01851672706028619,-0.1936957976580015,True
939,31.3,NaN,NaN,False,-0.33498422611965945,0.47008584500605927,True,0.37211458693785204,0.12426219614764432,True,-0.2764831641564853,0.29505758821155376,True,NaN,NaN,False,NaN,NaN,False,0.051269222938519196,-0.15555134574027338,True
942,31.4,NaN,NaN,False,-0.3554969846802981,0.4493113679649422,True,0.3401268497149246,0.12239657822705385,True,-0.2708862427240969,0.30732820114116116,True,NaN,NaN,False,-0.33852680748567693,0.4727874287887185,True,0.08559022772986663,-0.11870932705279076,True
945,31.5,NaN,NaN,False,-0.3761617326019061,0.42515115771788536,True,0.3095477483950679,0.11873376350439206,True,-0.2537724642587607,0.3465764660131467,True,NaN,NaN,False,NaN,NaN,False,0.11598686398601474,-0.08266304795332784,True
948,31.6,NaN,NaN,False,-0.39080343027651737,0.39931598736481005,True,0.2735261125765601,0.11752875282324979,True,-0.2402279561280857,0.37882968830388536,True,NaN,NaN,False,NaN,NaN,False,0.1470814231092446,-0.04517133090937812,True
951,31.7,NaN,NaN,False,-0.39333348580873556,0.36853870156380397,True,0.23690370980917957,0.11253822750687043,True,-0.22822380912692128,0.38109583430981575,True,NaN,NaN,False,NaN,NaN,False,0.17328397233120435,-0.008590168639084945,True
954,31.8,NaN,NaN,False,-0.3948425608361817,0.33453791843613623,True,0.19937530262695963,0.10779471988603306,True,-0.21544124259660524,0.4010324493744665,True,NaN,NaN,False,NaN,NaN,False,0.19815464288454498,0.030330779764225803,True
957,31.9,NaN,NaN,False,-0.39956284474891546,0.30040127767893243,True,0.1601665896672981,0.10152537242643526,True,-0.2253969740247887,0.45188366451017353,True,NaN,NaN,False,NaN,NaN,False,0.21972587623992934,0.07203756679339736,True
960,32.0,NaN,NaN,False,-0.4122816337279926,0.2633738143934246,True,0.12005289819816985,0.08875764208762725,True,-0.2360253362700518,0.44781245103059664,True,NaN,NaN,False,NaN,NaN,False,0.24100731373497333,0.11419971426157555,True
963,32.1,NaN,NaN,False,-0.4290381658651788,0.22698650773907184,True,0.07944209500537612,0.07446440432409286,True,-0.26007568308410306,0.47106336583366526,True,NaN,NaN,False,NaN,NaN,False,0.2635060609050435,0.15839294559431433,True
966,32.2,NaN,NaN,False,-0.4488286142650231,0.1963029542440824,True,0.037253043823639684,0.05219406294096327,True,-0.26538811677942203,0.4691047217880401,True,NaN,NaN,False,NaN,NaN,False,0.2820878921692283,0.2025698673956732,True
969,32.3,NaN,NaN,False,-0.449979599503794,0.19270981723999808,True,-0.0014361490816549702,0.023660023755639432,True,-0.30318050170741867,0.4800560302700911,True,NaN,NaN,False,NaN,NaN,False,0.29577999720855613,0.2473823822335913,True
972,32.4,NaN,NaN,False,-0.44974282782518227,0.192869715427568,True,-0.03241726750493158,-0.007698612331443781,True,-0.3361858905044079,0.4767092564056208,True,NaN,NaN,False,NaN,NaN,False,0.3113100329724471,0.2963268908954559,True
975,32.5,NaN,NaN,False,-0.464261395866177,0.1988601857533607,True,-0.05747926964320525,-0.03829579792748471,True,-0.3331447728050524,0.466529079099037,True,NaN,NaN,False,NaN,NaN,False,0.32546072618927946,0.3481091023230573,True
978,32.6,NaN,NaN,False,-0.47585798758404524,0.21419569547666636,True,-0.07473455473868951,-0.07219971450893725,True,-0.3629814732071712,0.43896714640792844,True,-0.1289938426003173,-0.12803943901089299,True,NaN,NaN,False,0.32722613580127546,0.39977030631532057,True
981,32.7,NaN,NaN,False,-0.4831970890072982,0.2369615199399369,True,-0.08891863503418931,-0.11042429459221152,True,NaN,NaN,False,-0.09976220693185912,-0.16426098833067232,True,NaN,NaN,False,0.31646923574273556,0.4856142338408608,True
984,32.8,NaN,NaN,False,-0.485419110878841,0.2599973862017554,True,-0.07548338162828323,-0.15420969379701882,True,NaN,NaN,False,-0.06464361744800297,-0.20422327865755405,True,NaN,NaN,False,0.3083871200374481,0.49506259679273046,True
987,32.9,NaN,NaN,False,-0.4814004611735415,0.2881526967855414,True,-0.045331744745494285,-0.18604855378396412,True,NaN,NaN,False,-0.02669588148814467,-0.23670578195299974,True,NaN,NaN,False,0.28295341575648386,0.5007439456446935,True
990,33.0,NaN,NaN,False,-0.46603199264706774,0.31168419910009065,True,-0.0115167096792978,-0.19984896516854678,True,NaN,NaN,False,0.019875554441146075,-0.2656890797420353,True,NaN,NaN,False,0.25983203463599264,0.49568115840033017,True
993,33.1,NaN,NaN,False,-0.4439182745881597,0.333662654289565,True,0.026652228606102286,-0.20919771611332327,True,NaN,NaN,False,0.06946089735596522,-0.29155095301713596,True,NaN,NaN,False,0.21109112789850182,0.4672775348517147,True
996,33.2,NaN,NaN,False,-0.4204845298265465,0.34008487647789054,True,0.06570273188544996,-0.21742118587784243,True,NaN,NaN,False,0.1480939987386051,-0.3139018738987456,True,NaN,NaN,False,0.1771311356045221,0.4337743633668841,True
999,33.3,NaN,NaN,False,-0.3898018356207153,0.3433802888430121,True,0.10787771132670051,-0.22171717422774612,True,NaN,NaN,False,0.18616851871651188,-0.32936904162022246,True,NaN,NaN,False,0.1656744716001615,0.3946084805551267,True
1002,33.4,NaN,NaN,False,-0.3569699522450408,0.3365065698927259,True,0.15190851394578433,-0.21341529642385423,True,NaN,NaN,False,0.231993323963099,-0.34442514284775916,True,NaN,NaN,False,0.16791531771345236,0.34747260136551356,True
1005,33.5,NaN,NaN,False,-0.3227074888232492,0.3185160553967473,True,0.19572998478261985,-0.18845547117612588,True,NaN,NaN,False,0.2771475053265258,-0.3516874619615766,True,NaN,NaN,False,0.1854274133982546,0.29771481684537615,True
1008,33.6,NaN,NaN,False,-0.2976681400533749,0.29329704386539307,True,0.23053082397219418,-0.15402425081160423,True,NaN,NaN,False,0.3233101031045524,-0.37115869462114937,True,NaN,NaN,False,0.2161757085482982,0.22228212564706804,True
1011,33.7,NaN,NaN,False,-0.2813024126637354,0.26510554311474493,True,0.25774061279044236,-0.12146535684651094,True,NaN,NaN,False,0.3576858877080222,-0.39336872918946286,True,NaN,NaN,False,0.23188518452452064,0.17967687251546374,True
1014,33.8,NaN,NaN,False,-0.26813796856978706,0.23207650185345466,True,0.2837951378111352,-0.08832040322704934,True,NaN,NaN,False,NaN,NaN,False,NaN,NaN,False,0.25108335939155535,0.13631484897563523,True
1017,33.9,NaN,NaN,False,-0.25625551668529006,0.19464008856966072,True,0.306548652884559,-0.05465411651404865,True,NaN,NaN,False,NaN,NaN,False,NaN,NaN,False,0.2742186878794398,0.09146126545246785,True
1020,34.0,NaN,NaN,False,-0.2457904967886683,0.15923110516577407,True,0.3290549384139264,-0.016597653998350156,True,NaN,NaN,False,NaN,NaN,False,NaN,NaN,False,0.2875491419317613,0.05042963551016995,True
1023,34.1,NaN,NaN,False,-0.2354299367578498,0.12445751298099125,True,0.3579019671745227,0.019537015300536566,True,NaN,NaN,False,NaN,NaN,False,NaN,NaN,False,0.29885472266872204,0.014918792509284637,True
1026,34.2,NaN,NaN,False,-0.22812844852427436,0.08806523002674653,True,0.3828765985640905,0.05609877002692615,True,NaN,NaN,False,NaN,NaN,False,NaN,NaN,False,0.3269269918932422,-0.01139372366894994,True
1029,34.3,NaN,NaN,False,-0.22615536317169452,0.05268165066693457,True,0.4038178268616172,0.08509454223682765,True,NaN,NaN,False,NaN,NaN,False,NaN,NaN,False,0.36520849531930966,-0.032110806195937494,True
1032,34.4,NaN,NaN,False,-0.22149565574595784,0.01642048371096173,True,0.4124337190326869,0.08995674518320317,True,NaN,NaN,False,NaN,NaN,False,NaN,NaN,False,0.4070607987654686,-0.044381361298301544,True
1035,34.5,NaN,NaN,False,-0.2229513650753967,-0.019115303584019142,True,0.4134125005666348,0.09509976708657883,True,NaN,NaN,False,NaN,NaN,False,NaN,NaN,False,0.43773185608634835,-0.039762108045833834,True
1038,34.6,NaN,NaN,False,-0.22780531098183515,-0.05418671331881593,True,0.4092555614426848,0.09888336102608593,True,NaN,NaN,False,NaN,NaN,False,NaN,NaN,False,0.4677244955366481,-0.018992159944841956,True
1041,34.7,NaN,NaN,False,-0.24050062063394717,-0.08610534671461761,True,0.388668444389317,0.10341306106649509,True,NaN,NaN,False,NaN,NaN,False,NaN,NaN,False,0.4777791842895658,0.006436182647174927,True
1044,34.8,NaN,NaN,False,-0.2617307186891569,-0.11513160408190823,True,0.3582908581961564,0.10356809436107399,True,NaN,NaN,False,0.20183757923191947,-0.24409396748759504,True,NaN,NaN,False,0.465164461021783,0.034780342999327855,True
1047,34.9,NaN,NaN,False,-0.2878053102025394,-0.1410479581651758,True,0.32582994905167645,0.10231988080772353,True,NaN,NaN,False,0.21349806061170726,-0.2098881660310468,True,NaN,NaN,False,0.4409756406445886,0.06938113948137167,True
1050,35.0,NaN,NaN,False,-0.31438421488264223,-0.16137006052259933,True,0.2880915339905608,0.08990374240965683,True,NaN,NaN,False,0.23268653449848806,-0.16954476562558832,True,NaN,NaN,False,0.41071869541123196,0.09219421982217992,True
1053,35.1,NaN,NaN,False,-0.32918105910873974,-0.17754975642796209,True,0.24590913612365717,0.07407796860356979,True,NaN,NaN,False,0.2566971898668048,-0.12697357671837764,True,NaN,NaN,False,0.3684787581343366,0.10383834130401602,True
1056,35.2,NaN,NaN,False,-0.3558376031771171,-0.19143449946061242,True,0.20446461494958298,0.05115777000903189,True,-0.34400725935517235,-0.13411653254187098,True,0.28569716009428625,-0.08935498946906312,True,NaN,NaN,False,0.3196447405853913,0.10072036382581244,True
1059,35.3,NaN,NaN,False,-0.3823103716185021,-0.20989803823448522,True,0.16801492490906964,0.02190200672282869,True,-0.3138712240619473,-0.13491680859769917,True,0.31798045877308595,-0.05841846340351109,True,NaN,NaN,False,0.268757586388688,0.10008351630334647,True
1062,35.4,NaN,NaN,False,-0.4060333524802468,-0.23515658175246962,True,0.1416021413205895,-0.009328962526944392,True,-0.2829008387658733,-0.13471357513506846,True,0.35756717671782595,-0.03390319236655949,True,NaN,NaN,False,0.21959457047012956,0.11155079135934536,True
1065,35.5,NaN,NaN,False,-0.4305802386282041,-0.25702324457833214,True,0.1205090852900118,-0.0428229964312576,True,-0.24844682686718061,-0.13885036998060865,True,0.4006186881022715,-0.014796091312663212,True,NaN,NaN,False,0.1721910163746708,0.1258012828849178,True
1068,35.6,NaN,NaN,False,-0.4430358848003001,-0.2756680151530195,True,0.10393474956489719,-0.0790918165987987,True,-0.23691557114999592,-0.14150921060107705,True,0.44035438514461084,-0.0009012521306367698,True,NaN,NaN,False,0.12444888314486624,0.14085130436314114,True
1071,35.7,NaN,NaN,False,-0.44420536087993767,-0.3009734526643587,True,0.09524454786964129,-0.11735496140517115,True,-0.2069586461258912,-0.1541654280034764,True,0.46630182274700893,0.021420355877025454,True,NaN,NaN,False,0.07741850843705855,0.15271146767199775,True
1074,35.8,NaN,NaN,False,-0.44312921842416203,-0.32636092645158393,True,0.09230291485859766,-0.15808162433580392,True,-0.1751876615990357,-0.1681809397802743,True,0.46023495616386734,0.04375708586876266,True,NaN,NaN,False,0.030905960936351985,0.16473719761322395,True
1077,35.9,NaN,NaN,False,-0.4300053090798786,-0.34875100386821867,True,0.087811035448762,-0.20124638397181283,True,-0.1564546652437116,-0.18364776905484326,True,0.44832824048772585,0.07860518597755736,True,NaN,NaN,False,-0.01394358006510414,0.174467570836012,True
1080,36.0,NaN,NaN,False,-0.4139586700082258,-0.3688721239619979,True,0.0876240129986852,-0.247650492113415,True,-0.14601135393348758,-0.20986196326661236,True,0.4308679400094554,0.10413375068907214,True,NaN,NaN,False,-0.0626198200531253,0.17749962996438254,True
1083,36.1,NaN,NaN,False,-0.39461055241678145,-0.3825571630164652,True,0.09653863553907313,-0.2926585761745595,True,-0.12793456263692862,-0.23966536525671026,True,0.39279255219072395,0.10223904716388099,True,NaN,NaN,False,-0.11209471747184059,0.17553508934502274,True
1086,36.2,NaN,NaN,False,-0.3780986783044828,-0.3963173569892936,True,0.11485669170284844,-0.32971082462456813,True,-0.13042034599291993,-0.23778996418852147,True,0.35885935029173804,0.09392815080347836,True,NaN,NaN,False,-0.15525676210009265,0.16658623488916768,True
1089,36.3,NaN,NaN,False,-0.3536269968777109,-0.4040029668417296,True,0.14112728371386732,-0.36879225826212336,True,-0.12549009473650577,-0.27274157759780554,True,0.31449786630262977,0.08937886946132115,True,NaN,NaN,False,-0.20063970638772546,0.1507066162255051,True
1092,36.4,NaN,NaN,False,-0.3223504919309259,-0.41178922305837223,True,0.17034545865158923,-0.3955605263611705,True,-0.12818603607025414,-0.3080852331084877,True,0.26493927094131764,0.0806977627267315,True,NaN,NaN,False,-0.24130747838547967,0.11983026213998363,True
1095,36.5,NaN,NaN,False,-0.2893296091702935,-0.4218617333483014,True,0.2019971165062048,-0.4042878022632254,True,-0.13491239413963135,-0.340878938171444,True,0.21344910719307317,0.07370809669539626,True,NaN,NaN,False,-0.26760908357867147,0.08428306910907563,True
1098,36.6,NaN,NaN,False,-0.2553232087960333,-0.4358401113502678,True,0.23585641873297059,-0.4124127510189243,True,-0.13558263058207018,-0.36780985501092106,True,0.16663374263526795,0.07030063097997097,True,NaN,NaN,False,-0.28715884415004544,0.04128128224189045,True
1101,36.7,NaN,NaN,False,-0.2249476435208107,-0.4561466097259774,True,0.2709852659823684,-0.4229328345593472,True,-0.1412785213608248,-0.39109170795755865,True,0.12042639509722199,0.07469424044973452,True,NaN,NaN,False,-0.2936324986646484,-0.004063493849220919,True
1104,36.8,NaN,NaN,False,-0.19418468989960525,-0.48010931763945885,True,0.30630941942589346,-0.43761879291432815,True,-0.14320745018055026,-0.4078068031473653,True,0.07655486399573863,0.0939900208798298,True,NaN,NaN,False,-0.2933898639874738,-0.04942186158397223,True
1107,36.9,NaN,NaN,False,-0.197125547735533,-0.490398096387553,True,0.3401417212566399,-0.4508419689644092,True,-0.1458408813288945,-0.4187561281940089,True,0.03305203227173885,0.11580667699227318,True,NaN,NaN,False,-0.2908334861957055,-0.09417243321998768,True
1110,37.0,NaN,NaN,False,-0.19275372139029437,-0.5026058348624444,True,0.36473575827846216,-0.44722192596854293,True,-0.17046020611267315,-0.443793092225892,True,0.002765185313697662,0.1479899889640428,True,NaN,NaN,False,-0.2776945087197069,-0.14313279475219684,True
1113,37.1,NaN,NaN,False,-0.17977858372430316,-0.5024814067861815,True,0.37240838023653267,-0.42295627718350887,True,-0.17996372435889607,-0.4449832770542585,True,-0.011287540704352776,0.1840351639102679,True,NaN,NaN,False,-0.24709994315266104,-0.22095098640996783,True
1116,37.2,NaN,NaN,False,-0.17173211227744228,-0.4832921903256768,True,0.38156723359975375,-0.38887091245379923,True,-0.22959780001658822,-0.45036002334083186,True,-0.02260324955089491,0.2278740754717711,True,NaN,NaN,False,-0.23280221097679213,-0.2601704990315705,True
1119,37.3,NaN,NaN,False,-0.16012075484282018,-0.46653689712921936,True,0.3815110982270117,-0.36757285549224245,True,-0.2626161229705442,-0.4809925480779872,True,NaN,NaN,False,NaN,NaN,False,-0.2115211170212596,-0.30808236367746866,True
1122,37.4,NaN,NaN,False,-0.15092131914048315,-0.4467037047769235,True,0.34086196247345457,-0.34349433096023213,True,-0.2807721714200201,-0.5033179519245442,True,NaN,NaN,False,NaN,NaN,False,-0.1840511651239603,-0.35213849655146856,True
1125,37.5,NaN,NaN,False,-0.1450453285884886,-0.43387480378724447,True,0.2975053310739496,-0.3379152107519113,True,NaN,NaN,False,NaN,NaN,False,NaN,NaN,False,-0.1521130273559247,-0.3704996942106926,True
1128,37.6,NaN,NaN,False,-0.13337554134219526,-0.41671789096132017,True,0.26065711518733053,-0.34094851560046685,True,-0.2869564516267932,-0.49662822573933296,True,NaN,NaN,False,NaN,NaN,False,-0.12249751838324924,-0.3561790553245972,True
1131,37.7,NaN,NaN,False,-0.12473692776880073,-0.38691392204178143,True,0.22552824182236977,-0.3484779445038382,True,-0.27202267028346117,-0.49537066733546264,True,NaN,NaN,False,NaN,NaN,False,-0.08623977077951168,-0.3427720909914635,True
1134,37.8,NaN,NaN,False,-0.10372748345276825,-0.35854551052662853,True,0.18378041857505872,-0.3639202592866354,True,-0.3162960160372563,-0.4733803800902403,True,NaN,NaN,False,NaN,NaN,False,-0.04423839432661753,-0.34695409265863764,True
1137,37.9,NaN,NaN,False,-0.07674802275994601,-0.33256274685054976,True,0.14701796701568315,-0.3888159186573096,True,NaN,NaN,False,NaN,NaN,False,NaN,NaN,False,-0.006966855421432293,-0.3774803751614852,True
1140,38.0,NaN,NaN,False,-0.04900824228281038,-0.30466414824630933,True,0.12787621956622894,-0.41185646104746265,True,-0.3299468471779841,-0.4508005307460815,True,NaN,NaN,False,NaN,NaN,False,0.023738336887509044,-0.4150445140351004,True
1143,38.1,NaN,NaN,False,-0.021423475059313957,-0.2805077018264894,True,0.10863976818691828,-0.43957908316818506,True,-0.3358069423582288,-0.43818820860240737,True,NaN,NaN,False,NaN,NaN,False,0.05134728162861826,-0.4557703356960132,True
1146,38.2,NaN,NaN,False,0.005914656535765882,-0.26054501324034846,True,0.0917644493796409,-0.4590271622413588,True,-0.3486968145924025,-0.41357010620441587,True,NaN,NaN,False,NaN,NaN,False,0.05224195175472136,-0.4857226731370348,True
1149,38.3,NaN,NaN,False,0.03519906160966647,-0.24511385494938218,True,0.09677396547864292,-0.47229929852664426,True,NaN,NaN,False,NaN,NaN,False,NaN,NaN,False,0.05799854075370884,-0.4978421759407376,True
1152,38.4,NaN,NaN,False,0.06601618413806398,-0.2361248218733724,True,0.0971575177556382,-0.4471989691881745,True,NaN,NaN,False,NaN,NaN,False,NaN,NaN,False,0.059095163931979784,-0.49599949529416826,True
1155,38.5,NaN,NaN,False,0.09943334328480016,-0.2305678062256463,True,0.1248870420947723,-0.4154344711394826,True,NaN,NaN,False,NaN,NaN,False,NaN,NaN,False,0.08247519995764105,-0.47341404070484167,True
1158,38.6,NaN,NaN,False,0.13337067198724095,-0.23082923795429383,True,0.15228989447612992,-0.3845000468738853,True,NaN,NaN,False,NaN,NaN,False,NaN,NaN,False,0.09812624377180071,-0.45003187805580624,True
1161,38.7,NaN,NaN,False,0.16915618735856025,-0.2329266775744357,True,0.18297794073527443,-0.35426042777183925,True,NaN,NaN,False,NaN,NaN,False,NaN,NaN,False,0.1164225736764385,-0.42236411910478466,True
1164,38.8,NaN,NaN,False,0.20511264105955834,-0.23918763907322532,True,0.2104071298816646,-0.3237901597055692,True,NaN,NaN,False,NaN,NaN,False,NaN,NaN,False,0.14367357512661919,-0.39394557670017866,True
1167,38.9,NaN,NaN,False,0.24190358862382894,-0.24521848060939486,True,0.23305096040939663,-0.29855558043289565,True,NaN,NaN,False,NaN,NaN,False,NaN,NaN,False,0.17757064440513073,-0.35945797020231346,True
1170,39.0,NaN,NaN,False,0.2792951268880168,-0.23484549623011974,True,0.2603765253248959,-0.28555642663417563,True,NaN,NaN,False,NaN,NaN,False,NaN,NaN,False,0.20506010549487524,-0.3261473761737869,True
1173,39.1,NaN,NaN,False,0.3218112981999491,-0.21781416862097755,True,0.29084112853736077,-0.26800181280500035,True,NaN,NaN,False,NaN,NaN,False,NaN,NaN,False,0.21821265952609198,-0.2871810626244273,True
1176,39.2,NaN,NaN,False,0.36329649606543946,-0.21917747580386246,True,0.3157862114630187,-0.2415318848879215,True,NaN,NaN,False,NaN,NaN,False,NaN,NaN,False,0.225120956255322,-0.2408227995682747,True
1179,39.3,NaN,NaN,False,0.4002605180179634,-0.23139064100997028,True,0.3389090335504795,-0.21393657576073974,True,NaN,NaN,False,NaN,NaN,False,NaN,NaN,False,0.2366004635283762,-0.19131320048864375,True
1182,39.4,NaN,NaN,False,0.4340201586426788,-0.24640193750040368,True,0.35535405358619654,-0.1832075543800221,True,NaN,NaN,False,NaN,NaN,False,NaN,NaN,False,0.2570771629426313,-0.14421977556493507,True
1185,39.5,NaN,NaN,False,0.4657806007318109,-0.2583948521679736,True,0.3740304431091358,-0.1633726878079379,True,NaN,NaN,False,NaN,NaN,False,NaN,NaN,False,0.2750235871181411,-0.09823379020701184,True
1188,39.6,NaN,NaN,False,0.4781890815301782,-0.252430265436292,True,0.34603711240783724,-0.12628273035091586,True,NaN,NaN,False,NaN,NaN,False,NaN,NaN,False,0.2915529944684091,-0.052401619848066655,True
1191,39.7,NaN,NaN,False,0.48399275115756535,-0.23967219818576005,True,0.3188440582312875,-0.09152851979983641,True,NaN,NaN,False,NaN,NaN,False,NaN,NaN,False,0.3068040066932176,-0.00805926104089098,True
1194,39.8,NaN,NaN,False,0.48457725988282635,-0.2195228244245339,True,0.2914601582930802,-0.05930147503314043,True,NaN,NaN,False,NaN,NaN,False,NaN,NaN,False,0.31888082261440764,0.034318487069048394,True
1197,39.9,NaN,NaN,False,0.4696643065616197,-0.20256120219257948,True,0.26540172531709527,-0.025888617588069932,True,NaN,NaN,False,NaN,NaN,False,NaN,NaN,False,0.3296929208468022,0.07995062828635653,True
1200,40.0,NaN,NaN,False,0.4537875002114917,-0.17120420459811525,True,0.2364919704704152,0.0063074255308545974,True,NaN,NaN,False,NaN,NaN,False,NaN,NaN,False,0.3388834498911894,0.12955586970514305,True
1203,40.1,NaN,NaN,False,0.4311209250605978,-0.15928290319699168,True,0.21032752834991233,0.030727216129444325,True,NaN,NaN,False,NaN,NaN,False,NaN,NaN,False,0.3431688652607425,0.21316977339410628,True
1206,40.2,NaN,NaN,False,0.3996987166791869,-0.15213782599454903,True,0.19593123011188168,0.05117755103627203,True,NaN,NaN,False,NaN,NaN,False,NaN,NaN,False,0.35210719477166197,0.24782620700597444,True
1209,40.3,NaN,NaN,False,0.3651135694196007,-0.1487884754530055,True,0.16827024906547025,0.07617791120259303,True,NaN,NaN,False,NaN,NaN,False,NaN,NaN,False,0.35889016695954096,0.28945752637147176,True
1212,40.4,NaN,NaN,False,0.3304945581587179,-0.14706550779965585,True,0.13739197157555982,0.09680961597702983,True,NaN,NaN,False,NaN,NaN,False,NaN,NaN,False,0.366203553398807,0.3379402554690497,True
1215,40.5,NaN,NaN,False,0.29589134225190117,-0.1474827228262452,True,0.10269079907616947,0.11334754329343001,True,NaN,NaN,False,NaN,NaN,False,NaN,NaN,False,0.37807966676473037,0.38076635976004136,True
1218,40.6,NaN,NaN,False,0.26211944901791734,-0.14433975657391707,True,0.06882234039693753,0.1300484191048352,True,NaN,NaN,False,NaN,NaN,False,NaN,NaN,False,0.3753127358820776,0.41920212993226347,True
1221,40.7,NaN,NaN,False,0.227994481403216,-0.13899140237048266,True,0.033518643391702754,0.14206688359342534,True,NaN,NaN,False,NaN,NaN,False,NaN,NaN,False,0.3533604773792214,0.4563713186551477,True
1224,40.8,NaN,NaN,False,0.20539871899096848,-0.13428884707195987,True,-0.0025700343090982285,0.1515212675291732,True,NaN,NaN,False,NaN,NaN,False,NaN,NaN,False,0.3212633830666494,0.48276950498707105,True
1227,40.9,NaN,NaN,False,0.18054694247335284,-0.12776616304782965,True,-0.042275249998366585,0.1635780799270724,True,NaN,NaN,False,-0.06917587425333503,0.23850694933957872,True,NaN,NaN,False,0.2876333374427165,0.5046415360112103,True
1230,41.0,NaN,NaN,False,0.15385015287173606,-0.11686882232703605,True,-0.08203291307974007,0.1768115196526006,True,NaN,NaN,False,-0.04120282357907221,0.26957606795009903,True,NaN,NaN,False,0.2584076821940108,0.4952470727163527,True
1233,41.1,NaN,NaN,False,0.125004716863379,-0.1017995733155098,True,-0.12194205421997419,0.18818806572901237,True,NaN,NaN,False,-0.009002625851212628,0.3071852508290148,True,NaN,NaN,False,0.22519268141845641,0.4881838849320917,True
1236,41.2,NaN,NaN,False,0.09310797222284842,-0.0797338234635306,True,-0.1608592424961699,0.19829640091979964,True,NaN,NaN,False,0.01972677607066517,0.3461803243945726,True,NaN,NaN,False,0.18756824331075447,0.4634369397938389,True
1239,41.3,NaN,NaN,False,0.06694063668852962,-0.05315039813716328,True,-0.20083212204108267,0.2080118771873758,True,-0.06815547391687356,0.11992666243802096,True,0.05366015711723012,0.38590184296078,True,NaN,NaN,False,0.18610177310031392,0.4408254800941307,True
1242,41.4,NaN,NaN,False,0.04662262093098629,-0.026742364948993676,True,-0.2418035881064232,0.21799898914162996,True,-0.06670552178282588,0.12413064603679551,True,0.07570536671648032,0.41273311034989946,True,NaN,NaN,False,0.187550873808759,0.40304634506445686,True
1245,41.5,NaN,NaN,False,0.028741593394529717,0.0001660509917019796,True,-0.28706989013720896,0.22826523991298042,True,-0.08646832294412188,0.14996650726581817,True,0.07304001348670623,0.4306421538218878,True,NaN,NaN,False,0.19554126639340882,0.3605757684883614,True
1248,41.6,NaN,NaN,False,0.01160075079308887,0.02769354458529031,True,-0.3327301459813227,0.23849284577695498,True,-0.11285411671580022,0.16471125279218377,True,NaN,NaN,False,NaN,NaN,False,0.21091319977680978,0.3155557837112121,True
1251,41.7,NaN,NaN,False,0.0009495267265391499,0.05571490598875968,True,-0.40801700813921815,0.22568796232684546,True,-0.14667434595388654,0.18172880560661075,True,NaN,NaN,False,NaN,NaN,False,0.23327134400433913,0.2689350573194154,True
1254,41.8,NaN,NaN,False,-0.006216953523386706,0.08618854408322653,True,-0.43753098689399794,0.22095387376636727,True,-0.1750358573176623,0.1938623543779898,True,NaN,NaN,False,NaN,NaN,False,0.26281444177377533,0.22268720048867174,True
1257,41.9,NaN,NaN,False,-0.008200872660907113,0.11790559933062912,True,-0.4418175332296959,0.22416231980943196,True,-0.19599337899664288,0.20098165669888593,True,NaN,NaN,False,NaN,NaN,False,0.29784256328508973,0.1778753372608764,True
1260,42.0,NaN,NaN,False,-0.0057348175448401805,0.1490109817082695,True,-0.4445477226823878,0.22347524697163787,True,-0.2124339155184168,0.21172677704763077,True,NaN,NaN,False,NaN,NaN,False,0.3342175868462104,0.13386361413076198,True
1263,42.1,NaN,NaN,False,0.0025822100091362292,0.18238299319755974,True,-0.44115305377003766,0.17938135015828088,True,-0.23366010829402695,0.22692188538569377,True,NaN,NaN,False,NaN,NaN,False,0.3726294617928259,0.09877292753614855,True
1266,42.2,NaN,NaN,False,0.01541298679645599,0.21706887458878568,True,-0.4231858218214865,0.15729266307728493,True,-0.2483102386698656,0.2511680226891473,True,NaN,NaN,False,NaN,NaN,False,0.4135656698498635,0.07276416777939057,True
1269,42.3,NaN,NaN,False,0.03266357629414331,0.25308285095132416,True,-0.40257365046772114,0.1531544818578401,True,-0.25480706400569986,0.27424777174072335,True,NaN,NaN,False,NaN,NaN,False,0.4466468764886398,0.048577633878375714,True
1272,42.4,NaN,NaN,False,0.05961380844052875,0.2875091601733224,True,-0.36539347835657865,0.1508480411524291,True,-0.24835690672736238,0.2990417501874633,True,NaN,NaN,False,NaN,NaN,False,0.4612500565310395,0.018565485845930214,True
1275,42.5,NaN,NaN,False,0.08657822773497127,0.30986801000566616,True,-0.347441487046562,0.16053083187397824,True,NaN,NaN,False,NaN,NaN,False,NaN,NaN,False,0.4611032009290412,-0.012369328058831735,True
1278,42.6,NaN,NaN,False,0.1142645580513569,0.3269876720162907,True,-0.30241574860451326,0.1297564300898776,True,NaN,NaN,False,NaN,NaN,False,NaN,NaN,False,0.4505784774625906,-0.04162623212210679,True
1281,42.7,NaN,NaN,False,0.14551345472542476,0.34030630815215374,True,-0.2597521043237252,0.10087844976522982,True,NaN,NaN,False,NaN,NaN,False,NaN,NaN,False,0.4181169367762122,-0.07394875097303065,True
1284,42.8,NaN,NaN,False,0.17895552318874874,0.3507905523259874,True,-0.22558934642162753,0.06685806527436385,True,NaN,NaN,False,NaN,NaN,False,NaN,NaN,False,0.38482514780422894,-0.084136420444898,True
1287,42.9,NaN,NaN,False,0.21404893404763073,0.3525138055338841,True,-0.19688161660115105,0.031914388444457584,True,NaN,NaN,False,NaN,NaN,False,NaN,NaN,False,0.34342304652126543,-0.08476576931365482,True
1290,43.0,NaN,NaN,False,0.2485906627162478,0.3451868067738049,True,-0.19174988372925314,-0.007043807145332098,True,NaN,NaN,False,NaN,NaN,False,NaN,NaN,False,0.2984233138272149,-0.0706299898043144,True
1293,43.1,NaN,NaN,False,0.28241489251846824,0.3341317139474977,True,-0.20084181209632618,-0.0455864758235969,True,NaN,NaN,False,NaN,NaN,False,NaN,NaN,False,0.2574316435889035,-0.04048527924542505,True
1296,43.2,NaN,NaN,False,0.31540895643465333,0.3205205313256536,True,-0.20826886867619737,-0.08645433586984395,True,NaN,NaN,False,-0.10715730364845832,-0.09288519673562501,True,NaN,NaN,False,0.22084273576234065,-0.010642818917943903,True
1299,43.3,NaN,NaN,False,0.34908432117518473,0.30286534872703236,True,-0.21475349519007886,-0.12844005594596575,True,NaN,NaN,False,-0.07802543586104663,-0.13179943684349962,True,NaN,NaN,False,0.18382426502437774,0.011476758267334231,True
1302,43.4,NaN,NaN,False,0.38231702923825595,0.28739860027030617,True,-0.21871846200176584,-0.17237854446688083,True,NaN,NaN,False,-0.04750290271401492,-0.17215447747569412,True,NaN,NaN,False,0.1416266235610449,0.030482510654993182,True
1305,43.5,NaN,NaN,False,0.41620564405074456,0.271306146356789,True,-0.2167902695224853,-0.21674837340459016,True,NaN,NaN,False,-0.015095012562549491,-0.2133462233568492,True,NaN,NaN,False,0.09718766713282488,0.051230476844259513,True
1308,43.6,NaN,NaN,False,0.44930170246674866,0.256730015239566,True,-0.20174393078801775,-0.259836695546505,True,NaN,NaN,False,0.012912730149163927,-0.25114066112733163,True,NaN,NaN,False,0.049912043781976605,0.07452046127365576,True
1311,43.7,NaN,NaN,False,0.44735249263655763,0.26389255232349423,True,-0.18572985892813285,-0.30173180637240604,True,NaN,NaN,False,0.03537223453236786,-0.2943100130600095,True,NaN,NaN,False,0.005855818118862159,0.1001099007725571,True
1314,43.8,NaN,NaN,False,0.46917114226434464,0.263877167574178,True,-0.17271908234146222,-0.3399578232847926,True,NaN,NaN,False,0.06149035629532712,-0.33726419534421187,True,NaN,NaN,False,-0.03371280132808693,0.1294407161519747,True
1317,43.9,NaN,NaN,False,0.47795579801509724,0.28325388456816325,True,-0.16258338510245937,-0.37826117046001284,True,NaN,NaN,False,0.08569053347057709,-0.37780394651561056,True,NaN,NaN,False,-0.07141621727460654,0.1585777831483089,True
1320,44.0,NaN,NaN,False,0.4845115290131892,0.3013001316879699,True,-0.15282369161664797,-0.4162838106842334,True,NaN,NaN,False,0.10629013357586245,-0.41902947908484145,True,NaN,NaN,False,-0.1104713817498398,0.18528661887638376,True
1323,44.1,NaN,NaN,False,0.48536440878441917,0.3128004962677185,True,-0.1612048134378188,-0.4464679163283641,True,NaN,NaN,False,0.10477904772098609,-0.4408805075292396,True,NaN,NaN,False,-0.1534184434561154,0.20100171640958217,True
1326,44.2,NaN,NaN,False,NaN,NaN,False,-0.18321137183472505,-0.4797709326536729,True,NaN,NaN,False,0.09223498700389414,-0.47584934709531757,True,NaN,NaN,False,-0.20162582821462458,0.21221075608766507,True
1329,44.3,NaN,NaN,False,0.45338811226143705,0.36490939986127546,True,-0.20995566092825857,-0.5046415360112103,True,NaN,NaN,False,0.07356032552333377,-0.4908304630454833,True,NaN,NaN,False,-0.25042219844868885,0.23235014291410688,True
1332,44.4,NaN,NaN,False,0.4543670697229436,0.3635064844439982,True,-0.24114305855248136,-0.5036779067345099,True,NaN,NaN,False,NaN,NaN,False,NaN,NaN,False,-0.2955068950221128,0.2567027092336874,True
1335,44.5,NaN,NaN,False,0.4457364646639733,0.3713907954732448,True,-0.2754822566441414,-0.49514140352944813,True,NaN,NaN,False,NaN,NaN,False,NaN,NaN,False,-0.3381270310559901,0.2812476440104883,True
1338,44.6,NaN,NaN,False,0.4454228415772622,0.37120051839056056,True,-0.30241677359007085,-0.4806730715312928,True,NaN,NaN,False,NaN,NaN,False,NaN,NaN,False,-0.38212773189144905,0.3002340015766645,True
1341,44.7,NaN,NaN,False,0.44682795042077056,0.3699111636995551,True,-0.3205443302017358,-0.45607663359822337,True,NaN,NaN,False,NaN,NaN,False,NaN,NaN,False,-0.42114527484153746,0.31784558834163,True
1344,44.8,NaN,NaN,False,0.4477948681967911,0.369016290287786,True,-0.32767339530898204,-0.42871400446818164,True,NaN,NaN,False,NaN,NaN,False,NaN,NaN,False,-0.4433149779833027,0.322738795302398,True
1347,44.9,NaN,NaN,False,0.4455453053989953,0.3707412306051424,True,-0.335971212666584,-0.4003469986213,True,NaN,NaN,False,NaN,NaN,False,NaN,NaN,False,-0.44790344224570855,0.32159671268444373,True
1350,45.0,NaN,NaN,False,0.4454024808352667,0.37016761945645954,True,-0.3490825272517733,-0.36855192610931664,True,NaN,NaN,False,NaN,NaN,False,NaN,NaN,False,-0.4449663481657384,0.32696006590214827,True
1353,45.1,NaN,NaN,False,0.4464891600720794,0.3696761738899558,True,-0.35949693592363285,-0.33509887523592624,True,NaN,NaN,False,NaN,NaN,False,NaN,NaN,False,-0.4612518432463728,0.33534139516428607,True
1356,45.2,NaN,NaN,False,0.44463740982724653,0.37079400636306636,True,-0.3700184480723527,-0.29754959449098456,True,NaN,NaN,False,-0.07201709619101931,-0.21598206187175387,True,NaN,NaN,False,-0.4653569256714939,0.3173725418699716,True
1359,45.3,NaN,NaN,False,0.4436551116105551,0.37280369713679146,True,-0.3816604065872378,-0.256911649464666,True,NaN,NaN,False,-0.03372050677100415,-0.23880990784736783,True,NaN,NaN,False,-0.47910777663115395,0.28818323477196855,True
1362,45.4,NaN,NaN,False,0.44537883795710265,0.3717949663340111,True,-0.3948491461365371,-0.22413618065042712,True,NaN,NaN,False,0.013871699434740759,-0.22648576921672495,True,NaN,NaN,False,-0.4765932349898207,0.265255029340455,True
1365,45.5,NaN,NaN,False,0.4463029169583714,0.3709517331898533,True,-0.40882241047147,-0.22150534155897264,True,NaN,NaN,False,0.05123115216915132,-0.18933972388996975,True,NaN,NaN,False,-0.48288011771900297,0.22451294219076662,True
1368,45.6,NaN,NaN,False,0.44488453072553097,0.3720334962395663,True,-0.42539518407098054,-0.23692622205882732,True,-0.2580518791539509,0.26396109890424,True,0.08781209084843061,-0.15978342489074226,True,NaN,NaN,False,-0.47477303191548487,0.18126069748523527,True
1371,45.7,NaN,NaN,False,0.4428310564458057,0.3746991839417349,True,-0.4485599543159366,-0.25737255890003724,True,-0.23405131702182308,0.255127158418042,True,0.1314836144560353,-0.13775508782740647,True,NaN,NaN,False,-0.4432522844398006,0.16163972530874568,True
1374,45.8,NaN,NaN,False,0.4449838340317198,0.37286769634531186,True,-0.4601027173736256,-0.2873307258164315,True,-0.23474159020349156,0.24766188290521657,True,NaN,NaN,False,NaN,NaN,False,-0.4073682295883075,0.14649182817294068,True
1377,45.9,NaN,NaN,False,0.44401694560708405,0.3735812671384012,True,-0.44944520913949365,-0.3141142684264757,True,NaN,NaN,False,NaN,NaN,False,NaN,NaN,False,-0.3694580544491489,0.13778220017236284,True
1380,46.0,NaN,NaN,False,0.4441079469874191,0.3721568359956783,True,-0.4273990200057297,-0.34669267474309995,True,NaN,NaN,False,NaN,NaN,False,NaN,NaN,False,-0.328350593003299,0.1348121841432233,True
1383,46.1,NaN,NaN,False,0.4440349333400686,0.37200858427603145,True,-0.39911472740105686,-0.37860868158275207,True,NaN,NaN,False,NaN,NaN,False,NaN,NaN,False,-0.29836449459103453,0.1336226687091942,True
1386,46.2,NaN,NaN,False,0.4452930343089793,0.37130775588366827,True,-0.36593476546998416,-0.40229084101040086,True,NaN,NaN,False,NaN,NaN,False,NaN,NaN,False,-0.269819449505556,0.12638057793370108,True
1389,46.3,NaN,NaN,False,0.44331058217364755,0.3722177917901665,True,-0.33088322625925765,-0.41167570312647417,True,NaN,NaN,False,NaN,NaN,False,NaN,NaN,False,-0.23134447230526428,0.11056858797181715,True
1392,46.4,NaN,NaN,False,0.4440197206046126,0.3709455744856607,True,-0.2954192467424223,-0.423241637996229,True,NaN,NaN,False,NaN,NaN,False,NaN,NaN,False,-0.19204399366125305,0.08367203737003742,True
1395,46.5,NaN,NaN,False,0.4440884745643616,0.3702541809405534,True,-0.2615324130688672,-0.44240507231229,True,NaN,NaN,False,NaN,NaN,False,NaN,NaN,False,-0.15053350756952574,0.05415092975305721,True
1398,46.6,NaN,NaN,False,0.44322979799078355,0.369637791083021,True,-0.22725334912944745,-0.4610521527006416,True,NaN,NaN,False,NaN,NaN,False,NaN,NaN,False,-0.10748414514636898,0.02369323517867342,True
1401,46.7,NaN,NaN,False,0.4408892005056115,0.37094829404416074,True,-0.19619001157656538,-0.47741993473421296,True,-0.10189476924682951,0.07520742937653424,True,NaN,NaN,False,NaN,NaN,False,-0.06635402355784678,-0.002382542777672507,True
1404,46.8,NaN,NaN,False,0.4409719099147578,0.37098548156263506,True,-0.17642167841357187,-0.4766703194060326,True,-0.11995219109439295,0.0501223924093363,True,NaN,NaN,False,NaN,NaN,False,-0.024595540826281917,-0.02565022560008111,True
1407,46.9,NaN,NaN,False,0.4448282384461318,0.3686452751460392,True,-0.1646731196904464,-0.46611297838247934,True,-0.12564503150754547,0.046496428733310266,True,NaN,NaN,False,NaN,NaN,False,0.019381931389983162,-0.04019236339210892,True
1410,47.0,NaN,NaN,False,0.4425787468878955,0.3708133008534591,True,-0.15436041381637655,-0.4449723300140541,True,-0.1390428891572259,0.03457939270282289,True,NaN,NaN,False,NaN,NaN,False,0.06238458116573224,-0.04057355799470951,True
1413,47.1,NaN,NaN,False,0.44334144175175805,0.3698692574571795,True,-0.14751695527122088,-0.4118214932296522,True,-0.17696512661835134,0.005841801921276015,True,NaN,NaN,False,NaN,NaN,False,0.10503802044356998,-0.04056277193353487,True
1416,47.2,NaN,NaN,False,0.441503215734507,0.37082299880249964,True,-0.144130103563709,-0.3797227310878919,True,-0.1973271611468834,-0.016462109656175384,True,NaN,NaN,False,NaN,NaN,False,0.15092121428960928,-0.044177826545157936,True
1419,47.3,NaN,NaN,False,0.4415045474863024,0.3706070918188317,True,-0.15136151576382562,-0.3439091971775465,True,-0.20688786221890962,-0.014224637494657787,True,NaN,NaN,False,NaN,NaN,False,0.19855810706164181,-0.048549374783339976,True
1422,47.4,NaN,NaN,False,0.44196111090559786,0.3708654921179549,True,-0.16416802654801002,-0.30464270077587235,True,-0.23168045102655777,-0.05401228351272667,True,NaN,NaN,False,NaN,NaN,False,0.24537445822571138,-0.05548933288856026,True
1425,47.5,NaN,NaN,False,0.4419259065602023,0.3719206152082312,True,-0.17480195329354467,-0.26500132868703324,True,-0.2399558985980271,-0.08900846050267962,True,0.18044728390481965,-0.15185130064324986,True,NaN,NaN,False,0.2919179435613575,-0.060421601561523194,True
1428,47.6,NaN,NaN,False,0.44093559888503586,0.3718205591868556,True,-0.1739141614996032,-0.22934343932776297,True,-0.2535459312753497,-0.12091560950228021,True,0.16058674612247267,-0.10780405524056347,True,NaN,NaN,False,0.3372612339728258,-0.061905101891790264,True
1431,47.7,NaN,NaN,False,0.43526405394288153,0.37098057269908474,True,-0.1682958094445227,-0.19212277299852823,True,-0.2556169548518247,-0.12189862248616848,True,0.13195416476267546,-0.06359712177376564,True,NaN,NaN,False,0.3827046787684525,-0.06107494052223786,True
1434,47.8,NaN,NaN,False,0.4316217942748611,0.37051807983460183,True,-0.16488443735762387,-0.15491712918852202,True,-0.294219449267334,-0.1539414655011618,True,0.10408702695023357,-0.019657663179442966,True,NaN,NaN,False,0.42097227640386653,-0.05056031575175885,True
1437,47.9,NaN,NaN,False,0.430806621184626,0.37057613159352026,True,-0.16416112514104364,-0.11537472782614862,True,-0.3201968534149829,-0.16635803490448972,True,0.07548668734767859,0.025005182195065204,True,NaN,NaN,False,0.45609600389998395,-0.018307717104750473,True
1440,48.0,NaN,NaN,False,0.4300850554655517,0.37096553600801374,True,-0.16711839801581616,-0.0767365124916932,True,-0.31915949588269976,-0.18548574720019229,True,0.04389508325061535,0.06945774709276467,True,NaN,NaN,False,0.4773446759085387,0.015789007089145962,True
1443,48.1,NaN,NaN,False,0.4311737960439522,0.3714235603889937,True,-0.17170914254091654,-0.036790866726609195,True,-0.3440428830621748,-0.21467788955889067,True,0.010745955411726295,0.11156122666040998,True,NaN,NaN,False,0.462180927544058,0.04652110557703069,True
1446,48.2,NaN,NaN,False,0.4332518363831269,0.37245938759181285,True,-0.17711253214868372,0.0071534944003043555,True,-0.36000150427012256,-0.22654425162500302,True,-0.01904897824293131,0.147766467117393,True,NaN,NaN,False,0.44948034289892597,0.08066701340410966,True
1449,48.3,NaN,NaN,False,0.433771640867762,0.371494820203848,True,-0.18505481106231197,0.05132366022933578,True,-0.37368022767175635,-0.233907392157851,True,-0.05426124624911908,0.18936417740808825,True,NaN,NaN,False,0.4236467143295245,0.11377866420756616,True
1452,48.4,NaN,NaN,False,0.43397142032044705,0.3702537305875299,True,-0.17375408541707488,0.08275539994485377,True,-0.3911380060363185,-0.2425702061965709,True,-0.07889110120853508,0.22563921139063756,True,NaN,NaN,False,0.4023623827032417,0.11236820601599865,True
1455,48.5,NaN,NaN,False,0.4279016319826518,0.37295606680232646,True,-0.15695825158895435,0.11202493615401046,True,-0.41796784717504265,-0.25099692359921477,True,NaN,NaN,False,NaN,NaN,False,0.36700255711136426,0.11243211939746474,True
1458,48.6,NaN,NaN,False,0.42657837209121396,0.3718940035844329,True,-0.14089099412628844,0.1470792904302337,True,-0.4294822239754702,-0.2572109386577302,True,NaN,NaN,False,NaN,NaN,False,0.3262769523142279,0.1183341680640239,True
1461,48.7,NaN,NaN,False,0.42618737745398566,0.3712027359169026,True,-0.11577357455358558,0.18668127717233793,True,NaN,NaN,False,NaN,NaN,False,NaN,NaN,False,0.2864517355749626,0.13864875076164437,True
1464,48.8,NaN,NaN,False,0.4260434509381131,0.3716406204096285,True,-0.10293368341973252,0.22658881482040952,True,NaN,NaN,False,NaN,NaN,False,NaN,NaN,False,0.25179810176112893,0.16949773097128043,True
1467,48.9,NaN,NaN,False,0.42641810521013673,0.3728000493543004,True,-0.09069396898677032,0.26935992032595657,True,NaN,NaN,False,NaN,NaN,False,NaN,NaN,False,0.2217184960763201,0.2002953784452796,True
1470,49.0,NaN,NaN,False,0.4279547429054773,0.37359870104835163,True,-0.07559871474455676,0.3097811703400559,True,NaN,NaN,False,NaN,NaN,False,NaN,NaN,False,0.19354243988275657,0.2381893634202284,True
1473,49.1,NaN,NaN,False,0.4306534943766101,0.37380324468730713,True,-0.0684018560107992,0.34805981640326256,True,NaN,NaN,False,NaN,NaN,False,NaN,NaN,False,0.17106621559947474,0.27628997778971387,True
1476,49.2,NaN,NaN,False,0.40701652726083865,0.3876028863553692,True,-0.0623024322697264,0.38420123874121637,True,NaN,NaN,False,NaN,NaN,False,NaN,NaN,False,0.1491520754729311,0.31608086653910183,True
1479,49.3,NaN,NaN,False,0.38103625134944985,0.3944908909808046,True,-0.06225255146583022,0.4230404521439064,True,NaN,NaN,False,NaN,NaN,False,NaN,NaN,False,0.12027038682126015,0.35806496998108556,True
1482,49.4,NaN,NaN,False,0.34759296896921105,0.4003389242688026,True,-0.051225318807918675,0.43873645789977966,True,NaN,NaN,False,NaN,NaN,False,NaN,NaN,False,0.09976546631058222,0.39292865541224425,True
1485,49.5,NaN,NaN,False,0.31473805777725317,0.40746357608695916,True,-0.03258332994868413,0.45925931583640245,True,NaN,NaN,False,NaN,NaN,False,NaN,NaN,False,0.07736675987569903,0.42542738133420643,True
1488,49.6,NaN,NaN,False,0.28112551567273203,0.41929087226429207,True,-0.016152228271512196,0.47445131433900334,True,NaN,NaN,False,NaN,NaN,False,NaN,NaN,False,0.06494879250272745,0.44773849901085055,True
1491,49.7,NaN,NaN,False,0.24759552372456725,0.4420564226416488,True,0.007985685126730088,0.4874362673995803,True,NaN,NaN,False,NaN,NaN,False,NaN,NaN,False,0.05646225504369297,0.4481833702327778,True
1494,49.8,NaN,NaN,False,0.22399885328590388,0.4653175859389979,True,0.003705884056887545,0.4911368084557793,True,NaN,NaN,False,NaN,NaN,False,NaN,NaN,False,0.03879607050398571,0.4506072111529529,True
1497,49.9,NaN,NaN,False,0.21126029764562362,0.4593490248082348,True,0.03558791443147589,0.47605022983434503,True,NaN,NaN,False,NaN,NaN,False,NaN,NaN,False,0.011849294042635204,0.4513294918759076,True
1500,50.0,NaN,NaN,False,0.20515828730776386,0.45607032573976636,True,0.029176624815595117,0.4695950976473266,True,NaN,NaN,False,NaN,NaN,False,NaN,NaN,False,-0.02072548752960657,0.4713066712559634,True
1503,50.1,NaN,NaN,False,0.19718536758769645,0.4527221107635134,True,0.06355867476660308,0.42784063058153643,True,NaN,NaN,False,NaN,NaN,False,NaN,NaN,False,-0.04322425088235871,0.47073362389874557,True
1506,50.2,NaN,NaN,False,0.19129936046571516,0.4398077761804932,True,0.07499478761345926,0.3945019425945523,True,NaN,NaN,False,NaN,NaN,False,NaN,NaN,False,-0.06508031187752636,0.4685678673291272,True
1509,50.3,NaN,NaN,False,0.18160395640952462,0.42590492131909663,True,0.0849800216374881,0.36139674076275596,True,NaN,NaN,False,NaN,NaN,False,NaN,NaN,False,-0.08157999801223097,0.45049372647825325,True
1512,50.4,NaN,NaN,False,0.1729688453943501,0.4044492468075615,True,0.10089919006514617,0.32466686442799897,True,NaN,NaN,False,NaN,NaN,False,NaN,NaN,False,-0.10307004602173103,0.41853582542844014,True
1515,50.5,NaN,NaN,False,0.16442257414991518,0.3980996316668038,True,0.12782686776792682,0.284604313431601,True,NaN,NaN,False,NaN,NaN,False,NaN,NaN,False,-0.12333288910712684,0.3800237585207499,True
1518,50.6,NaN,NaN,False,0.1548524978916475,0.3580286590976713,True,0.15880628978013708,0.24949634373946442,True,NaN,NaN,False,NaN,NaN,False,NaN,NaN,False,-0.13405935285878917,0.33636450340740354,True
1521,50.7,NaN,NaN,False,0.1502694752285958,0.3196232069848653,True,0.1912430724546219,0.22298743891839157,True,NaN,NaN,False,NaN,NaN,False,NaN,NaN,False,-0.15103486280923353,0.29012591063570176,True
1524,50.8,NaN,NaN,False,0.1455741592909903,0.28148736060452934,True,0.22840718734474627,0.2014398946656848,True,NaN,NaN,False,NaN,NaN,False,NaN,NaN,False,-0.1683351594072645,0.2462438140515073,True
1527,50.9,NaN,NaN,False,0.14999352528424234,0.24148904390107484,True,0.27577472063328334,0.19429854105940067,True,NaN,NaN,False,NaN,NaN,False,NaN,NaN,False,-0.19210968184915997,0.20464264291842513,True
1530,51.0,NaN,NaN,False,0.15589342637355175,0.20240434218830655,True,NaN,NaN,False,NaN,NaN,False,NaN,NaN,False,NaN,NaN,False,-0.22440607578444244,0.1672686036513223,True
1533,51.1,NaN,NaN,False,0.16581367396496258,0.16345107178119686,True,NaN,NaN,False,NaN,NaN,False,NaN,NaN,False,NaN,NaN,False,-0.25743584798922325,0.1378519131295475,True
1536,51.2,NaN,NaN,False,0.1833705324821096,0.12562670145704954,True,0.421272930496288,0.27977281409569943,True,NaN,NaN,False,NaN,NaN,False,NaN,NaN,False,-0.29008022753689533,0.11468755026038122,True
1539,51.3,NaN,NaN,False,0.20129835994406656,0.09149948066211243,True,0.4409006233823761,0.30628757706790605,True,NaN,NaN,False,NaN,NaN,False,NaN,NaN,False,-0.326939962751341,0.0908269777264903,True
1542,51.4,NaN,NaN,False,0.22003219133260388,0.06011666534708852,True,0.455806436378945,0.33326541321184094,True,NaN,NaN,False,NaN,NaN,False,NaN,NaN,False,-0.35963875480025737,0.06784164762031476,True
1545,51.5,NaN,NaN,False,0.2389738705130594,0.02761261543370455,True,0.45764375083261905,0.35125602660384536,True,NaN,NaN,False,NaN,NaN,False,NaN,NaN,False,-0.3924357727759435,0.05300122373617143,True
1548,51.6,NaN,NaN,False,0.2584597656254552,-0.0035126651372646596,True,0.42671603713409617,0.3875908628708799,True,NaN,NaN,False,NaN,NaN,False,NaN,NaN,False,-0.42126634226030324,0.04027819775398723,True
1551,51.7,NaN,NaN,False,0.27079131853111926,-0.03330600607626776,True,0.4127693807297355,0.3860775998481129,True,NaN,NaN,False,NaN,NaN,False,NaN,NaN,False,-0.4511398768391088,0.02489430088161253,True
1554,51.8,NaN,NaN,False,0.27823878989709655,-0.06543262830786027,True,0.376767464848363,0.379333561633921,True,NaN,NaN,False,NaN,NaN,False,NaN,NaN,False,-0.46130855219337086,-0.006872137709733905,True
1557,51.9,NaN,NaN,False,0.27720563817257915,-0.09888404118187745,True,0.34147398644161947,0.3752948956540256,True,NaN,NaN,False,NaN,NaN,False,NaN,NaN,False,-0.46387384673862986,-0.039936793568986016,True
1560,52.0,NaN,NaN,False,0.26489427051235054,-0.1325003687007172,True,0.3044132119519597,0.3666735185078886,True,NaN,NaN,False,NaN,NaN,False,NaN,NaN,False,-0.4580838035467854,-0.07889167091819,True
1563,52.1,NaN,NaN,False,0.2414947639194988,-0.15853876668019967,True,0.26787871289063436,0.3466499432751774,True,NaN,NaN,False,NaN,NaN,False,NaN,NaN,False,-0.4296720220349552,-0.10426524350460592,True
1566,52.2,NaN,NaN,False,0.2366527572163701,-0.1725831258351965,True,0.23577887189170094,0.31940881376897523,True,NaN,NaN,False,NaN,NaN,False,NaN,NaN,False,-0.4042037704120588,-0.1123212852729312,True
1569,52.3,NaN,NaN,False,0.21557551419021145,-0.19370815546955358,True,0.20645114723669725,0.2890925437131937,True,NaN,NaN,False,NaN,NaN,False,NaN,NaN,False,-0.3733567523561002,-0.1273267776925266,True
1572,52.4,NaN,NaN,False,0.18711957776497223,-0.21834478983838887,True,0.18126692842146272,0.25657526629988114,True,NaN,NaN,False,NaN,NaN,False,NaN,NaN,False,-0.3385670852275847,-0.14183146829673557,True
1575,52.5,NaN,NaN,False,0.17589801191590376,-0.24309477669900173,True,0.17346251862615727,0.25431570723389046,True,0.22885300501205524,-0.1302750712099259,True,NaN,NaN,False,NaN,NaN,False,-0.29987552367945197,-0.14797381504654347,True
1578,52.6,NaN,NaN,False,0.1722817244066069,-0.27102561868243913,True,0.13848278020557148,0.21398560926894505,True,0.2258097802307019,-0.10585751700773836,True,NaN,NaN,False,NaN,NaN,False,-0.2585339187037129,-0.16495525570315514,True
1581,52.7,NaN,NaN,False,0.16466056007202387,-0.3007368301017633,True,0.12235091909129711,0.17264209512655454,True,0.20768386627439112,-0.08576040808625515,True,NaN,NaN,False,NaN,NaN,False,-0.21848479706322388,-0.19166765873631725,True
1584,52.8,NaN,NaN,False,0.15373822184387542,-0.33239930627244074,True,0.11445700508663476,0.1318748383121873,True,0.21009496635331434,-0.051971783053519995,True,NaN,NaN,False,NaN,NaN,False,-0.1769206707192883,-0.2147880380531014,True
1587,52.9,NaN,NaN,False,0.13778166188120056,-0.3639160000995189,True,0.10673209098167123,0.09039942933065484,True,0.20904460907117917,-0.03305996924079189,True,0.24536206603043417,-0.11373105514181413,True,NaN,NaN,False,-0.13416281305310934,-0.23482369233861633,True
1590,53.0,NaN,NaN,False,0.11627691672288623,-0.3949695766095887,True,0.09719283490297642,0.04672117536900338,True,0.2069524332912936,0.001158291514154521,True,0.25379469940213095,-0.07357827474448934,True,NaN,NaN,False,-0.09206798799514666,-0.2506595243799083,True
1593,53.1,NaN,NaN,False,0.09326383322235558,-0.42394644394635583,True,0.08780966308087623,0.000848956754571734,True,0.2047867711574595,0.02223939253169916,True,0.25045085308671233,-0.028175226032269664,True,NaN,NaN,False,-0.04919386662648511,-0.2685082713322936,True
1596,53.2,NaN,NaN,False,0.06714606627342679,-0.4461237371712417,True,0.08517729234111403,-0.04383656274586573,True,0.1967320908306877,0.04796749461911378,True,0.24679433072969334,0.019384615209536143,True,NaN,NaN,False,-0.004137848952162265,-0.2910719146779286,True
1599,53.3,NaN,NaN,False,0.04089563265523955,-0.46113464823682787,True,0.08857842294417392,-0.08985007745037034,True,0.17224387626204615,0.07636176471136262,True,0.24702015368471336,0.06965480169401385,True,NaN,NaN,False,0.03925463673520779,-0.3057230021098205,True
1602,53.4,NaN,NaN,False,0.01235249210194444,-0.47193105530769675,True,0.09133075536519801,-0.13512820524812885,True,0.14045019541281034,0.09431948939917033,True,NaN,NaN,False,NaN,NaN,False,0.07999206684993247,-0.3211188275502208,True
1605,53.5,NaN,NaN,False,-0.01724497245054122,-0.4802186761235762,True,0.10411588578812359,-0.1790128936478274,True,0.13599776991863843,0.09295964205061519,True,NaN,NaN,False,NaN,NaN,False,0.12098151304869853,-0.33670481589166357,True
1608,53.6,NaN,NaN,False,-0.03846755322401712,-0.47086308716456454,True,0.1219117185992755,-0.22088981769461202,True,0.10688747634702155,0.13071526957410673,True,NaN,NaN,False,NaN,NaN,False,0.15931566902077574,-0.3605160003395714,True
1611,53.7,NaN,NaN,False,-0.05795895846324892,-0.45199575326533853,True,0.14836213390735015,-0.25888629460718593,True,0.09600069307668847,0.1513727074311127,True,NaN,NaN,False,NaN,NaN,False,0.196352571696313,-0.3870131340193049,True
1614,53.8,NaN,NaN,False,-0.060399217684303265,-0.42678817567170113,True,0.17990410100943913,-0.29526045036917636,True,0.08598202782305094,0.1687806682769504,True,NaN,NaN,False,NaN,NaN,False,0.23275180356242733,-0.4171694019154518,True
1617,53.9,NaN,NaN,False,-0.062200052988911105,-0.3953794090323013,True,0.2129275778086508,-0.32713171471480984,True,0.08663995402657014,0.19233048158457902,True,NaN,NaN,False,NaN,NaN,False,0.27270975754252424,-0.4401583872232615,True
1620,54.0,NaN,NaN,False,-0.06367254158038088,-0.36311488683088433,True,0.24170956281930553,-0.3568477859963848,True,0.07445126093321609,0.21509695547838745,True,NaN,NaN,False,NaN,NaN,False,0.3125589147625338,-0.4571850633214487,True
1623,54.1,NaN,NaN,False,-0.06004963105486756,-0.33276744260204366,True,0.27129718561772764,-0.38287422555022066,True,0.07356032552333377,0.2365657641598159,True,NaN,NaN,False,NaN,NaN,False,0.33897260656552236,-0.4655825267908948,True
1626,54.2,NaN,NaN,False,-0.04872596653640103,-0.30095245797059184,True,0.3026982728073617,-0.4108031411652512,True,0.059048464712292706,0.2728408520467461,True,NaN,NaN,False,NaN,NaN,False,0.358155194334526,-0.4605675458422673,True
1629,54.3,NaN,NaN,False,-0.027256170326499997,-0.26811406203228194,True,0.3185153546273419,-0.425144848465967,True,0.058031770460499114,0.29568621932162,True,NaN,NaN,False,NaN,NaN,False,0.36885995882610206,-0.4546709468257383,True
1632,54.4,NaN,NaN,False,0.0009198098573995801,-0.2367566446722533,True,0.30944513350277125,-0.4213691192195074,True,0.05780089806879001,0.3230974690124733,True,NaN,NaN,False,NaN,NaN,False,0.38255053027931524,-0.44184061910166245,True
1635,54.5,NaN,NaN,False,0.028165101527721864,-0.21621059111865437,True,0.31811372908559116,-0.4539897847524495,True,0.0386250887783419,0.35077838566016883,True,NaN,NaN,False,NaN,NaN,False,0.37386453041853923,-0.41674997061744756,True
1638,54.6,NaN,NaN,False,0.05686444403241885,-0.2046938993850743,True,0.3063315485858055,-0.47994457594650225,True,0.03179012644198525,0.37746034142772994,True,NaN,NaN,False,NaN,NaN,False,0.3796646407250495,-0.38757027191963594,True
1641,54.7,NaN,NaN,False,0.08781294008437734,-0.20051928047119008,True,0.28774089017698457,-0.48746923065219355,True,0.021043497293060712,0.40012103516963987,True,NaN,NaN,False,NaN,NaN,False,0.3929261455102476,-0.35205069494775254,True
1644,54.8,NaN,NaN,False,0.1189902187122539,-0.2028187439397524,True,0.26262925597249015,-0.4812327565169213,True,NaN,NaN,False,NaN,NaN,False,NaN,NaN,False,0.40185010859049014,-0.31259428556975266,True
1647,54.9,NaN,NaN,False,0.15152099609043362,-0.21064547977153145,True,0.23653799412590443,-0.47057030927574806,True,NaN,NaN,False,NaN,NaN,False,NaN,NaN,False,0.4144144452237552,-0.2681802707052823,True
1650,55.0,NaN,NaN,False,0.18665263432454013,-0.2219114414767697,True,0.2046803352403429,-0.4472104200467937,True,NaN,NaN,False,NaN,NaN,False,NaN,NaN,False,0.4283544718717346,-0.22376883277500276,True
1653,55.1,NaN,NaN,False,0.2209975963021099,-0.23736785305010843,True,0.19024480793517878,-0.41511707157641964,True,NaN,NaN,False,NaN,NaN,False,NaN,NaN,False,0.43736761887996706,-0.18833974071103424,True
1656,55.2,NaN,NaN,False,0.2545290890480593,-0.2529134453715398,True,0.17883068650729766,-0.38953129869101766,True,NaN,NaN,False,NaN,NaN,False,NaN,NaN,False,0.42214465898562514,-0.16065905686995183,True
1659,55.3,NaN,NaN,False,0.2839450987753045,-0.27919068987468904,True,0.16745749959518552,-0.35973185874737956,True,NaN,NaN,False,NaN,NaN,False,NaN,NaN,False,0.4040170883849391,-0.15530517284782575,True
1662,55.4,NaN,NaN,False,0.297727836699278,-0.3056103145668335,True,0.15036890385261725,-0.3281137267903269,True,NaN,NaN,False,NaN,NaN,False,NaN,NaN,False,0.38374360006024594,-0.17092417839111232,True
1665,55.5,NaN,NaN,False,0.307841720406712,-0.3362975459361747,True,0.12474792340411979,-0.29621314077950917,True,NaN,NaN,False,NaN,NaN,False,NaN,NaN,False,0.35809829602221166,-0.1990658421716511,True
1668,55.6,NaN,NaN,False,0.3137076608312925,-0.3699012004999147,True,0.09406577601186668,-0.2628714473081425,True,NaN,NaN,False,NaN,NaN,False,NaN,NaN,False,0.3500626532623651,-0.23652169985110158,True
1671,55.7,NaN,NaN,False,0.31659375041695215,-0.4049343398855031,True,0.06828251384473097,-0.2360265733301014,True,NaN,NaN,False,NaN,NaN,False,NaN,NaN,False,0.3427551944830578,-0.28104668248058284,True
1674,55.8,NaN,NaN,False,0.31756735164814087,-0.44353134215222456,True,0.039823668283835344,-0.21250224248891603,True,NaN,NaN,False,NaN,NaN,False,NaN,NaN,False,0.3463198827047256,-0.3266120775833147,True
1677,55.9,NaN,NaN,False,0.31293676748103716,-0.46997776422489357,True,0.009858432712820045,-0.19025813324806215,True,NaN,NaN,False,NaN,NaN,False,NaN,NaN,False,0.3551151418347067,-0.3700001050659059,True
1680,56.0,NaN,NaN,False,0.29635228765541033,-0.48411638755516534,True,-0.0229548765356835,-0.17013246728604062,True,NaN,NaN,False,NaN,NaN,False,NaN,NaN,False,0.3664360080942933,-0.40992139594944316,True
1683,56.1,NaN,NaN,False,0.28030817937530794,-0.4866637954745322,True,-0.05988388729630668,-0.1536923166653294,True,NaN,NaN,False,NaN,NaN,False,NaN,NaN,False,0.3565030864842285,-0.4454139413254265,True
1686,56.2,NaN,NaN,False,0.27408684272153766,-0.4916450834633853,True,-0.09623929166296825,-0.13715641104439655,True,NaN,NaN,False,NaN,NaN,False,NaN,NaN,False,0.34188714639277734,-0.46997335319024836,True
1689,56.3,NaN,NaN,False,0.24843924988161273,-0.4774705462002455,True,-0.13086230331112708,-0.12325612925028719,True,NaN,NaN,False,NaN,NaN,False,NaN,NaN,False,0.3252857471784434,-0.4793726138744597,True
1692,56.4,NaN,NaN,False,0.22848731185909552,-0.46303017280656317,True,-0.16738450919333223,-0.11570017699249248,True,NaN,NaN,False,NaN,NaN,False,NaN,NaN,False,0.299897368772988,-0.48828511747936804,True
1695,56.5,NaN,NaN,False,0.21235862989205512,-0.4403453019809449,True,-0.20608581259382164,-0.10759318061638698,True,NaN,NaN,False,NaN,NaN,False,NaN,NaN,False,0.2740615700185652,-0.486286695638921,True
1698,56.6,NaN,NaN,False,0.20312463348411644,-0.40716716521576835,True,-0.24437119191466916,-0.09613932760614866,True,NaN,NaN,False,NaN,NaN,False,NaN,NaN,False,0.24640841420549878,-0.47913590289133884,True
1701,56.7,NaN,NaN,False,0.17814869168276581,-0.3816242267253158,True,-0.28562710118211837,-0.08087668834143108,True,NaN,NaN,False,NaN,NaN,False,NaN,NaN,False,0.2159110204100587,-0.4492872349562829,True
1704,56.8,NaN,NaN,False,0.1508571495652206,-0.35724864462817263,True,-0.32679692054386134,-0.06530553105845238,True,NaN,NaN,False,NaN,NaN,False,NaN,NaN,False,0.1979191449996306,-0.4207954600901422,True
1707,56.9,NaN,NaN,False,0.12050104620204294,-0.336866788620567,True,-0.3671930372085943,-0.05957291643673154,True,NaN,NaN,False,NaN,NaN,False,NaN,NaN,False,0.18429286389494767,-0.38727585492528066,True
1710,57.0,NaN,NaN,False,0.08978851928110748,-0.3167794161264353,True,-0.4077101663753882,-0.05493234182751465,True,NaN,NaN,False,NaN,NaN,False,NaN,NaN,False,0.17143509331715176,-0.34748925367504374,True
1713,57.1,NaN,NaN,False,0.05605813837281284,-0.2896659902497128,True,-0.43758116288582566,-0.0566697686638267,True,NaN,NaN,False,NaN,NaN,False,NaN,NaN,False,0.1549386812221397,-0.29874213131440613,True
1716,57.2,NaN,NaN,False,0.03963964409829244,-0.26631873848315,True,-0.454081831192625,-0.06915852445599989,True,NaN,NaN,False,NaN,NaN,False,NaN,NaN,False,0.1523759502954663,-0.2663973606792763,True
1719,57.3,NaN,NaN,False,0.03071410886734979,-0.24136282939249917,True,-0.454062026099095,-0.08064933309073621,True,NaN,NaN,False,NaN,NaN,False,NaN,NaN,False,0.13641565832600847,-0.22987690607189631,True
1722,57.4,NaN,NaN,False,0.02536344065020852,-0.21286132704761138,True,-0.44000077475884963,-0.10289120037056688,True,NaN,NaN,False,NaN,NaN,False,NaN,NaN,False,0.10577456988405283,-0.188024438388139,True
1725,57.5,NaN,NaN,False,0.026937654055095676,-0.18108260342168533,True,-0.4172177576694478,-0.11552476185166452,True,NaN,NaN,False,NaN,NaN,False,NaN,NaN,False,0.07593827151882225,-0.14921725017570464,True
1728,57.6,NaN,NaN,False,0.023455204488920717,-0.14733809022754238,True,-0.39206952108159965,-0.13306814601983324,True,NaN,NaN,False,NaN,NaN,False,NaN,NaN,False,0.064261863804232,-0.11812609496350206,True
1731,57.7,NaN,NaN,False,0.005436936244847926,-0.11066372281210833,True,-0.36060134963494755,-0.14136329963823013,True,NaN,NaN,False,0.39223977013144284,-0.07403824733451689,True,NaN,NaN,False,0.05144407366760232,-0.0802062363423529,True
1734,57.8,NaN,NaN,False,-0.017017996624111825,-0.08683214124240644,True,-0.3271710083379384,-0.14897793985406832,True,NaN,NaN,False,0.37273974658416853,-0.022795332986883608,True,NaN,NaN,False,0.03950871426169022,-0.03963712341308117,True
1737,57.9,NaN,NaN,False,-0.04039016181779976,-0.06929555345329914,True,-0.291568194092174,-0.16550540324301174,True,NaN,NaN,False,0.3555861914419977,-0.044405351566951606,True,NaN,NaN,False,0.016658058975145995,-0.0015813779438061616,True
1740,58.0,NaN,NaN,False,-0.0668052340202706,-0.05410804232380434,True,-0.2525712590348075,-0.1903156782786691,True,NaN,NaN,False,0.3254851250022964,-0.04448592675259496,True,NaN,NaN,False,-0.014412824341736605,0.0032807597596587927,True
1743,58.1,NaN,NaN,False,-0.09585079592622793,-0.037511447113348424,True,-0.21692508355333467,-0.21004337270668946,True,NaN,NaN,False,0.31726381780357593,-0.045385707389082625,True,NaN,NaN,False,-0.05038909167063193,0.006918065841834208,True
1746,58.2,NaN,NaN,False,-0.12039730483185065,-0.017793685521002477,True,-0.18068052549936278,-0.2259213660521886,True,NaN,NaN,False,0.32144107626986507,-0.03478317406562987,True,NaN,NaN,False,-0.09094320979351289,0.014966654690373967,True
1749,58.3,NaN,NaN,False,-0.14770190381980342,0.004164920539353016,True,-0.14167992824234651,-0.2392680160799353,True,NaN,NaN,False,0.3162329304258964,-0.02738563725167428,True,NaN,NaN,False,-0.1280158205463491,0.030376309924222408,True
1752,58.4,NaN,NaN,False,-0.17811407095091253,0.026576544220295515,True,-0.10202413044880666,-0.2518140422029652,True,NaN,NaN,False,0.30621164198256606,-0.031023553704512388,True,NaN,NaN,False,-0.16533894353685386,0.05413755365885397,True
1755,58.5,NaN,NaN,False,-0.2186161409277942,0.042008203963223203,True,-0.06247818866705151,-0.2570699866473908,True,NaN,NaN,False,0.30987782932214386,-0.03441357275554623,True,NaN,NaN,False,-0.19011902981660417,0.08995074104171696,True
1758,58.6,NaN,NaN,False,-0.2568996062805392,0.04485475452670407,True,-0.02357334404063674,-0.25772999709325645,True,NaN,NaN,False,0.3034696177455598,-0.029827929453532225,True,NaN,NaN,False,-0.212591660205336,0.12813469916828446,True
1761,58.7,NaN,NaN,False,-0.29458819468567127,0.04111073118940294,True,NaN,NaN,False,NaN,NaN,False,0.3030179336760784,-0.011623077311520093,True,NaN,NaN,False,-0.23189142430569548,0.16592268606437854,True
1764,58.8,NaN,NaN,False,-0.3314996718898757,0.03892280112907076,True,NaN,NaN,False,NaN,NaN,False,0.34540260103534803,-0.0072969147910159566,True,NaN,NaN,False,-0.24988219085764576,0.2068608321269479,True
1767,58.9,NaN,NaN,False,-0.369240033902351,0.03964465341306673,True,NaN,NaN,False,NaN,NaN,False,0.3951961321024607,0.08600208408576178,True,NaN,NaN,False,-0.26823536231652056,0.2523645671803269,True
1770,59.0,NaN,NaN,False,-0.4028334739326965,0.03944425572429457,True,NaN,NaN,False,NaN,NaN,False,0.38993233084811363,0.05762144275958401,True,NaN,NaN,False,-0.2872610699133765,0.3022319240341651,True
1773,59.1,NaN,NaN,False,-0.41605330094318016,0.043009686534371476,True,NaN,NaN,False,NaN,NaN,False,0.38314598731671934,0.008421324480464669,True,NaN,NaN,False,-0.3108170189008908,0.3496511436326939,True
1776,59.2,NaN,NaN,False,-0.44808989435050417,0.014682253188347195,True,NaN,NaN,False,NaN,NaN,False,0.40755353010252154,-0.15900072678226396,True,NaN,NaN,False,-0.33594945448541463,0.39363734533624334,True
1779,59.3,NaN,NaN,False,-0.46142054515495046,-0.011297184496865802,True,0.26707109788130046,-0.21902640058838577,True,NaN,NaN,False,NaN,NaN,False,NaN,NaN,False,-0.3494504086322286,0.4270637246142309,True
1782,59.4,NaN,NaN,False,-0.47229229345415974,-0.03227506216113781,True,0.30022843160070684,-0.20010811852779273,True,NaN,NaN,False,NaN,NaN,False,NaN,NaN,False,-0.3404415981900057,0.447865286248444,True
1785,59.5,NaN,NaN,False,-0.4600436724588496,-0.06854267671434879,True,0.3309969521749327,-0.1732683015172786,True,-0.11347248955900623,0.21404425596908433,True,NaN,NaN,False,NaN,NaN,False,-0.31734053863794065,0.47341279999902525,True
1788,59.6,NaN,NaN,False,-0.44120704087762874,-0.10161423894472342,True,0.34141499588782415,-0.14276066927983652,True,-0.11529587785516685,0.19378349390786917,True,NaN,NaN,False,NaN,NaN,False,-0.2957927200180129,0.47135391603474464,True
1791,59.7,NaN,NaN,False,-0.4157174138625987,-0.11360521007625854,True,0.3363216050379161,-0.11399539577240721,True,-0.12162255288402192,0.16540776169832136,True,NaN,NaN,False,NaN,NaN,False,-0.2642979035210284,0.47522564844830767,True
1794,59.8,NaN,NaN,False,-0.38023434207454426,-0.12006086098754194,True,0.32763173825836617,-0.08650969937865753,True,-0.12889886917329296,0.1616408308854503,True,NaN,NaN,False,NaN,NaN,False,-0.2290059035449453,0.4648548325067662,True
1797,59.9,NaN,NaN,False,-0.3431788752792439,-0.12209507616627836,True,0.31923628998498094,-0.053021842020837665,True,NaN,NaN,False,NaN,NaN,False,NaN,NaN,False,-0.19394651239346727,0.434863459329776,True
1800,60.0,NaN,NaN,False,-0.30959005459965266,-0.1284286736342206,True,0.3112165874984852,-0.02350687693462849,True,NaN,NaN,False,0.1235380010472883,0.11488429517644183,True,NaN,NaN,False,-0.1799035754185889,0.408435050908851,True
1803,60.1,NaN,NaN,False,-0.2768506077942066,-0.13924961081909448,True,0.30069910012471535,0.009660060840594781,True,NaN,NaN,False,0.150248921341279,0.08048363908847762,True,NaN,NaN,False,-0.1815877163024162,0.37189460507171257,True
1806,60.2,NaN,NaN,False,-0.24178968209805704,-0.14966556655499297,True,0.2853405472631557,0.04486422087464326,True,NaN,NaN,False,0.17020958451062324,0.042771859276112566,True,NaN,NaN,False,-0.18024291680683666,0.33388461872873604,True
1809,60.3,NaN,NaN,False,-0.20403094802865396,-0.1607014207281257,True,0.26402032282561866,0.08372877489195335,True,NaN,NaN,False,0.18238966348381228,-0.0018877379275947805,True,NaN,NaN,False,-0.17312609904028312,0.28923898283760974,True
1812,60.4,NaN,NaN,False,-0.16532422884435466,-0.17544849878576343,True,0.24006163557618074,0.11908670211606447,True,NaN,NaN,False,0.20271605608980406,-0.05100151650710785,True,NaN,NaN,False,-0.16519055643869407,0.24519960506706323,True
1815,60.5,NaN,NaN,False,-0.1319395269319677,-0.20062472961088978,True,0.20988503124477942,0.15067467043877927,True,NaN,NaN,False,0.22219095341907208,-0.09942379202959403,True,NaN,NaN,False,-0.16281940858505053,0.19789143151327276,True
1818,60.6,NaN,NaN,False,-0.10180863188785244,-0.22842017317127353,True,0.1779169294118843,0.17623975771539643,True,NaN,NaN,False,0.2503452494202219,-0.14676403144581707,True,NaN,NaN,False,-0.16796789119791322,0.15154993078115866,True
1821,60.7,NaN,NaN,False,-0.07180986821689865,-0.2551473253342469,True,0.1467491567308569,0.1968408332792022,True,NaN,NaN,False,0.2902395616899264,-0.19271351643214515,True,NaN,NaN,False,-0.18268396983965873,0.10930255782403091,True
1824,60.8,NaN,NaN,False,-0.04289503697063525,-0.28178498044402545,True,0.1162314674595675,0.21069829386911582,True,-0.3018310638688464,-0.00773998008523834,True,0.32321069389430246,-0.22585204048980015,True,NaN,NaN,False,-0.20748270931312562,0.07057009910259504,True
1827,60.9,NaN,NaN,False,-0.02025802100434683,-0.31021747910443515,True,0.08186160018177882,0.22082129558057934,True,-0.3144232260995769,-0.034726727852688065,True,0.3699069366069742,-0.255974617512728,True,NaN,NaN,False,-0.23625909964882644,0.03704617756316956,True
1830,61.0,NaN,NaN,False,-0.0021181128572963946,-0.3395754000440913,True,0.04273818102680128,0.22359275535115178,True,-0.31797482480044154,-0.03853054470238642,True,NaN,NaN,False,NaN,NaN,False,-0.26672204606494376,0.005871139645481379,True
1833,61.1,NaN,NaN,False,0.009912504964913754,-0.36852534910775286,True,0.004315577937138448,0.22110821704916592,True,-0.34421054598063094,-0.06954936270884789,True,NaN,NaN,False,NaN,NaN,False,-0.28580382053211945,-0.02133346213543669,True
1836,61.2,NaN,NaN,False,0.017718593472810365,-0.3986655359475076,True,-0.03696566241931631,0.20998146648296906,True,-0.35015177694987626,-0.10215270437186082,True,NaN,NaN,False,NaN,NaN,False,-0.302569832606596,-0.05580419474401539,True
1839,61.3,NaN,NaN,False,0.022470177330720938,-0.43119797487360106,True,-0.07909323681988674,0.18755598878649507,True,-0.347317912937863,-0.10433979161612174,True,NaN,NaN,False,NaN,NaN,False,-0.3158507505021829,-0.09508235431124272,True
1842,61.4,NaN,NaN,False,0.02416061067462047,-0.46515615914166913,True,-0.11696194253454711,0.1575538534366145,True,-0.3533715171428345,-0.14044339301299272,True,NaN,NaN,False,NaN,NaN,False,-0.3152533714220956,-0.13854995115741628,True
1845,61.5,NaN,NaN,False,0.0299276130699763,-0.48614813985526356,True,-0.14231027734295124,0.12914082438857338,True,-0.3410690338400764,-0.1531342588521941,True,NaN,NaN,False,NaN,NaN,False,-0.2984420490876093,-0.1841396374131207,True
1848,61.6,NaN,NaN,False,0.04141090600257855,-0.49276474648714635,True,-0.15920746627127808,0.09523537576421431,True,-0.325719715442968,-0.19147951843050506,True,NaN,NaN,False,NaN,NaN,False,-0.28525190038506903,-0.23116133066174602,True
1851,61.7,NaN,NaN,False,0.05628926492228001,-0.49127128794580077,True,-0.16968455022968532,0.056472109591378106,True,-0.3256705150557497,-0.23748833952555656,True,NaN,NaN,False,NaN,NaN,False,-0.2703722539240256,-0.2764646139134614,True
1854,61.8,NaN,NaN,False,0.07372150581265423,-0.4746373596440803,True,-0.17189103576848141,0.015990763594046466,True,-0.3376680400465829,-0.27014575363328713,True,NaN,NaN,False,NaN,NaN,False,-0.25786624699504995,-0.32055834905912123,True
1857,61.9,NaN,NaN,False,0.09612394538865379,-0.4617592504428106,True,-0.17121365051026888,-0.023046152938629084,True,NaN,NaN,False,NaN,NaN,False,NaN,NaN,False,-0.24653198809739027,-0.3657738023915823,True
1860,62.0,NaN,NaN,False,0.11421783687853462,-0.4444196482358773,True,-0.16760053307645348,-0.06106704822402884,True,NaN,NaN,False,NaN,NaN,False,NaN,NaN,False,-0.22790199071828646,-0.411264513572926,True
1863,62.1,NaN,NaN,False,0.12704094608146596,-0.4190234072727513,True,-0.1638743151842817,-0.10147556104347404,True,NaN,NaN,False,NaN,NaN,False,NaN,NaN,False,-0.2018447826583831,-0.4536718107929059,True
1866,62.2,NaN,NaN,False,NaN,NaN,False,-0.1558399664250899,-0.13940546083040864,True,NaN,NaN,False,NaN,NaN,False,NaN,NaN,False,-0.19535973080398245,-0.48051824469361204,True
1869,62.3,NaN,NaN,False,NaN,NaN,False,-0.14013703103996267,-0.17749959521245265,True,NaN,NaN,False,NaN,NaN,False,NaN,NaN,False,-0.2009959349854925,-0.4856801377261023,True
1872,62.4,NaN,NaN,False,NaN,NaN,False,-0.1275046230674817,-0.2079352905792595,True,NaN,NaN,False,NaN,NaN,False,NaN,NaN,False,-0.19750362562746274,-0.48941806796736814,True
1875,62.5,NaN,NaN,False,NaN,NaN,False,-0.09806299385691232,-0.2439841551007541,True,NaN,NaN,False,NaN,NaN,False,NaN,NaN,False,-0.18164630770220638,-0.4835844642576704,True
1878,62.6,NaN,NaN,False,NaN,NaN,False,-0.07498110928623108,-0.2745566437031688,True,NaN,NaN,False,NaN,NaN,False,NaN,NaN,False,-0.1592294439747158,-0.46757552749500997,True
1881,62.7,NaN,NaN,False,NaN,NaN,False,NaN,NaN,False,NaN,NaN,False,NaN,NaN,False,NaN,NaN,False,-0.14608770999756285,-0.44179314429509214,True
1884,62.8,NaN,NaN,False,NaN,NaN,False,NaN,NaN,False,NaN,NaN,False,NaN,NaN,False,NaN,NaN,False,-0.15255554337747246,-0.409301431054061,True
1887,62.9,NaN,NaN,False,NaN,NaN,False,NaN,NaN,False,NaN,NaN,False,NaN,NaN,False,NaN,NaN,False,-0.155780865781033,-0.3700878632607058,True
1890,63.0,NaN,NaN,False,NaN,NaN,False,NaN,NaN,False,NaN,NaN,False,NaN,NaN,False,NaN,NaN,False,-0.1707887033215114,-0.33269387219814406,True
1893,63.1,NaN,NaN,False,NaN,NaN,False,NaN,NaN,False,NaN,NaN,False,NaN,NaN,False,NaN,NaN,False,-0.19587405119410728,-0.29787686821682113,True
1896,63.2,NaN,NaN,False,0.449249967545794,-0.34069108329904463,True,NaN,NaN,False,NaN,NaN,False,NaN,NaN,False,NaN,NaN,False,-0.21573995265256565,-0.26169278592254835,True
1899,63.3,NaN,NaN,False,0.47592814727278315,-0.3237711436025751,True,NaN,NaN,False,NaN,NaN,False,NaN,NaN,False,NaN,NaN,False,-0.23956554579087092,-0.22432430932790387,True
1902,63.4,NaN,NaN,False,0.48224346825702225,-0.30655742481930065,True,NaN,NaN,False,NaN,NaN,False,NaN,NaN,False,NaN,NaN,False,-0.26781544197564755,-0.19101110616621397,True
1905,63.5,NaN,NaN,False,0.4883775266093938,-0.27630465087422956,True,NaN,NaN,False,NaN,NaN,False,NaN,NaN,False,NaN,NaN,False,-0.290059138235059,-0.15682105188406936,True
1908,63.6,NaN,NaN,False,0.4939179422383575,-0.24660396470690793,True,NaN,NaN,False,NaN,NaN,False,NaN,NaN,False,NaN,NaN,False,-0.3061016474888113,-0.11989181674265775,True
1911,63.7,NaN,NaN,False,0.48425652110935663,-0.21388927729154558,True,NaN,NaN,False,NaN,NaN,False,NaN,NaN,False,NaN,NaN,False,-0.3164349339424703,-0.07990567134998511,True
1914,63.8,NaN,NaN,False,0.46324412448174807,-0.1844298304759331,True,NaN,NaN,False,NaN,NaN,False,NaN,NaN,False,NaN,NaN,False,-0.31685876920233064,-0.03784751186508083,True
1917,63.9,NaN,NaN,False,0.43838834401461424,-0.1732530842925485,True,NaN,NaN,False,NaN,NaN,False,NaN,NaN,False,NaN,NaN,False,-0.3053397253545895,0.004439683901274648,True
1920,64.0,NaN,NaN,False,0.41181319694062213,-0.1696440298751448,True,NaN,NaN,False,-0.2884381020929992,-0.21784008116156792,True,NaN,NaN,False,NaN,NaN,False,-0.28425756029581845,0.04587852068468622,True
1923,64.1,NaN,NaN,False,0.38202117155405024,-0.16685221345664764,True,NaN,NaN,False,-0.2532185463023919,-0.21653659608387596,True,NaN,NaN,False,NaN,NaN,False,-0.25543017785971794,0.08434558722200372,True
1926,64.2,NaN,NaN,False,0.3489644732731511,-0.1644598349086519,True,-0.07592504620558194,-0.37401764688083905,True,-0.22510739868927948,-0.2213373942234487,True,NaN,NaN,False,NaN,NaN,False,-0.22469791765318028,0.11485897289428702,True
1929,64.3,NaN,NaN,False,0.31353532465793965,-0.1645027278299839,True,-0.08941977997563932,-0.3476922645756296,True,-0.2082011372590283,-0.2295972682716563,True,NaN,NaN,False,NaN,NaN,False,-0.19149011127852053,0.14194282958811716,True
1932,64.4,NaN,NaN,False,0.2802411606223425,-0.16799013796690002,True,-0.11045950755751345,-0.3167175359636919,True,-0.17208827199813706,-0.23271306349699644,True,NaN,NaN,False,NaN,NaN,False,-0.1547331687147183,0.16615326613361117,True
1935,64.5,NaN,NaN,False,0.24374307887019148,-0.17929192160685825,True,-0.1341817672040833,-0.28620602521635924,True,-0.15756252371633303,-0.23947729965442416,True,NaN,NaN,False,NaN,NaN,False,-0.11651210041937782,0.18910084061017346,True
1938,64.6,NaN,NaN,False,0.2091534587368879,-0.18944988653751635,True,-0.15704541653263845,-0.26516288737811855,True,-0.1255746533837281,-0.23125923988399186,True,NaN,NaN,False,NaN,NaN,False,-0.07797482289318594,0.21712402564770544,True
1941,64.7,NaN,NaN,False,0.1741956231471592,-0.19511351269852853,True,-0.18305129661953765,-0.24361225519027152,True,-0.09539378342960762,-0.24480840046640437,True,NaN,NaN,False,NaN,NaN,False,-0.04081052053042192,0.24920640452913126,True
1944,64.8,NaN,NaN,False,0.12504644038581106,-0.18553668731084022,True,-0.21186361742205617,-0.22434066825773843,True,-0.0769040047638909,-0.26434111117788056,True,NaN,NaN,False,NaN,NaN,False,-0.012236025050612009,0.2851717732994693,True
1947,64.9,NaN,NaN,False,0.10956717222190322,-0.2084562849250889,True,-0.24927049002138676,-0.20809596495931282,True,-0.0699886642838059,-0.2956189089531743,True,NaN,NaN,False,NaN,NaN,False,0.004189943952516911,0.32810935566371807,True
