frame_number,timestamp,center_x_1,center_y_1,tracked_1,center_x_2,center_y_2,tracked_2,center_x_3,center_y_3,tracked_3,center_x_4,center_y_4,tracked_4,center_x_5,center_y_5,tracked_5,center_x_6,center_y_6,tracked_6,center_x_7,center_y_7,tracked_7,center_x_8,center_y_8,tracked_8
3,0.1,-0.010847538217052673,0.020944264383710463,True,0.05697215536371837,0.01732356285445237,True,0.0377319778506323,-0.03933747342489144,True,0.09773766077345009,-0.0713936065112602,True,0.09860191096938717,-0.11630309327186365,True,-0.004405167865215234,-0.14804150452798892,True,-0.03640740978401314,-0.09156325772335393,True,-0.07304576392323513,-0.045967175757321,True
6,0.2,-0.015708970484300887,0.01691022816685293,True,0.05792605701210024,0.0176571245469753,True,0.038308306317622554,-0.038836387306995936,True,0.09726820938076328,-0.0714956939238289,True,0.09816558189717395,-0.11643348327866544,True,-0.0032183047473975826,-0.1407257564403678,True,-0.03180802963321234,-0.0884300094500928,True,-0.07357397995903923,-0.04596493665513389,True
9,0.3,-0.02178454578911657,0.01211443538548164,True,0.05729512993171702,0.017414695076158435,True,0.03756216032749943,-0.039262413297790254,True,0.09730502130009493,-0.07139169813400689,True,0.09802002405306551,-0.11696990150432869,True,-0.0039476352004032145,-0.14623110915103585,True,-0.027577471655747997,-0.08518589574007523,True,-0.07328386054272158,-0.04609127661585094,True
12,0.4,-0.021495586017908914,0.011991938948396681,True,0.05698178840417251,0.01731354324235291,True,0.03796010270540468,-0.03934500111926214,True,0.09734017672965348,-0.07142872840276371,True,0.09853113220200427,-0.11614358416245017,True,-0.002862483670340342,-0.13862686945334313,True,-0.033530059354953554,-0.09099045677144281,True,-0.07330158528458372,-0.046715004036924995,True
15,0.5,-0.013557650295763075,0.017690987289247374,True,0.05692465745431129,0.017502952767537567,True,0.03825923681689765,-0.038867318408200145,True,0.09717444833148325,-0.07138770854874717,True,0.09779115957339667,-0.11679452234890826,True,-0.002425224520315413,-0.13608743297381817,True,-0.03305734933108717,-0.0933272341276899,True,-0.07373206557603933,-0.046565790215269416,True
18,0.6,-0.021182794098672658,0.015472658328735116,True,0.057359691074115225,0.01743811643575209,True,0.03843564842419243,-0.039007929551649466,True,0.09793174741127415,-0.07135971954273931,True,0.09844842616388673,-0.11657889571422106,True,-0.0028997757724636935,-0.1422454092478162,True,-0.03518116242875874,-0.09433230842397272,True,-0.07323602671770627,-0.04633877483661658,True
21,0.7,-0.02230278314902327,0.01586352699060242,True,0.05708073629820484,0.017516901975978556,True,0.038334654135581785,-0.039040721287778433,True,0.09791362806300088,-0.07104224471016181,True,0.09749480676044847,-0.11817258143314248,True,-0.003624142682943725,-0.14583011561639822,True,-0.030402647461955506,-0.08809630231260403,True,-0.07302348886809472,-0.045713069436802534,True
24,0.8,-0.020675416508748712,0.009384127249647736,True,0.05735198161708202,0.017246027153371882,True,0.03837065051865077,-0.03908855321630086,True,0.09766643534691091,-0.07158258817809185,True,0.09789332018049533,-0.11795881955039267,True,-0.0034635524874878764,-0.1435516592295614,True,-0.033649376802510296,-0.0931118789951019,True,-0.07322803447581792,-0.04592793177478041,True
27,0.9,-0.008143109116161439,0.020154774333998263,True,0.0572676635000913,0.01731367493996497,True,0.03867001373657417,-0.03888877888305485,True,0.0973421860661442,-0.07144771540706268,True,0.09768098320431373,-0.11765195313972278,True,-0.00450912078176774,-0.14642489288050134,True,-0.032128437133194195,-0.09202374038981867,True,-0.0732272570945102,-0.04601579287422012,True
30,1.0,-0.008531916292319926,0.0200897285893141,True,0.05740517003473905,0.017668931819984746,True,0.038457910932546115,-0.03887847222394894,True,0.09721643691844872,-0.07148390499263327,True,0.09797805356410397,-0.11724128645457065,True,-0.004159490769850487,-0.14430213770736933,True,-0.030886617825676935,-0.09083658594285687,True,-0.07344327824564952,-0.04596845751029524,True
33,1.1,-0.003748223853392071,0.02610529385333836,True,0.057251108310323574,0.017420865552328184,True,0.03897339630371794,-0.03871419446013742,True,0.09754452444844433,-0.07118372151132457,True,0.09717351889876878,-0.11875581581121517,True,-0.0026281847890799923,-0.13966221230358702,True,-0.029449246760141587,-0.08523615574239164,True,-0.07346320179044218,-0.04574180257634897,True
36,1.2,-0.009221391485361247,0.019716530086580916,True,0.05873536384593362,0.016696514575945648,True,0.039528819859614546,-0.03959126914311139,True,0.09865141782902924,-0.07255979794798997,True,0.0991430388581086,-0.11853256945492245,True,-0.003814972982576452,-0.14771183942060176,True,-0.03513214096892647,-0.09610475390208154,True,-0.07187149599195221,-0.04680502617653453,True
39,1.3,-0.010527864710269745,0.009384127249647736,True,0.05751811838997608,0.01818564640406733,True,0.038473260417426,-0.03830700904831404,True,0.09731946665997938,-0.07085070064058677,True,0.09768616837616799,-0.11762248246875248,True,-0.0035818547318629632,-0.1417189515445736,True,-0.04097052010570664,-0.10325369771346878,True,-0.07317554642677071,-0.04594153608784884,True
42,1.4,-0.0065963388724487836,0.020657607872386886,True,0.058157555067996684,0.01707085619200904,True,0.03906751651830859,-0.03990724245776965,True,0.09894462490925231,-0.07190941911101838,True,0.09827404784549294,-0.12013776140291683,True,-0.00043448603988158066,-0.13832115269289477,True,-0.027790380505864836,-0.08756364976601108,True,-0.07174724658844178,-0.046394418597188555,True
45,1.5,-0.009688688526829055,0.02171929116875265,True,0.058022880226833565,0.018226370450086852,True,0.037300283092348945,-0.039388755470939646,True,0.09782975244460657,-0.07051215898798308,True,0.09819690027851619,-0.11595105252749281,True,-0.002420032323598997,-0.1383543868859772,True,-0.029265119516633072,-0.08556334250569389,True,-0.0728379967795384,-0.04533797155015161,True
48,1.6,-0.005397713523260949,0.027637852005274167,True,0.05754326820860727,0.01693994566929308,True,0.03841579542668792,-0.03984758298879421,True,0.09792137948249062,-0.07189556135824562,True,0.0984256566573423,-0.11708328078299321,True,-0.002281461077796435,-0.1432033949071131,True,-0.03272417628786225,-0.09175443499215286,True,-0.07278438429424146,-0.04606746533379832,True
51,1.7,-0.009341869593822471,0.02153476349168066,True,0.05810769152431462,0.017165273586386892,True,0.03857466822989811,-0.03985257544834192,True,0.0978869699464676,-0.07209623509784865,True,0.09849331725800346,-0.11742198552098856,True,-0.002192502064124793,-0.1429487537694316,True,-0.026137291757473886,-0.08512910203803818,True,-0.07256978059647311,-0.04615929406692415,True
54,1.8,-0.00944308926854276,0.020997256990996197,True,0.05755079020220804,0.017421625538525835,True,0.03827219510536795,-0.03970532570987245,True,0.09796946074604308,-0.07140754151514354,True,0.09840014032601756,-0.11664876373197214,True,-0.002589444957059121,-0.14241933557638986,True,-0.028064442181281457,-0.08584278763981873,True,-0.07268594810865232,-0.04559831988611751,True
57,1.9,-0.01933402893640524,0.010447941840226212,True,0.05793419471641298,0.016980534703640686,True,0.038947578055985754,-0.03967707970647663,True,0.09787680359379017,-0.07215515175038296,True,0.09807130870677333,-0.11845733097779972,True,-0.0015749864224884793,-0.1432776952078119,True,-0.026338604469815664,-0.08428388161237721,True,-0.07300561216900821,-0.04656496537751755,True
60,2.0,-0.00960158462617375,0.01794334042439091,True,0.05779236348075897,0.017468313422199382,True,0.03924762643916588,-0.03909826678189392,True,0.09786191650975797,-0.07179219481441597,True,0.09808304939123848,-0.11746445392616452,True,-0.002091002048540943,-0.14075594947793132,True,-0.02760041137371936,-0.0859675068949502,True,-0.07276959282831574,-0.04594793349422157,True
63,2.1,-0.019352610649304117,0.01326194168692361,True,0.057548653638403176,0.017088146160047342,True,0.03889678085172397,-0.039651135510776404,True,0.09802050685598668,-0.07185301878049044,True,0.09810568290499973,-0.11729804292298213,True,-0.001519614241163281,-0.14055155451995063,True,-0.0360617700488465,-0.09104930208243617,True,-0.07305367361266521,-0.046381579009668,True
66,2.2,-0.007897389326408428,0.02265549390677572,True,0.05727475461732006,0.01714585055451362,True,0.038412556705195416,-0.03984951237853466,True,0.09801376192944958,-0.0718540234557724,True,0.09823622391873524,-0.1172823110426866,True,-0.0024377061840860537,-0.142109679163086,True,-0.03590208502320324,-0.0938636517553851,True,-0.07277606689202533,-0.045975678921029585,True
69,2.3,-0.012914418559171276,0.01835719388626573,True,0.057701021681948815,0.01755126248097573,True,0.038425486327407894,-0.03926479723407558,True,0.09766005062352216,-0.07167391094368095,True,0.09823647542595025,-0.11747811613808018,True,-0.0025445433647637537,-0.14236940262549924,True,-0.02913237291282745,-0.08550410416896592,True,-0.07288573036208373,-0.04605292007374743,True
72,2.4,-0.009059900366468391,0.020568703469762438,True,0.05736178693242148,0.017206236078101293,True,0.03844965009953805,-0.03970687991580091,True,0.09767249387781861,-0.07190398988460854,True,0.09848663318650068,-0.11702139793277472,True,-0.002139292802505486,-0.14021792203786054,True,-0.032550736650481936,-0.08817572431893518,True,-0.07301264874577325,-0.04611247843210787,True
75,2.5,-0.00850660439268653,0.019861165104998035,True,0.05774184280980226,0.017667311515103003,True,0.03904598382061429,-0.039063255660310506,True,0.0976900676603182,-0.07157932981953878,True,0.09877069313005934,-0.1158431547011834,True,-0.0020755495587617026,-0.13954258697826455,True,-0.029508806563714428,-0.08808814768562816,True,-0.07315980496252247,-0.045994234495429394,True
78,2.6,-0.008505246627135123,0.01864946764830076,True,0.05798531424107812,0.017300354633055015,True,0.038878233358408856,-0.039590125168059986,True,0.09778022605548414,-0.07194943922484147,True,0.09831233532978298,-0.11778524878893624,True,-0.0037662817261812486,-0.1464052191983298,True,-0.02553465740877835,-0.08159446660533633,True,-0.07307570885135448,-0.04707364970096634,True
81,2.7,-0.02027520778270308,0.012853719217708524,True,0.05777829313606957,0.01745853781412004,True,0.03877627598286953,-0.0393146376897817,True,0.09793894314236831,-0.07165261500012306,True,0.09828810329976151,-0.1171730469319722,True,-0.0024547125338892166,-0.143105517562381,True,-0.027203674832436908,-0.08475436086926233,True,-0.07295035532911258,-0.046070116780508825,True
84,2.8,-0.013194935067830451,0.017848209106120307,True,0.058158536468924264,0.01728494695211275,True,0.039664670345167255,-0.03933949646153383,True,0.09792664567469442,-0.07207390070480339,True,0.09841296647351358,-0.11868952144163186,True,-0.0018166452435917093,-0.14088378979738936,True,-0.02586705744262347,-0.08620162613458139,True,-0.07259560482015083,-0.04674404480905721,True
87,2.9,-0.020091011297912277,0.012505420410104027,True,0.05754973012716439,0.0171613612821027,True,0.039116135671320024,-0.039534797198936635,True,0.09800830035641132,-0.07181131100928999,True,0.09829832676379857,-0.11861874173974339,True,-0.0008659134256700116,-0.13628697670071352,True,-0.024007011323085515,-0.08203354688287932,True,-0.07260928064603894,-0.04643065708675273,True
90,3.0,-0.009324244839565982,0.020557200861182536,True,0.05758039903231907,0.01695337095724418,True,0.03910485386697748,-0.039830227349942876,True,0.09830309986853432,-0.07195069713192291,True,0.09872618554532418,-0.11865106720199108,True,-0.0007105110258683113,-0.138433955633152,True,-0.02417992620090099,-0.08318086061992921,True,-0.07258153897204038,-0.0463043642659933,True
93,3.1,-0.01238941962785687,0.01843148312072535,True,0.057314876491596535,0.0173804954054755,True,0.03840607748063204,-0.039379534635193135,True,0.09851726171497052,-0.07103473033033077,True,0.09807227735213235,-0.11761625704373778,True,-0.0034413369366508876,-0.1443117941123677,True,-0.018338737013531364,-0.07678230042727446,True,-0.07269461414888412,-0.04615768037683083,True
96,3.2,-0.006870149610783112,0.02295073221507068,True,0.057892336693214176,0.016894315787240672,True,0.039173998369363645,-0.03951438797927278,True,0.098241768335744,-0.07206614605051163,True,0.09917986284926925,-0.11749581828513588,True,-0.0029305054293241022,-0.14554057556809036,True,-0.017644160650997984,-0.0774000871104684,True,-0.07268506611676963,-0.04695290013480513,True
99,3.3,-0.010172226212659497,0.022142065620585922,True,0.057422435415601276,0.01752437637213462,True,0.03866696286249671,-0.03941497864295133,True,0.09802431920937586,-0.07142230052000509,True,0.09876771104937944,-0.11604988133553881,True,-0.0034992278554467674,-0.14222458706433463,True,-0.028242407349867632,-0.08741067190556503,True,-0.07306601407807954,-0.046226536722187996,True
102,3.4,-0.008342919628581334,0.02180360314523065,True,0.05802129416320804,0.017269981519397157,True,0.03893621189561973,-0.03971226274486136,True,0.09815795825862879,-0.07178961207193586,True,0.09899792151626313,-0.11693548864821782,True,-0.0029052652145992197,-0.14174120426063816,True,-0.029490703251924245,-0.08505618029539978,True,-0.07256770412174181,-0.04630875552117175,True
105,3.5,-0.011982027274929648,0.017101544303006356,True,0.05773992303433954,0.01691946357916394,True,0.03822489072856301,-0.04032107384044575,True,0.09799347234537532,-0.07207486413913589,True,0.09859735428459171,-0.11775420950468682,True,-0.002549146302443288,-0.1420728247023431,True,-0.027696350631628803,-0.08565079045694608,True,-0.07227439685399967,-0.04585845741885458,True
108,3.6,-0.00776406974204722,0.022901543506557584,True,0.05756520123563559,0.017687758131352947,True,0.03859095153542523,-0.03934278354727843,True,0.09772723781722585,-0.07143570618770709,True,0.09751207474267004,-0.11803137640743731,True,-0.00347674063930607,-0.14283276095593478,True,-0.03162007790888419,-0.08732779444176438,True,-0.07326725907940723,-0.04628125707769225,True
111,3.7,-0.008410727544584709,0.018635189417621004,True,0.05808989833037362,0.017044647299122914,True,0.03914552173543922,-0.04008278692760636,True,0.09749800814738004,-0.07273161897863846,True,0.09840118456047386,-0.11946213501722511,True,-0.0028061908607944453,-0.1449414340946606,True,-0.03360008863889958,-0.09318320158470463,True,-0.0726523332879315,-0.04662454638079374,True
114,3.8,-0.01058746144305452,0.018242027226965475,True,0.0578583985872909,0.017536397431424735,True,0.03941305127230868,-0.03871700289938157,True,0.09766174283829751,-0.07140816221655791,True,0.09856414546082236,-0.1159628038182469,True,-0.0030926373912598514,-0.141092875006462,True,-0.04202151654197773,-0.10035439719961761,True,-0.07284836868388396,-0.045979216437590134,True
117,3.9,-0.009175895385789399,0.018960490166218515,True,0.057480484265181084,0.01693152321168559,True,0.03947422665763004,-0.03939942123738631,True,0.09792438082155422,-0.0718771361572991,True,0.09888453773901937,-0.11688968000096028,True,-0.0031351756582798994,-0.14247895715049472,True,-0.0531475822638814,-0.10528320807316457,True,-0.07235016639515249,-0.045591708931693245,True
120,4.0,-0.01061481642530382,0.01731743610703984,True,0.05783308573886602,0.017063148055066535,True,0.040017836098368564,-0.039188438487064096,True,0.09818351701104813,-0.07188916303600061,True,0.09847306496406899,-0.11782948418496837,True,-0.002901489715638774,-0.14361355178481897,True,-0.05519345964260698,-0.12513640215631772,True,-0.07236500381338762,-0.04554183482258474,True
123,4.1,-0.011394404133545939,0.018702654816347995,True,0.05811763686722465,0.017548933692244955,True,0.03851654767542419,-0.03924582237226059,True,0.09812077400207694,-0.07164641604605979,True,0.09913245219034854,-0.11605535237849482,True,-0.0011410093800902712,-0.1362117858965135,True,-0.05402396173738641,-0.12543993596377961,True,-0.07228533740724828,-0.04519915045488015,True
126,4.2,-0.009474723660322766,0.01857697305120619,True,0.05786206589531383,0.01720007177516966,True,0.03899441186658642,-0.03963311257968315,True,0.09792139933781746,-0.07200939707668114,True,0.09787863062378631,-0.11852552974677984,True,-0.0032452967457445706,-0.14393510022583497,True,-0.045431684544519464,-0.1249544251521419,True,-0.07258319924256738,-0.046789367041445304,True
129,4.3,-0.011858618213666785,0.016802299161978826,True,0.057306572015377345,0.017365340901953342,True,0.0387813952083023,-0.039148558203146826,True,0.09802393861405263,-0.07165881509422796,True,0.09806722896696046,-0.11658785627581403,True,-0.003590444519091224,-0.143446785108166,True,-0.054989781183569446,-0.12492726802427025,True,-0.07297244901186807,-0.0467108249699428,True
132,4.4,-0.005038031881639771,0.020717386504493222,True,0.05747306284802536,0.017172137300805596,True,0.038564943921141424,-0.039759016460128985,True,0.09835053590272079,-0.07161473881712783,True,0.09769460002568786,-0.11959054077304222,True,-0.00421835574194172,-0.14691773713405593,True,-0.05015342809124382,-0.1245635564902746,True,-0.07275254072477409,-0.04641872657109271,True
135,4.5,-0.008126890596420142,0.022025135884812325,True,0.05753542013689279,0.017545452801993423,True,0.03838084940258036,-0.039136083681993235,True,0.09758174478635948,-0.07176293037957936,True,0.09778464540106506,-0.11806634710298858,True,-0.0036537929447199896,-0.14039589778597195,True,-0.05187223519260998,-0.12383355403946565,True,-0.07284729774378854,-0.04588989264444607,True
138,4.6,-0.006727592106537423,0.020513669103459146,True,0.05797719051272807,0.017419384037666283,True,0.03833298599449449,-0.03948449935687785,True,0.09773978216942633,-0.07195514566409045,True,0.09854225016636482,-0.11690448036304342,True,-0.0033351206593651957,-0.13784786980942776,True,-0.05192583722147748,-0.12593928179628733,True,-0.07239837089867007,-0.04579575351365599,True
141,4.7,-0.006532266189618653,0.02143233160720692,True,0.05770758738065654,0.017270050122084935,True,0.037855470197651425,-0.04009772548966504,True,0.09771746775642562,-0.07184169665925501,True,0.09824224244011355,-0.11840766523278633,True,-0.0020613120715449835,-0.13689544342772758,True,-0.051991694467066196,-0.12460321358925722,True,-0.072487206305109,-0.04605885775887535,True
144,4.8,-0.007395687212075862,0.021047113763906215,True,0.05704474991813154,0.016995164444783575,True,0.03788552633179368,-0.039423149026698676,True,0.0979110332763131,-0.07165672873349632,True,0.09796257044245082,-0.11715886654017338,True,-0.004789802665204458,-0.14620112657162057,True,-0.05183516556461149,-0.12423883483272323,True,-0.0732151305494789,-0.04650196605226175,True
147,4.9,-0.0051790754506947185,0.025723156304879802,True,0.057837289394136286,0.016955291062440824,True,0.038519197528989836,-0.039224106752922344,True,0.09827820688745166,-0.07191743911139188,True,0.09807409181554086,-0.11872585910409825,True,-0.001991637732836842,-0.1357725458580111,True,-0.051279207569227034,-0.12628677591642046,True,-0.07238661986405853,-0.046198179199155885,True
150,5.0,-0.008126397825576344,0.01962557098647558,True,0.05804144037930267,0.017312982138537776,True,0.03872590265660084,-0.039521853104544855,True,0.09742324708887407,-0.07215494814619494,True,0.09782489942169167,-0.11895276016337396,True,-0.00272897262786662,-0.1397330127110923,True,-0.0510728128703426,-0.12699325199131886,True,-0.07284757905597572,-0.04661429558226302,True
153,5.1,-0.009995647900680702,0.017040451428773744,True,0.057752169055988775,0.017263465249235294,True,0.03851863564904529,-0.039509882577176456,True,0.09761347673555977,-0.07194248547859995,True,0.09779899375957042,-0.11884053164919203,True,-0.0026697311168185573,-0.13765328448196423,True,-0.051808760107243314,-0.12667817534892542,True,-0.07309480908509203,-0.04684372921155685,True
156,5.2,-0.005255777511133709,0.021920394781219946,True,0.05801033544275502,0.01757453396739374,True,0.039038737441851455,-0.03922444846047477,True,0.09841626576133093,-0.07154091067537165,True,0.0982139746904319,-0.11774827363072164,True,-0.003465359106256955,-0.13736702606873077,True,-0.05216801434418487,-0.1255487997745117,True,-0.07279464913707508,-0.046448871860462204,True
159,5.3,-0.00977513551582861,0.01890996284638889,True,0.057726303152270154,0.01762654409520672,True,0.0387552134695668,-0.0387745863198688,True,0.09806920798113745,-0.0712672157666374,True,0.09791333206195876,-0.11677029152363717,True,-0.0035834653434583513,-0.13921991238515885,True,-0.05217603442137497,-0.12619062136501852,True,-0.07321128260382226,-0.046465262528358704,True
162,5.4,-0.0026649214486427607,0.02385848238442262,True,0.05788354699780924,0.01738353502932283,True,0.03903623232436555,-0.03917901037042445,True,0.09808046489603271,-0.07163805412708904,True,0.09744029436341867,-0.11859038941066218,True,-0.0036173032723132905,-0.13745557966233016,True,-0.052314863318586424,-0.12547761077441236,True,-0.07239228462768474,-0.0459694098661671,True
165,5.5,-0.007908710106951182,0.02046776174846652,True,0.0579353758914038,0.017378148178036082,True,0.039099721824172144,-0.039306956370058786,True,0.09820890803292068,-0.07145662308703099,True,0.0981332900628275,-0.11775107822013783,True,-0.002901405507434121,-0.13592118650435803,True,-0.049877404074809534,-0.1254844900233239,True,-0.07251691165765393,-0.04586422316774473,True
168,5.6,-0.006058861839746407,0.020827433230435708,True,0.05718590281166381,0.01734764361907759,True,0.04227669519965476,-0.03855570988828897,True,0.09786412268026144,-0.07151492963504068,True,0.09727147317784546,-0.11770132908123998,True,-0.0027858409675790563,-0.13473409627017413,True,-0.05264020467395745,-0.1265930668499704,True,-0.073349481461717,-0.0466851085468445,True
171,5.7,-0.0004148655075203758,0.02145571306296381,True,0.05776708651527366,0.017543321883573246,True,0.03922442905625801,-0.0391398781241404,True,0.09798268841059181,-0.07158992703896394,True,0.09726182539373615,-0.11692645361067489,True,-0.002798355660167074,-0.1337007253403895,True,-0.0523687681032163,-0.12637174164613524,True,-0.07250795383742471,-0.04595988773959376,True
174,5.8,-0.003912099158521912,0.02169334038603484,True,0.05699913550456651,0.017276512872640898,True,0.03944139379335748,-0.038798158533423215,True,0.09806009694060563,-0.07137848043694933,True,0.09770220365870601,-0.11607222419821946,True,-0.0036054004324368844,-0.13593920065717255,True,-0.0537715983802246,-0.10570893869459495,True,-0.07305504606446558,-0.04632878230573743,True
177,5.9,-0.009747499731022943,0.01708882788557453,True,0.057406392826050576,0.017600668844005678,True,0.039449334262099345,-0.038313417122085004,True,0.09816581883220622,-0.07140091865841017,True,0.09837240212327575,-0.11594085335134324,True,-0.0034135841006077174,-0.1376337342032348,True,-0.05466971503365325,-0.10629796325301247,True,-0.0731115632064884,-0.04635975729666333,True
180,6.0,-0.008367213975281671,0.019881386715572786,True,0.05808824813873586,0.01753212681695181,True,0.03948244930380028,-0.03899605796145385,True,0.09853512521974311,-0.07146299468655938,True,0.09860127361986507,-0.1162366237457221,True,-0.0031671726044317154,-0.13581925439861497,True,-0.053607485927262756,-0.10581135550595094,True,-0.07262430759373543,-0.04608807819025169,True
183,6.1,-0.006976221580802108,0.02244174689178468,True,0.0576421415156613,0.01778176759635991,True,0.03881243762953532,-0.03896201857314827,True,0.09752493481465634,-0.07107575592579297,True,0.09813932451851719,-0.11591472738444297,True,-0.002776704454587269,-0.13758889884058975,True,-0.055177092623577194,-0.10629796325301247,True,-0.0735423058612591,-0.04622573417548801,True
186,6.2,-0.006016804106740089,0.02083488201938329,True,0.05821570543760997,0.01751554419607387,True,0.03931711472490533,-0.038985869656435294,True,0.09821607254332913,-0.07184391617557422,True,0.09816376797541355,-0.11701923483088977,True,-0.001486731727477351,-0.13610069458041127,True,-0.055085281440638525,-0.12593589206683078,True,-0.07244737937732398,-0.04574468060592823,True
189,6.3,-0.00784908839592725,0.01982875781176512,True,0.05795266534339252,0.017555689531249946,True,0.03898315257498004,-0.03934613091320784,True,0.09750360523183915,-0.07162105879527207,True,0.09822180671839327,-0.11719928965205197,True,-0.0014481870450964705,-0.13713300693299546,True,-0.03533056412304534,-0.09209166551314896,True,-0.07293237634445295,-0.04612958563816873,True
192,6.4,-0.012858501607074831,0.021961316450282826,True,0.04640501223862168,0.020027330578194624,True,0.03174686601597487,-0.03393080237039358,True,0.08787415343081938,-0.06803004256116423,True,0.08673749188932765,-0.11389356720757333,True,-0.013622894726951662,-0.13732200550241166,True,-0.04314817386866363,-0.08512991696479856,True,-0.08441122907036529,-0.0430257440516788,True
195,6.5,-0.012712523589198445,0.02143259784233217,True,0.046969320801525084,0.01946172646592079,True,0.027673705920502768,-0.037033893067827846,True,0.08832507488749079,-0.06938182449090718,True,0.08794655933692595,-0.11480677444964932,True,-0.012428121190044763,-0.13976217564116325,True,-0.04912064156408546,-0.0933992289740152,True,-0.08331187037234908,-0.04434571771959225,True
198,6.6,-0.01509426301958528,0.019024301458202754,True,0.045217695858110224,0.02052129389694235,True,0.025718529362247375,-0.035933828215130366,True,0.0868609259290574,-0.06703868424791017,True,0.0863990679901592,-0.1135155660677022,True,-0.014646329988502165,-0.14047384527086815,True,-0.04226611493749971,-0.08435281330230951,True,-0.08499301478551073,-0.042105061436565804,True
201,6.7,-0.014325843336294634,0.01679992869078254,True,0.04608527117453768,0.019723269875063787,True,0.030070148292721983,-0.03551054999348617,True,0.08743690089201177,-0.06884420639213917,True,0.08651219794129904,-0.11479741048484671,True,-0.014910659892596689,-0.14365132363237698,True,-0.042904547155157347,-0.08585865465671083,True,-0.08497263809817526,-0.04414767541679059,True
204,6.8,-0.011757279639700843,0.019492650002747927,True,0.045398821318238046,0.01999698364202378,True,0.029547346611591058,-0.03547765073511436,True,0.08753203825876679,-0.06822420342050574,True,0.08645832736419366,-0.11567139912227782,True,-0.015086904560971193,-0.14140018453860476,True,-0.04377362957806859,-0.08549996746344145,True,-0.08436241284755826,-0.04284508305563647,True
207,6.9,-0.01432508786043117,0.02203844869332171,True,0.044915544370631603,0.020016570768285138,True,0.029465224639722034,-0.03513394183089028,True,0.07699471537932978,-0.07291613654443084,True,0.08628235843013816,-0.11423526274839903,True,-0.01542271034832832,-0.140677317832474,True,-0.04333101238605298,-0.08488550419578945,True,-0.08523033155754205,-0.04376626247914479,True
210,7.0,-0.013051039752053673,0.021620612008444277,True,0.05401413633013871,0.024297316728502823,True,0.030641115766731192,-0.03582105073335728,True,0.07311845631526566,-0.07959114550874673,True,0.08735251460467588,-0.11506822665404073,True,-0.015148937328844382,-0.14390927108156545,True,-0.04205329329579797,-0.08503695138703779,True,-0.08466869944238534,-0.0441171331809607,True
213,7.1,-0.010020487120345797,0.022575944587670392,True,0.03403415281311813,0.018386419749077988,True,0.03062370813416985,-0.03542596304830439,True,0.0637076511318835,-0.08432412886470128,True,0.086756330050518,-0.1161000193854595,True,-0.013045002559074568,-0.12978858316157815,True,-0.040884737516384544,-0.08395749374667362,True,-0.0841571533475888,-0.04262870313361374,True
216,7.2,-0.013083337919593622,0.022468150081386137,True,0.03272481538282856,0.01788827943594042,True,0.027268117926326232,-0.039936953923037886,True,NaN,NaN,False,0.08510616858488701,-0.11679296395496404,True,-0.014759648408309307,-0.1452519534926599,True,-0.040703479268904524,-0.08535941840166479,True,-0.0846009245194303,-0.04367809528329784,True
219,7.3,-0.01223350648128492,0.029473899153322675,True,0.031105018547341837,0.017061481107697795,True,0.030002525975438378,-0.035809825616576314,True,NaN,NaN,False,0.08037208430164208,-0.12298516600371934,True,-0.01360265540562997,-0.13734805746342454,True,-0.03715181497092032,-0.08258213321744717,True,-0.0843977399203273,-0.043059853446676774,True
222,7.4,-0.020720311737917697,0.021210637618420465,True,0.033061344386343,0.018192398298684975,True,0.029227207850748237,-0.03499385345568127,True,NaN,NaN,False,0.08032071441361092,-0.12208895732014821,True,-0.014140273006472368,-0.13737622691342238,True,-0.03279578031160252,-0.07319775417740082,True,-0.08423950469628917,-0.04304012219685288,True
225,7.5,-0.03164778213289891,0.015243687929179678,True,0.027823790910907926,0.015411756558006251,True,0.025640540332273233,-0.04046539820109905,True,NaN,NaN,False,0.0813316656888927,-0.12140810468413785,True,-0.012524425130082114,-0.1341579096886792,True,-0.032846764955325194,-0.07291731735375914,True,-0.0841190124555187,-0.04271748380855651,True
228,7.6,-0.031167291218680403,0.010827334616542518,True,0.03258011185741362,0.01818051046626395,True,0.027310770781340202,-0.03762412562050165,True,NaN,NaN,False,0.08576502697688292,-0.11681532275679593,True,-0.014824394313512616,-0.14329659651796492,True,-0.030607415736344994,-0.07338142758252157,True,-0.08435716925193083,-0.043066569371474794,True
231,7.7,-0.03260502082482024,0.014347526269675684,True,0.026950653613361002,0.015227936609747205,True,0.016172502378963928,-0.04697001314500293,True,NaN,NaN,False,0.08706622112274127,-0.11525791554735304,True,-0.012712748901592259,-0.13432677519281977,True,-0.032668402451057905,-0.07546566429404279,True,-0.08417475527295416,-0.043484151869341105,True
234,7.8,-0.017973517153443096,0.021862627566240803,True,0.025516146038554264,0.0148111767745413,True,0.017763462395955668,-0.04712401696708025,True,NaN,NaN,False,0.08851938985249158,-0.11198104696748548,True,-0.015449082177708979,-0.14013625179788597,True,-0.04164049227559945,-0.0849238228980794,True,-0.08431159012916357,-0.0432570919832627,True
237,7.9,-0.014665967430560013,0.02567188747433596,True,0.03328827538999286,0.01754053093441573,True,0.017226272651202246,-0.05406431515929009,True,NaN,NaN,False,0.07778865140251214,-0.12689138926828838,True,-0.0141364686275281,-0.1347106064315924,True,-0.035796639317765354,-0.0801850278603516,True,-0.08449606306362933,-0.043231690520433845,True
240,8.0,-0.01701917344775729,0.022191505878303628,True,0.044766178201575975,0.019381952916198184,True,0.000986752315804484,-0.05572549603634432,True,NaN,NaN,False,0.08777217119830436,-0.11439966807589713,True,-0.013887023991154313,-0.13765421443342146,True,-0.03132409355470035,-0.07596785002169919,True,-0.08425177028678857,-0.04321742543708068,True
243,8.1,-0.01884438443491843,0.024225271188525067,True,0.04524564841545282,0.020014602805202984,True,-0.001487698864828523,-0.05736620552887458,True,NaN,NaN,False,0.08734744610405222,-0.11355245545619672,True,-0.015222143727503155,-0.1358775793165689,True,-0.03102673989994642,-0.07477673159723411,True,-0.08493367960693186,-0.04288083683918197,True
246,8.2,-0.016824783013790142,0.022462690661348112,True,0.04610535515524964,0.01978673176134116,True,-0.0008148879777741751,-0.059037924827314875,True,NaN,NaN,False,0.08739518261789225,-0.1152695989572498,True,-0.015034837509371375,-0.1363971994861626,True,-0.03165338524452831,-0.07538103956364316,True,-0.08454763196944287,-0.043787181424488945,True
249,8.3,-0.013993468747181667,0.02850251972782943,True,0.0450618566373462,0.019701043677359385,True,0.0015510626877139016,-0.05544954165870012,True,NaN,NaN,False,0.08789280959047205,-0.11202783300902873,True,-0.01607325940296242,-0.1424315648867767,True,-0.03180630119553208,-0.07480081272077557,True,-0.08434194145212566,-0.04266274681754646,True
252,8.4,-0.017962049397416302,0.023851741860884984,True,0.04498207253123894,0.01964088081957922,True,0.0007635929273104822,-0.05627283914828359,True,NaN,NaN,False,0.08714111576857997,-0.11381367320577139,True,-0.015217284093028768,-0.13626810077769128,True,-0.03666525913973712,-0.07169638895985694,True,-0.0845183819281018,-0.04319517482855947,True
255,8.5,-0.01652311112035764,0.022183087201152307,True,0.045509145880844565,0.019738295114091226,True,-0.00019929538621899406,-0.059110526094278144,True,NaN,NaN,False,0.08747364168886577,-0.11364257271100223,True,-0.016038346377672322,-0.14239077958675964,True,-0.03251121758330913,-0.0724426970214323,True,-0.08454492806921299,-0.043609381149957015,True
258,8.6,-0.011200609810983739,0.03345762791132333,True,0.04528699880660311,0.019940941446497083,True,-0.00011947020287114712,-0.05637171491059003,True,NaN,NaN,False,0.08734079081744216,-0.1125052025484595,True,-0.013952663442256397,-0.1310205785721707,True,-0.028701646764593216,-0.07316862271474017,True,-0.08468641834210319,-0.04298007478962688,True
261,8.7,-0.01264193800161957,0.02018175658521676,True,0.04516165630182724,0.019701497734725452,True,0.0011244558063067758,-0.05643813071327176,True,NaN,NaN,False,0.08778422790398345,-0.11188343317952248,True,-0.015135965287250232,-0.13985902155273075,True,-0.033525489845691786,-0.0746030780142038,True,-0.08478400726803188,-0.04420263735286607,True
264,8.8,-0.011256855500390335,0.033413996462551686,True,0.04526472564021717,0.019833569478024185,True,-0.0013933597495850757,-0.05839035759610808,True,NaN,NaN,False,0.08771545559806472,-0.11274459712529711,True,-0.01319990931147561,-0.13367258666395532,True,-0.03867470659107838,-0.07283720543500766,True,-0.08449183777725794,-0.04367558574769652,True
267,8.9,-0.008041714519642354,0.035378772440084694,True,0.04514669346864939,0.019858655717188773,True,-0.0013496928600195037,-0.05868490771075907,True,NaN,NaN,False,0.0885102198420028,-0.11094068093775153,True,-0.013504179807901402,-0.1300857624351925,True,-0.03630062686511304,-0.06994852397487891,True,-0.0845477664147254,-0.04325021458110403,True
270,9.0,-0.017123773379281074,0.02384883924309368,True,0.045232539106411,0.020065354822906136,True,-0.0005442080782954414,-0.05813893778466411,True,NaN,NaN,False,0.08829829314584414,-0.11042240714586472,True,-0.016209174295789285,-0.13913117074471046,True,-0.03395179677842539,-0.06832920694037038,True,-0.08462829038404121,-0.0434542274441435,True
273,9.1,-0.014172179545659603,0.02426256963545414,True,0.04531665658007372,0.01990622387845679,True,-0.0005342364503069973,-0.05858071616767421,True,NaN,NaN,False,0.08740217886954975,-0.11303703773640451,True,-0.015500553886612454,-0.13791413182259019,True,-0.034186693810797524,-0.06974798501589846,True,-0.08444965053567821,-0.043977261060199224,True
276,9.2,-0.01255737506996554,0.034753006745845146,True,0.04453239191570234,0.01954339269900096,True,0.0006955816646520226,-0.05598023985540604,True,NaN,NaN,False,0.08811836491676434,-0.1113507785495182,True,-0.013127206145801068,-0.13011553462835526,True,-0.036232268096578195,-0.07042145753968036,True,-0.08422560238904286,-0.04342443844558057,True
279,9.3,-0.01255737506996554,0.034753006745845146,True,0.04446791690565254,0.019731367757799014,True,-0.001456121826525757,-0.05847955526211642,True,NaN,NaN,False,0.09692994951484595,-0.09704193422141826,True,-0.016505877898482645,-0.13957858412502727,True,-0.04087870892276797,-0.07549772746086728,True,-0.08494167373733036,-0.04392470391153167,True
282,9.4,-0.013023239947986657,0.027242280907122485,True,0.042968958298825,0.019349222620793926,True,-0.0008840138525124251,-0.05927729660419092,True,0.08368265895329897,-0.051007157993142246,True,NaN,NaN,False,-0.014563895717999856,-0.13341085296873773,True,-0.0321386101973793,-0.07431055942003584,True,-0.08407312167685736,-0.04300041125051449,True
285,9.5,-0.01704043599736122,0.022409269823830687,True,0.044776292591440614,0.016487413508583012,True,-0.004946711221106315,-0.054038071490845795,True,0.07306990506213687,-0.05234045474260403,True,NaN,NaN,False,-0.016454595122676514,-0.12984071431940297,True,-0.02983329878174608,-0.07320755749995016,True,-0.08472207997530251,-0.04269355376694525,True
288,9.6,-0.0180581244601793,0.023113820284092486,True,0.03418975377573596,0.018410395493864123,True,0.016316985508411867,-0.0465483468068102,True,0.06613192979741242,-0.056493575566392555,True,NaN,NaN,False,-0.016470403593118983,-0.13423342932547333,True,-0.030681730219252364,-0.07583461692749005,True,-0.0848186788101721,-0.04432778522472411,True
291,9.7,-0.0163752163038114,0.0224358403222082,True,0.027019293676931823,0.015811883441614775,True,0.02788096400179625,-0.03977454842716741,True,0.05644597715969142,-0.06012660256993318,True,NaN,NaN,False,-0.012440751383053394,-0.12975524711355066,True,-0.03965457982589503,-0.08369032234143513,True,-0.08434949224549364,-0.043190277978478256,True
294,9.8,-0.01219349821254528,0.022068566997746442,True,0.026504816715454838,0.01680899775881502,True,0.02723252686010834,-0.038351752585819,True,NaN,NaN,False,NaN,NaN,False,-0.013008705135421128,-0.12768255206244272,True,-0.044621359910615103,-0.08848903218827549,True,-0.0844312395250528,-0.04233196440657808,True
297,9.9,-0.016271880141877915,0.02455784914880538,True,0.026049753989621952,0.015319009873882978,True,0.02879362484239084,-0.037104139177299884,True,NaN,NaN,False,NaN,NaN,False,-0.012513527623922752,-0.12793354591470776,True,-0.04373549942232825,-0.08937029272359485,True,-0.0841480802245841,-0.04379777325119791,True
300,10.0,-0.018104982933348925,0.024518795414100972,True,0.0271932250933443,0.01687033052254147,True,0.027895840174670866,-0.03720384681004689,True,NaN,NaN,False,NaN,NaN,False,-0.013123296227957592,-0.12587493241500106,True,-0.047888153544007446,-0.0904122518707682,True,-0.08482944445031163,-0.043430221465101324,True
303,10.1,-0.021801103706465336,0.024318122835509565,True,0.026740829561143143,0.016017729659454943,True,0.025669703622934796,-0.037235918942938165,True,0.06050499787908301,-0.06807551814540841,True,NaN,NaN,False,-0.0138702504156445,-0.13137350015013902,True,-0.0411513834106322,-0.08653744676972833,True,-0.08480545783794688,-0.04261352525631626,True
306,10.2,-0.019793912009082894,0.024636205104331243,True,0.026748710058162314,0.01581288524791526,True,0.02614262182401316,-0.03755558680441186,True,0.05983368233576854,-0.06932684201749069,True,NaN,NaN,False,-0.014167879912456853,-0.1262609097490592,True,-0.04527164565681998,-0.09063181136686756,True,-0.08419865343775433,-0.043849124195730164,True
309,10.3,-0.02007950323199243,0.02518888242213334,True,0.024869356340477745,0.015930120299280006,True,0.025547982901502203,-0.03785047924541672,True,0.06003312737648332,-0.06387633787078922,True,0.08341863639415402,-0.09209139073514191,True,-0.015404327102316569,-0.1246794390262449,True,-0.043914978921362674,-0.08555549446923982,True,-0.0851572561881021,-0.043909209325812125,True
312,10.4,-0.019062943215719167,0.02448360028808834,True,0.025994453741459336,0.015878053656514565,True,0.028404058075487973,-0.0357437587673616,True,0.06785036625608655,-0.06542256342685177,True,0.10069211604787322,-0.10421356417500172,True,-0.011115872072235912,-0.12464516955221969,True,-0.04079956387591265,-0.0844997626977373,True,-0.08422505516032648,-0.04363846855981364,True
315,10.5,-0.01727886112745277,0.02744783902161733,True,0.02742111079964632,0.01723710593190149,True,0.027589679545409036,-0.03336037032607903,True,NaN,NaN,False,0.10495193799510051,-0.11447072188286582,True,-0.01228866240389756,-0.12391795928617513,True,-0.037756728404953616,-0.08172487598464054,True,-0.08472758754786326,-0.04360295089004924,True
318,10.6,-0.024948812660174385,0.01815492731846988,True,0.02604577722788336,0.017115197577322983,True,0.027811747470071507,-0.03402848144807447,True,NaN,NaN,False,0.1066763585621623,-0.1326815979290578,True,-0.012163618716395179,-0.1260941782029924,True,-0.040447767437300164,-0.08417986455506749,True,-0.08468531646817784,-0.04304280791137105,True
321,10.7,-0.017113625827482604,0.024706930465350996,True,0.03894621852785739,0.028191546037484607,True,0.017832630708893703,-0.04489586265025674,True,0.06794582624562735,-0.023401690106528792,True,NaN,NaN,False,-0.013888052940881506,-0.1342450725765271,True,-0.037291473792866084,-0.08312660240803481,True,-0.08419518208060835,-0.04366817555740457,True
324,10.8,-0.01838228891272269,0.025963939614584975,True,0.03753853316901875,0.029953349218328134,True,0.02149533124833942,-0.03902117107002907,True,0.0757701996071238,-0.0013353122160593659,True,NaN,NaN,False,-0.016386946531807424,-0.138265505911109,True,-0.033731428302801646,-0.07275247933252824,True,-0.08495546166469821,-0.04344187249361776,True
327,10.9,-0.016278634282634815,0.025894733267656046,True,0.033862763150165655,0.030431992740843385,True,0.026900690242924824,-0.034248120143505166,True,0.0751875618568507,0.008826739832060343,True,NaN,NaN,False,-0.013293235196377696,-0.12896489446184242,True,-0.03959985420167459,-0.08431924718687024,True,-0.08517039873405013,-0.04497137088794083,True
330,11.0,-0.01717154175288711,0.0247913642932925,True,0.033477078357735834,0.03169739047722042,True,0.024559828740163957,-0.03718370881790769,True,0.0794771865875459,0.006883785837792859,True,NaN,NaN,False,-0.015157560125231595,-0.13828076482378063,True,-0.047793517962070466,-0.09137598039316773,True,-0.084098824911206,-0.04278844203951008,True
333,11.1,-0.01664839257430728,0.02522025031533709,True,0.03207233832065246,0.032013784008340755,True,0.027116352783592153,-0.03100724278064929,True,0.07784617698368068,0.009819383835517635,True,NaN,NaN,False,-0.015388328709841493,-0.13630358319686825,True,-0.04712107684309154,-0.09269392570146007,True,-0.08528679120892892,-0.04480654025219882,True
336,11.2,-0.010527864710269745,0.020546434227974596,True,0.030118053555948352,0.032486039356664435,True,0.026678244601941584,-0.032761405640483625,True,0.07665872228098204,0.01487833699469141,True,NaN,NaN,False,-0.015226998023760475,-0.1367966448632294,True,-0.04108802281286736,-0.0837644555947397,True,-0.08479449170283718,-0.04467907464759549,True
339,11.3,-0.01778196690998967,0.02659834546201521,True,0.027173921551743026,0.03363200152065862,True,0.02554950069771147,-0.036443344178038704,True,0.0768432483497781,0.019589813360220327,True,NaN,NaN,False,-0.014979628782880153,-0.1359505573363217,True,-0.04609560385111824,-0.0876050761010685,True,-0.08435531695295394,-0.04308618685496074,True
342,11.4,-0.02258192624058415,0.023767513170067495,True,0.025604532999630815,0.033378807769088206,True,0.025101100331915382,-0.03411699624543434,True,0.07670125190931601,0.022112252954505675,True,NaN,NaN,False,-0.013806616981692376,-0.13194933463879635,True,-0.0426570328599691,-0.08392847916935868,True,-0.08471892341859241,-0.04335366608696679,True
345,11.5,-0.017563285176922204,0.026336571267977223,True,0.024745022055650923,0.033435648515765776,True,0.015613657070970446,-0.045904726319651985,True,0.07718968874156286,0.025232167485241992,True,NaN,NaN,False,-0.01515050503244261,-0.13606971274152074,True,-0.03917778595464204,-0.08066542087247854,True,-0.08462430137522715,-0.04332155210055484,True
348,11.6,-0.021796658343272032,0.024249664242333043,True,0.022996006124639073,0.03324860680331158,True,0.02423125602286479,-0.0369381492441626,True,0.0760937026967071,0.029331380979019175,True,NaN,NaN,False,-0.013056480199184246,-0.1325807964634267,True,-0.04419328372264593,-0.08591041554437237,True,-0.08453680047072105,-0.04301485936501863,True
351,11.7,-0.01930677611912192,0.027639771906715294,True,0.02239200687330253,0.03499571660716326,True,0.024694071258472058,-0.03736491625141664,True,0.07427108938805942,0.03363131125688608,True,NaN,NaN,False,-0.014430149739489438,-0.1367567258735263,True,-0.04960129875684249,-0.09242845143455153,True,-0.08453899065826864,-0.043891200127221454,True
354,11.8,-0.018538002317711636,0.0267941425901754,True,0.02054958055550748,0.04087044822891678,True,0.024730121124539074,-0.0377375093778933,True,0.07072860907418928,0.03684818329269125,True,NaN,NaN,False,-0.012605110139123835,-0.13279554615866135,True,-0.047149089414181035,-0.09204758835327803,True,-0.08458100715941297,-0.04377718160816539,True
357,11.9,-0.020451412046727235,0.031160953011870225,True,0.01765926912655366,0.03441313486726562,True,0.022972065906503802,-0.03554682756593404,True,0.06752885388181788,0.036609015846764334,True,NaN,NaN,False,-0.011648776864747598,-0.12874620722670424,True,-0.046235637553688674,-0.09178467094914267,True,-0.0850509090065895,-0.04407789859994414,True
360,12.0,-0.01940697253393884,0.031041902088115653,True,0.016106096931650424,0.03422804420377305,True,0.0229710480340896,-0.03496489191852128,True,0.06224031596783497,0.03799259097470658,True,NaN,NaN,False,-0.0131607498066705,-0.12356538720489678,True,-0.04397055272715435,-0.08990368264484415,True,-0.08502192956231475,-0.0441757618200355,True
363,12.1,-0.020484700109699338,0.036912060319989635,True,0.01145115148029567,0.0344937249435576,True,0.02321860581691616,-0.03378734250158746,True,0.0577506623909246,0.03789357048102749,True,NaN,NaN,False,-0.012984173177236755,-0.12356018259328733,True,-0.04078229938686383,-0.08328457057885451,True,-0.08509511712627517,-0.04415127654205337,True
366,12.2,-0.024050580476503682,0.025090772642076018,True,0.009109909336617285,0.03480029664153369,True,0.026837576243970034,-0.032793169019062735,True,0.05302751085516536,0.040603212238860834,True,NaN,NaN,False,-0.01383841352395793,-0.12596190352179557,True,-0.03802395903449286,-0.08058169009164189,True,-0.08512122905134988,-0.044162110286478595,True
369,12.3,-0.02256843932963458,0.025991100178328102,True,0.004280121463351747,0.03352375895004442,True,0.024884139876860865,-0.03562378370262161,True,0.04451488283315373,0.044983283151376875,True,NaN,NaN,False,-0.014020448014455284,-0.12716065478125338,True,-0.0420424983220121,-0.08234948668399561,True,-0.08502884794080393,-0.04360658628502284,True
372,12.4,-0.027409952934569836,0.021855080252259303,True,0.00010897433509405613,0.03358806403055835,True,0.024413343410067692,-0.037068621774548595,True,0.036251132630193444,0.04732659253481502,True,NaN,NaN,False,-0.01266152980954726,-0.1279340172592479,True,-0.03702988749063065,-0.08140052210078601,True,-0.08512167157647649,-0.04500247186240181,True
375,12.5,-0.030894377005068824,0.021410855307104282,True,-0.0030949333750278835,0.03311442496044186,True,0.024769567108853065,-0.036479350292489866,True,0.028892998236951455,0.051851533891082054,True,0.07277121878041473,-0.09045528184009727,True,-0.016243392173020347,-0.11663549204863191,True,-0.04073276345728818,-0.07568863309373587,True,-0.08536017558214988,-0.04505886484448673,True
378,12.6,-0.03285247866692347,0.04591531372417201,True,-0.005420263638368698,0.03146973583156362,True,0.024708111968706828,-0.03672687704085121,True,0.022067824908378587,0.05342791113658433,True,NaN,NaN,False,0.007230350937068443,-0.14841030321670018,True,-0.04300626020388721,-0.08704530256250129,True,-0.08531207569105044,-0.04410562735413966,True
381,12.7,NaN,NaN,False,-0.008053895086999824,0.029702890941472514,True,0.02367826822928312,-0.037644088997752415,True,0.015439219228368967,0.04715538582213067,True,NaN,NaN,False,0.035029120387731476,-0.16954240725962105,True,-0.04616569309701386,-0.0882803521098031,True,-0.08490985963397951,-0.04407886940651502,True
384,12.8,NaN,NaN,False,-0.010579207971372084,0.029620837218469916,True,0.025790176840633613,-0.0321088568127934,True,0.008917892518207337,0.04665928167013011,True,NaN,NaN,False,0.04071727187204903,-0.16616851886403836,True,-0.0427575385277213,-0.08528498114925163,True,-0.08491215097922897,-0.04333722820828025,True
387,12.9,NaN,NaN,False,-0.011107564807492868,0.02892512470301953,True,0.023563354080140896,-0.0334681989411784,True,0.011929161285921377,0.04748021716681348,True,0.06384274653436688,-0.08202176948152055,True,0.06562097408970446,-0.187641552178188,True,-0.047438376335356226,-0.08956819392683761,True,-0.08508372320405522,-0.044629679375755474,True
390,13.0,-0.03285247866692347,0.0032955961705603567,True,-0.011858894809637071,0.026541846187664895,True,0.024352523864023454,-0.032922424231714216,True,0.010727905146173364,0.04855646002753429,True,0.06668534014110905,-0.07012435717519648,True,0.0849297302267596,-0.20410509017534825,True,-0.04736314853998765,-0.08980922032661133,True,-0.0848371749497794,-0.044362615810584226,True
393,13.1,NaN,NaN,False,-0.014289169408450552,0.025563834839444764,True,0.023463982715166545,-0.034219298223880874,True,0.009735391127155829,0.04833821521504738,True,NaN,NaN,False,0.08586875059367298,-0.21341809675239926,True,-0.04203758225358795,-0.09018218640192292,True,-0.08523390056700676,-0.04345457147678959,True
396,13.2,NaN,NaN,False,-0.013661272728972518,0.02496401991440089,True,0.020566227783871332,-0.036789826504589555,True,0.005263105820580545,0.05063213962556194,True,NaN,NaN,False,0.09881671463632889,-0.2268817057314621,True,-0.0459410633351348,-0.08871502350037523,True,-0.0850917632742919,-0.044222294884617624,True
399,13.3,NaN,NaN,False,-0.017186973043990902,0.02647011209714285,True,0.02573287869110212,-0.03364085914334154,True,0.0025028889083525585,0.0498931755282262,True,NaN,NaN,False,0.0972450461025677,-0.2239805072489852,True,-0.04719472358063448,-0.08845760075778188,True,-0.08512438283341339,-0.04406697019245735,True
402,13.4,NaN,NaN,False,-0.020010781537152408,0.028235825671683628,True,0.02456660038364507,-0.034819377652667384,True,0.0007793325695096106,0.047427508170017486,True,NaN,NaN,False,0.1007313282155785,-0.21335463472696556,True,-0.042971197302955566,-0.08295515135084551,True,-0.08546163034799248,-0.04403748620756598,True
405,13.5,NaN,NaN,False,-0.023783649967411134,0.021239831285958927,True,0.02199288363626677,-0.03644496359775214,True,-0.007586047815681363,0.04485280323928777,True,NaN,NaN,False,0.06906909641933925,-0.19434825042761178,True,-0.046563112059055195,-0.08759770837671718,True,-0.0852408975828567,-0.04434645807962571,True
408,13.6,NaN,NaN,False,-0.027670417561473655,0.02297410668610723,True,0.016353314656669806,-0.03902323467274757,True,-0.011023007663273559,0.046194551319761405,True,NaN,NaN,False,0.05856729870232588,-0.20407204091511882,True,-0.043915082625396264,-0.0844519237916582,True,-0.08532832782664465,-0.04383850863359539,True
411,13.7,NaN,NaN,False,-0.031595816493827214,0.020234786569744177,True,0.0066250583736505555,-0.04637399947462613,True,-0.016184135667305265,0.04276632997199082,True,NaN,NaN,False,0.04929084829944063,-0.21436344075584285,True,-0.04381081840237674,-0.08644031253282256,True,-0.08536539914913024,-0.044921850086918826,True
414,13.8,NaN,NaN,False,-0.03641524621083274,0.015919546915132622,True,0.006166494700131292,-0.04636193956586741,True,-0.020130748880061385,0.04523710114416344,True,0.0011295843812889478,0.06712018421710406,True,0.05570196853355119,-0.20837739848360573,True,-0.04988235488214567,-0.090869291639758,True,-0.08546325634583435,-0.043902723171468004,True
417,13.9,NaN,NaN,False,-0.034572850508314004,0.014667922131383071,True,0.011796749246383978,-0.03881674379312735,True,-0.02296653078326085,0.04317690314160756,True,-0.00321891668724224,0.07051026069837932,True,0.07595240198591735,-0.20059598669190515,True,-0.04194986601389784,-0.08584771113682163,True,-0.0850529497727344,-0.0440200797433314,True
420,14.0,NaN,NaN,False,-0.03791926448511902,0.015025634121483545,True,0.01136588097557547,-0.039807338135359825,True,-0.02623986813600725,0.045007013402446935,True,-0.001701849819679967,0.0719282115137823,True,0.07877059111634514,-0.1905226431803879,True,-0.04596965386415655,-0.08923231329173431,True,-0.08582620314263782,-0.043667187738408816,True
423,14.1,NaN,NaN,False,-0.03743021415532211,0.01536472217171118,True,0.0194074130952432,-0.03222083512411602,True,-0.028471136209801438,0.04258698819590325,True,-0.007614886705293987,0.06077507516948518,True,0.09246978604429175,-0.1824046017416047,True,-0.04533197075427742,-0.08826609256296061,True,-0.08575752027760024,-0.04474066844742523,True
426,14.2,NaN,NaN,False,-0.038505162091106035,0.015490324317529234,True,-0.0005751459063215844,-0.05323709140221913,True,-0.033395348260447336,0.04576946601707124,True,-0.01486209211615217,0.0667385981862589,True,0.10240849640734029,-0.18444214446420168,True,-0.043358981178274004,-0.0866223146837527,True,-0.0857327422215526,-0.045599027117037255,True
429,14.3,NaN,NaN,False,-0.044321394468408624,0.015862445181937183,True,-0.0029782256574494865,-0.05791924851892389,True,-0.04169313571477883,0.04454317135210203,True,-0.02401856681571677,0.06791485459290912,True,0.1070574872682084,-0.1876070085791347,True,-0.043351139713790315,-0.08425687413543255,True,-0.08776444565363599,-0.05001971762822104,True
432,14.4,NaN,NaN,False,-0.04348108437169863,0.013679148161563579,True,-0.0031696521500556097,-0.06026767829005836,True,-0.04448016103926683,0.04389920832061687,True,-0.033328238370585204,0.06704948443486074,True,0.09913318625499881,-0.18621430076579107,True,-0.04023175603246575,-0.08510147456040207,True,-0.08806911030024399,-0.0518816988858574,True
435,14.5,-0.07141317550114354,-0.007866710807766505,True,-0.04402879984107998,0.013710850959830939,True,-0.0027228209099163054,-0.05968963031677093,True,-0.04928225159829491,0.044318641341857104,True,-0.037105056156790495,0.06922269000604965,True,0.09372944032369668,-0.18710254238904872,True,-0.04337895803256083,-0.08906567908777542,True,-0.08721833094134437,-0.05210620683269693,True
438,14.6,-0.08906457481376083,-0.005169598356065541,True,-0.04544387585176721,0.014894020715448673,True,-0.00275454429342037,-0.058933479676323265,True,-0.0566446460911644,0.04422041647094651,True,-0.04032010216698489,0.07049016162483876,True,0.09109668497585086,-0.1859361507090951,True,-0.04203787423825794,-0.08909567807501673,True,-0.08642240392498046,-0.05403209891513896,True
441,14.7,NaN,NaN,False,-0.04855871067119616,0.014999999080427168,True,-0.0034657171748417957,-0.05981303407742156,True,-0.06265409248369301,0.04217157347661774,True,-0.045331810992952644,0.0681509140685584,True,0.08830036371968511,-0.1877532071687197,True,-0.042729803532515515,-0.08606526772369585,True,-0.08523183930317131,-0.05414512611762019,True
444,14.8,-0.09779681017718884,-0.001778179728679126,True,-0.049022802223951785,0.01380414886600355,True,-0.0020835015850209455,-0.05951817052226507,True,-0.06665741638286964,0.04039390801371963,True,-0.053863527382996775,0.07042120957084078,True,0.08931365772901682,-0.19096210408504644,True,-0.04131031636075466,-0.08257864012222989,True,-0.08483456086423685,-0.05716423545839273,True
447,14.9,-0.0857354657149617,-0.017809531298030524,True,-0.050638997576045806,0.011868848403037929,True,-0.004439333631182367,-0.05251593872107395,True,-0.0740344162011455,0.03632880580032857,True,-0.05979540564021886,0.07099463168509675,True,0.103881500150155,-0.19441039720275874,True,-0.041413736802395594,-0.0834206651107732,True,-0.08306480851600444,-0.058539140368845416,True
450,15.0,-0.08537620677585059,-0.01867047095588042,True,-0.05151663207818274,0.010261804533395038,True,-0.0015081645278384528,-0.05141817698254724,True,-0.08062024576643281,0.03344688082002424,True,-0.06435499926830347,0.0674208941777165,True,0.1264986741525396,-0.20123241903519692,True,-0.0463666042583113,-0.08929159178544456,True,-0.08076966392884578,-0.058236649616024504,True
453,15.1,NaN,NaN,False,-0.052275128627409406,0.008986920973730468,True,-0.004094034993595184,-0.05442917504974547,True,-0.08605509441933483,0.026397107928528375,True,-0.06959270187793809,0.059893743236475665,True,0.15524890963847068,-0.21752096183796865,True,-0.04481598359092119,-0.08921577330223023,True,-0.08150284616109478,-0.06074931891638685,True
456,15.2,NaN,NaN,False,-0.053961467726484795,0.00710291208586101,True,-0.0044697519519212485,-0.054776628318384965,True,-0.09241393171269345,0.020152920549613505,True,-0.07834129568736699,0.05799991421531852,True,0.1640560181972309,-0.22557484871700276,True,-0.04631583372319844,-0.08967915264325436,True,-0.0808189535238772,-0.06037232189457721,True
459,15.3,-0.07923463390427068,-0.030372706125069378,True,-0.05462730243346165,0.006021992010435218,True,-0.004527923369105576,-0.05372720204686067,True,-0.09874514066353424,0.015405881436433575,True,-0.08512742144268667,0.058125646543981134,True,0.17433835407369017,-0.23113155407802483,True,-0.045516285684932836,-0.08930722264157274,True,-0.07923930880826897,-0.06123503397983389,True
462,15.4,NaN,NaN,False,-0.05379308690658785,0.006545152852358415,True,-0.002385119493700045,-0.05901619942993731,True,-0.10260862595880763,0.010059513899820292,True,-0.09346421830688098,0.05220443009054582,True,0.17890950858811852,-0.23186057983322508,True,-0.04350409186192823,-0.08693388095259803,True,-0.07895005720717885,-0.060648593322125174,True
465,15.5,NaN,NaN,False,-0.054054280557308106,0.005670245735468347,True,-0.0008206885622572625,-0.060027720675411254,True,-0.1109909481611529,3.1220879601261215e-05,True,-0.0827823150926307,0.06592650767518345,True,0.17905199612596176,-0.23469827881176283,True,-0.04727461734663328,-0.090666990533921,True,-0.07816414063755509,-0.06182709424407743,True
468,15.6,-0.06025086852281668,-0.03780198861327945,True,-0.04853951418903362,0.003811797073826569,True,-0.0011780764179604754,-0.05819122830396539,True,-0.10898687554594017,-0.008962451807100324,True,-0.0929275753861381,0.05879128489866649,True,0.17397149904704198,-0.2345161031197108,True,-0.03748430153751867,-0.08392242605536265,True,-0.07740930066898179,-0.06289469115027282,True
471,15.7,NaN,NaN,False,-0.046920496618477706,0.0021515940222426562,True,-0.0002208790750334014,-0.059070656277245205,True,-0.10835787542147206,-0.014396729971677123,True,-0.09206799349772611,0.055293643322021774,True,0.16978072517084686,-0.23454007820307043,True,-0.04190974334660146,-0.09108648754733141,True,-0.07533209195507293,-0.06474532553349281,True
474,15.8,NaN,NaN,False,-0.04477254592073187,5.884159458444547e-05,True,-0.0005948140067180142,-0.058567344610654735,True,-0.10464111164093984,-0.016902448703369367,True,-0.10484767730889996,0.03376831838614086,True,0.1566333242027223,-0.22403034318722123,True,-0.0346185962886806,-0.08324907258539543,True,-0.07397203535779134,-0.06818566678458848,True
477,15.9,NaN,NaN,False,-0.04287182335401177,-0.001099286859276888,True,-0.0015617864693479768,-0.05985154734028278,True,-0.10285656933470697,-0.020207277902366066,True,-0.08646537733555404,0.04254125275117777,True,0.16835765862583676,-0.23509765388544293,True,-0.03993759437856123,-0.09097376230290172,True,-0.06987137196092374,-0.06959857743697671,True
480,16.0,NaN,NaN,False,-0.039212672367806976,0.0007798582957599757,True,0.0018623025032013013,-0.05519090839848051,True,-0.10041126346716478,-0.022539510901063264,True,-0.10391134643264088,0.022598629954286447,True,0.16974335494590082,-0.23582664730530262,True,-0.03828595750374584,-0.08982840087923719,True,-0.0681849821588776,-0.07088473436925255,True
483,16.1,NaN,NaN,False,-0.04634587707636614,-0.0028540526671868433,True,0.009217121908924823,-0.07095737401116171,True,-0.09923031552731144,-0.026870961792560023,True,-0.10966971423516056,0.007544682145859964,True,0.16942931646632436,-0.2317922588742959,True,-0.034250665768550015,-0.0876405417745167,True,-0.06499518642231115,-0.07476420404132912,True
486,16.2,-0.045029540825098226,-0.03678723343343156,True,-0.047691787242090014,-0.004242986559559955,True,0.008232096435123376,-0.06910328300704915,True,-0.09893247359695548,-0.03191681645338063,True,-0.1135444451486143,0.0031109541730039688,True,0.17277386508071085,-0.23053678056938015,True,-0.03921179347324793,-0.0928121130798587,True,-0.06432733271689917,-0.07573451351900425,True
489,16.3,NaN,NaN,False,-0.04583947761143622,-0.006518195014374422,True,0.01954737932694639,-0.07681757570053477,True,-0.09722578841526833,-0.04048363864161478,True,-0.11149662179014296,-0.003943360790025801,True,0.1763257667180512,-0.23705742554573628,True,-0.03376635175286833,-0.09139560099925204,True,-0.06170983711743936,-0.0789610862212842,True
492,16.4,NaN,NaN,False,-0.043777743096676994,-0.007001993795367651,True,0.018392657915395304,-0.07788481821727136,True,-0.09390736692554669,-0.04346939855075212,True,-0.11127223266816344,-0.005089627637173908,True,0.17571838918146768,-0.24203166768065326,True,-0.028059915967851,-0.09605424184598588,True,-0.05812279474609368,-0.08075967788379956,True
495,16.5,NaN,NaN,False,-0.04191193342691077,-0.007832469182910657,True,0.019297243078651903,-0.07125615630008415,True,-0.09275617127814635,-0.049778059530981654,True,-0.11172274722166675,-0.010354314700782831,True,0.17923215758167216,-0.24423832108273938,True,-0.01850145959627051,-0.09584796892358217,True,-0.052706144447743096,-0.08191486957997891,True
498,16.6,NaN,NaN,False,-0.04186594282362655,-0.00951075156022732,True,NaN,NaN,False,-0.08956399673820598,-0.059579694897748635,True,-0.10436063172588872,0.004233475957995488,True,0.17567459600108842,-0.24039272135281,True,-0.008547169104123427,-0.09960984893840762,True,-0.04846771685244637,-0.08352255171608435,True
501,16.7,NaN,NaN,False,-0.036917815945168735,-0.005484894378005294,True,NaN,NaN,False,-0.08734108315871314,-0.06362782759410195,True,-0.11093450301871932,-0.02042697018087241,True,0.18566699486273727,-0.2516841400844958,True,0.002250307443999692,-0.10342893655978785,True,-0.04507830517719956,-0.08146989509985195,True
504,16.8,NaN,NaN,False,-0.03556537271837745,-0.005207578620145519,True,NaN,NaN,False,-0.08436074798627304,-0.06974500524791737,True,-0.11195362945252704,-0.03696057865299672,True,0.1812608642809827,-0.2412604021727827,True,0.0010042259352898745,-0.10986680562281648,True,-0.039845939617141404,-0.08200739958856604,True
507,16.9,NaN,NaN,False,-0.03529899524098123,-0.0058336753234920725,True,NaN,NaN,False,-0.08092093518005754,-0.07303226180168366,True,-0.11151464890109065,-0.04397004118940026,True,0.1798566175650371,-0.24602581942797594,True,-0.005867070570270708,-0.10795972318900372,True,-0.034461367183644474,-0.08124181908726949,True
510,17.0,-0.011035242300193693,-0.03425034548381181,True,-0.034980042542700554,-0.005154938818558835,True,NaN,NaN,False,-0.07848531328501834,-0.0772035349468946,True,-0.110075085811985,-0.04903537431143421,True,0.17719756913678705,-0.24311469477240266,True,-0.004242595382028228,-0.10699172444739823,True,-0.02903464613520586,-0.08157012797107321,True
513,17.1,-0.04197156237771872,-0.06764127606394194,True,-0.03467978895102525,-0.00668818235452166,True,NaN,NaN,False,-0.07424874255198123,-0.07792800262990807,True,-0.10782217645072083,-0.05033189443845947,True,0.17236547635847008,-0.24218757719750414,True,-0.008213008663249201,-0.11015287652027507,True,-0.027376341415377516,-0.08076877202535877,True
516,17.2,NaN,NaN,False,-0.03518256227656813,-0.007029860187852178,True,NaN,NaN,False,-0.07073993573354694,-0.08034011402600777,True,-0.10628391574683443,-0.0571428858501626,True,0.16995309764564198,-0.2378399885377018,True,-0.003339034511192585,-0.10647179795706216,True,-0.023964942778058544,-0.08126298031098528,True
519,17.3,-0.011300537772049382,-0.035550293295904555,True,-0.03489308935675437,-0.006598035576078863,True,NaN,NaN,False,-0.06680779397824217,-0.08176781866221855,True,-0.10473097057281618,-0.06319666696998141,True,0.1682099851623834,-0.23841285827389344,True,0.00024488269526911645,-0.10219460241964502,True,-0.021396665630637756,-0.0799278019161825,True
522,17.4,-0.004389896840369291,-0.03612894353470972,True,-0.03506468718390643,-0.006875330134216142,True,NaN,NaN,False,-0.06694927771504502,-0.08459531473535073,True,-0.09703858147457325,-0.07677131169441813,True,0.1677405870926361,-0.2390153265364824,True,-0.0013720448164903291,-0.09666627130372264,True,-0.019900921675488605,-0.07776156683705812,True
525,17.5,NaN,NaN,False,-0.034657050095093574,-0.006434584277125939,True,NaN,NaN,False,-0.06312934987362931,-0.08461012395184322,True,-0.09662155200539514,-0.07264289632646959,True,0.16461531685400904,-0.23833931755517931,True,0.003190507734923922,-0.09472697676921414,True,-0.017537712517703488,-0.07477226782715576,True
528,17.6,NaN,NaN,False,-0.034924699083770154,-0.006621932527800257,True,NaN,NaN,False,-0.0609707490483407,-0.08545138949573881,True,-0.09692283214451348,-0.07602647396939329,True,0.17244739917960697,-0.24509068488246907,True,0.007009434307486843,-0.0921262044452511,True,-0.013183865191296657,-0.06943967008405072,True
531,17.7,NaN,NaN,False,-0.034678867234844604,-0.006302587633199084,True,NaN,NaN,False,-0.058369052098847164,-0.08846343130702455,True,-0.09669361303212487,-0.0784950456113564,True,0.17624124537460692,-0.25120180553091115,True,0.004396493951876369,-0.09117384963420332,True,-0.012518628843756218,-0.06593910213967508,True
534,17.8,NaN,NaN,False,-0.034590837609362,-0.006142963842488717,True,NaN,NaN,False,-0.05627137788564775,-0.08950417429120877,True,-0.09649580059216212,-0.08248900339992937,True,0.17580595394334123,-0.2493747436364334,True,0.013011681549633058,-0.09115736883153647,True,-0.011591544080002248,-0.06280379609858977,True
537,17.9,NaN,NaN,False,-0.034189607122089724,-0.0053575897909286735,True,NaN,NaN,False,-0.05156877273421309,-0.09100910579882165,True,-0.08739101363079409,-0.08688671452908456,True,0.19801409315369561,-0.2698298416920899,True,0.017964419136377908,-0.08489384926321686,True,-0.010389834650010742,-0.0631983654899023,True
540,18.0,NaN,NaN,False,-0.03425835701674061,-0.005791075212623122,True,NaN,NaN,False,-0.04589966810722026,-0.09238941185772848,True,-0.08212247083619155,-0.08662272243684034,True,0.19523555835277934,-0.2675610392532186,True,0.02904630798561883,-0.07912063957850823,True,-0.006692398006863928,-0.06258872053203597,True
543,18.1,-0.014586885429661332,-0.03425034548381181,True,-0.034625052326369324,-0.006027692049778992,True,NaN,NaN,False,-0.044554475900115284,-0.09083188430595404,True,-0.07480699680958082,-0.09991204890785146,True,0.19229032729503706,-0.2638468884339133,True,0.02758461939299704,-0.0799221134268317,True,-0.006204418159780917,-0.05905261824957406,True
546,18.2,NaN,NaN,False,-0.034933303980002536,-0.00615774100433558,True,NaN,NaN,False,-0.04386536821587798,-0.09294847844350487,True,-0.08352601091446693,-0.09571246448217813,True,0.1876488194541849,-0.25934987574957824,True,0.025931501192164846,-0.07945025718807987,True,-0.00662137021193068,-0.060250963824207866,True
549,18.3,NaN,NaN,False,-0.041228782117228045,-0.020006522038329647,True,NaN,NaN,False,-0.037105853969564,-0.09603828381035147,True,-0.07463422182284367,-0.10093952005909619,True,0.18252587676323354,-0.2535559072102716,True,0.023984019654056984,-0.08131589364320624,True,-0.005024528498009589,-0.06180511526972714,True
552,18.4,-0.02422705963821635,-0.05200856113115,True,-0.04331135798194005,-0.024689898305100554,True,NaN,NaN,False,-0.03250829501213224,-0.09783428813255078,True,-0.07431998129646666,-0.09260812422388716,True,0.1776985246852501,-0.24899855893242193,True,0.03387625855016572,-0.07353758949323612,True,-0.002789953783302617,-0.06184427705213919,True
555,18.5,NaN,NaN,False,-0.04293467504329818,-0.021071166853371712,True,NaN,NaN,False,-0.026598197490262834,-0.10092576966282632,True,-0.07892818215617846,-0.08799095143698103,True,0.17177671803697125,-0.24446739552370336,True,0.03644115377118553,-0.075917635815482,True,-0.0013017222288858141,-0.06026843601924805,True
558,18.6,NaN,NaN,False,-0.04175291705865877,-0.020080221315258304,True,NaN,NaN,False,-0.023858841435820104,-0.1016277085276365,True,-0.0835296624933771,-0.10078029253775546,True,0.1678621902206246,-0.2413018096810124,True,0.03648253596999997,-0.07274514912453527,True,-0.001271249340336092,-0.05884015987939515,True
561,18.7,-0.020168038918824762,-0.04744216282183447,True,-0.04185198117294738,-0.016760151331715985,True,NaN,NaN,False,-0.016507665128804923,-0.1048766499510996,True,-0.07317208447954657,-0.08672671835101274,True,0.16348564540510274,-0.23787113362470208,True,0.03954089772099808,-0.06914237998810316,True,0.002257252502738264,-0.05576892583421002,True
564,18.8,NaN,NaN,False,-0.042430230056839414,-0.017340834168710084,True,NaN,NaN,False,-0.014732830664774642,-0.10547032210395163,True,-0.07127351407395192,-0.0971003448749254,True,0.16036184122100222,-0.23504465538131777,True,0.0421103678720377,-0.06591571823175685,True,0.0031427377450946245,-0.053825085329790315,True
567,18.9,NaN,NaN,False,-0.042431592242076814,-0.017646387404018797,True,NaN,NaN,False,-0.006766654458833196,-0.11054368922652187,True,-0.0716227962894689,-0.10699114108713394,True,0.15489438730121496,-0.23147769653015,True,0.042691849248334406,-0.06215968733608379,True,0.0007748639011781241,-0.0563034147276643,True
570,19.0,NaN,NaN,False,-0.0426044842887166,-0.01783165569586226,True,NaN,NaN,False,-0.002504855899440585,-0.11122564662080396,True,-0.06850408005312399,-0.1080675813594396,True,0.15802934551222825,-0.23278425629637786,True,0.044692888056110595,-0.06151127230925382,True,0.0014975305980669453,-0.05611236222096828,True
573,19.1,NaN,NaN,False,-0.04753129877343739,-0.027979138398065408,True,NaN,NaN,False,0.0030098609578385485,-0.11304241002933552,True,-0.06498100652144953,-0.10667930437155407,True,0.16271809451365757,-0.2387748117200356,True,0.040251169933346376,-0.05788356149471285,True,0.0025831442213739234,-0.05501473029496693,True
576,19.2,NaN,NaN,False,-0.048581183954565864,-0.03425034548381181,True,NaN,NaN,False,0.007767940697786044,-0.11253085867398424,True,-0.06133703240050572,-0.10716238433214215,True,0.16372707759424776,-0.24217895262554465,True,0.04281760750302169,-0.05760803150081609,True,-0.0011072752057997577,-0.07715303824499721,True
579,19.3,NaN,NaN,False,-0.056037428536926476,-0.029816306545780838,True,NaN,NaN,False,0.01455517043377381,-0.11127140763005193,True,NaN,NaN,False,0.16107276390187336,-0.23882002504775166,True,0.01382625960607977,-0.08701761483590244,True,0.00012706467813316738,-0.08194383893666295,True
582,19.4,NaN,NaN,False,-0.05264020467395745,-0.031206079944268123,True,NaN,NaN,False,0.016640108438119347,-0.10870950451375003,True,NaN,NaN,False,0.16205292762756054,-0.23766910413999603,True,NaN,NaN,False,-0.007584314572471225,-0.08130914187660825,True
585,19.5,NaN,NaN,False,-0.05350973221031261,-0.03011227680656977,True,NaN,NaN,False,0.023936771824445945,-0.10777696015267794,True,NaN,NaN,False,0.16566610295271988,-0.23779568295339903,True,NaN,NaN,False,NaN,NaN,False
588,19.6,NaN,NaN,False,-0.045804914823857956,-0.018525389777736295,True,NaN,NaN,False,0.024932760169369746,-0.10604487177441936,True,NaN,NaN,False,0.1632859491788375,-0.23808106444816884,True,NaN,NaN,False,NaN,NaN,False
591,19.7,NaN,NaN,False,-0.04515916563643179,-0.017949066695219694,True,NaN,NaN,False,0.026061388008700424,-0.1041479722301139,True,NaN,NaN,False,0.16375163586020572,-0.2383524168173022,True,NaN,NaN,False,NaN,NaN,False
594,19.8,NaN,NaN,False,-0.04519496320234835,-0.016119312239984446,True,NaN,NaN,False,0.03413033131255425,-0.10207153782264432,True,NaN,NaN,False,0.16381552991854495,-0.23750557679888654,True,NaN,NaN,False,NaN,NaN,False
597,19.9,NaN,NaN,False,-0.04557344004443477,-0.015831839256111757,True,NaN,NaN,False,0.04183726092239952,-0.09676063123608517,True,NaN,NaN,False,0.16200792383000556,-0.23379591414330061,True,NaN,NaN,False,NaN,NaN,False
600,20.0,NaN,NaN,False,-0.04663286501826442,-0.010257316582694347,True,NaN,NaN,False,0.03776293710434708,-0.09578041945550278,True,NaN,NaN,False,0.16655994121775958,-0.23600147456579973,True,NaN,NaN,False,NaN,NaN,False
603,20.1,NaN,NaN,False,-0.04544641511213633,-0.013492941231571992,True,NaN,NaN,False,0.03871968558835414,-0.08959342146244459,True,NaN,NaN,False,0.1644234820067715,-0.234512553332757,True,NaN,NaN,False,NaN,NaN,False
606,20.2,NaN,NaN,False,-0.04662823440767189,-0.017819183925038517,True,NaN,NaN,False,0.03810495659835012,-0.08423195726463019,True,NaN,NaN,False,0.16913228414613676,-0.23718892602693473,True,0.02873047631009575,-0.06022173586804391,True,NaN,NaN,False
609,20.3,NaN,NaN,False,-0.044905243503871824,-0.015541796092973806,True,NaN,NaN,False,0.04173202705189692,-0.07433317508780372,True,NaN,NaN,False,0.17164847370377617,-0.23509977039489446,True,0.029554964893722165,-0.04439789728229078,True,-0.004439333631182367,-0.04997905077145421,True
612,20.4,NaN,NaN,False,-0.041840568664542374,-0.008511559687652012,True,NaN,NaN,False,0.08214188010942207,-0.06924957444961691,True,NaN,NaN,False,0.18219075741825108,-0.2437435356160756,True,0.0383143667492059,-0.053016726991648264,True,NaN,NaN,False
615,20.5,NaN,NaN,False,-0.041373769652764326,-0.00854409112872781,True,NaN,NaN,False,0.09042101579980645,-0.0660658695419018,True,NaN,NaN,False,0.18737127197582243,-0.2478822575255933,True,NaN,NaN,False,NaN,NaN,False
618,20.6,NaN,NaN,False,-0.038868207222070295,-0.00558033820975744,True,NaN,NaN,False,0.07822346505163452,-0.06285015247467855,True,NaN,NaN,False,0.1862293753949513,-0.24641195079568987,True,0.03529197947260081,-0.04971707149299679,True,NaN,NaN,False
621,20.7,NaN,NaN,False,-0.03916251348356537,-0.005592946724732313,True,NaN,NaN,False,0.08406575867443232,-0.05602087255153762,True,NaN,NaN,False,0.18613315870704,-0.24522323906165236,True,0.026491370684086187,-0.013964337731603164,True,NaN,NaN,False
624,20.8,-0.020168038918824762,-0.02917656958457233,True,-0.03826591636618557,-0.0044345921358892775,True,NaN,NaN,False,0.09634331388134548,-0.03949870291936917,True,NaN,NaN,False,0.18486514546004174,-0.24382959506258484,True,0.013222915676905743,-0.004103882493467697,True,NaN,NaN,False
627,20.9,NaN,NaN,False,-0.040455072550731455,-0.00582003030966375,True,NaN,NaN,False,0.0902451304577022,-0.03943470367829114,True,NaN,NaN,False,0.18469858593705954,-0.24144581729150597,True,0.012081606649125125,-0.003552554649170044,True,NaN,NaN,False
630,21.0,NaN,NaN,False,-0.04066950559632723,-0.003545553202277764,True,NaN,NaN,False,0.08435174460550858,-0.040338876562899195,True,0.0969849653421581,-0.053871008138065994,True,0.18446462704928718,-0.2408923090291728,True,0.007724169913478377,-0.007843875248163717,True,NaN,NaN,False
633,21.1,NaN,NaN,False,-0.04279390350164424,-0.00394829427008585,True,0.05441646679999563,-0.025624926455104693,True,0.09111545784202084,-0.025289317320102953,True,0.10178590719063185,-0.04597269092129663,True,0.1832947791465406,-0.23997292571938972,True,0.011161664371921377,-0.0009679287815046975,True,NaN,NaN,False
636,21.2,NaN,NaN,False,-0.043967792522160924,-0.004605667884303965,True,0.05492384438991958,-0.011418353937234142,True,NaN,NaN,False,0.10714641729961918,-0.037238632744655026,True,0.1867568900097505,-0.24420348267769462,True,0.007980732474994425,-0.002493148630966618,True,NaN,NaN,False
639,21.3,-0.012649186252904206,-0.012582906310297693,True,-0.04312729652754722,-0.00434619419711255,True,0.05254185164844278,-0.006795033007258372,True,NaN,NaN,False,0.10222707617146493,-0.03327674925299904,True,0.18171136891584633,-0.2396080310303423,True,0.013008349255260168,0.000991306498506734,True,NaN,NaN,False
642,21.4,NaN,NaN,False,-0.04272016258278828,-0.0030152332266930168,True,0.05678809020738746,-0.04015816673635091,True,NaN,NaN,False,0.1086705291892265,-0.02291638837556041,True,0.17823203056616155,-0.2368882367854249,True,0.010909090353600725,-0.00245986491048898,True,NaN,NaN,False
645,21.5,NaN,NaN,False,-0.043165479679508074,-0.0035553800368637797,True,0.05402533592748752,-0.06905443787101526,True,0.028244902567933775,0.08322960725807607,True,NaN,NaN,False,0.17467836065986383,-0.23258525250008033,True,0.01069182064461257,-0.002151851899888794,True,NaN,NaN,False
648,21.6,NaN,NaN,False,-0.043157331521340256,-0.0036981550306298652,True,0.040588750339180496,-0.08439233890900764,True,-0.010324046362180605,0.08916445207309837,True,NaN,NaN,False,0.17762309189017417,-0.2361072152455584,True,0.011587478348542225,-0.0020862233104974224,True,NaN,NaN,False
651,21.7,NaN,NaN,False,-0.04340235902183272,-0.004231274900849391,True,0.029807340839517044,-0.09382218929608184,True,-0.033786711975568116,0.08756577544523281,True,NaN,NaN,False,0.17587997954188975,-0.23415485918292264,True,0.012556708957029596,0.0033450710189491194,True,NaN,NaN,False
654,21.8,-0.031330345897151626,-0.050486428361378156,True,-0.04342921998591333,-0.0035169042035047373,True,0.010192886617795268,-0.09909955442730292,True,-0.050128889019820724,0.06366461781399346,True,NaN,NaN,False,0.16607695452253854,-0.22379617311184247,True,0.01027323019904405,-0.00286594552711355,True,NaN,NaN,False
657,21.9,NaN,NaN,False,-0.04360456200946493,-0.0031716403718997067,True,0.00125436085995925,-0.09888974746357769,True,-0.06086839053142377,0.04795867786504712,True,NaN,NaN,False,0.16610194542455925,-0.2260838718628248,True,0.015855769965775562,-0.00634457803799466,True,NaN,NaN,False
660,22.0,NaN,NaN,False,-0.044291402126531446,-0.0040976647787210356,True,-0.01558719267143773,-0.09598043571251545,True,-0.08042623016678137,0.03641185718778093,True,-0.051287197767493665,0.08404492920994251,True,0.16477754828199706,-0.22547116695598204,True,0.012434917503932686,0.00239359156625109,True,NaN,NaN,False
663,22.1,NaN,NaN,False,-0.04490303467934381,-0.0040478488142722665,True,-0.05063591635312071,-0.08584738133432099,True,-0.0695515075875806,0.040267565143807256,True,-0.06787596514511564,0.07476905197092022,True,0.16334012971023557,-0.22251698560353778,True,0.010274616476612132,-0.001778179728679126,True,NaN,NaN,False
666,22.2,NaN,NaN,False,-0.04200941373129082,-0.0012543441075713,True,-0.06876753856217341,-0.08827882064746011,True,-0.06371088150155839,0.03722702081544549,True,-0.07249753738583986,0.067483468664387,True,0.15952379161824856,-0.21885520176352946,True,0.011515233033018213,0.002211677698369213,True,NaN,NaN,False
669,22.3,NaN,NaN,False,-0.04353154372540262,0.0008945374299098237,True,-0.0623772568042131,-0.07679218538608056,True,-0.050397938880419185,0.04449689747761305,True,-0.07784036259177904,0.06279933058642749,True,0.15790266487418098,-0.21714437102875406,True,0.009628571709663107,-0.002422621406876379,True,NaN,NaN,False
672,22.4,NaN,NaN,False,-0.04575314121064045,0.0010226959904621937,True,-0.07126367828054064,-0.07354688817944208,True,-0.05026909852707612,0.04172102575473976,True,-0.06795012995148086,0.07327055754677729,True,0.15867325719201889,-0.21711401316846204,True,0.003968998468502444,-0.013611941627004794,True,NaN,NaN,False
675,22.5,NaN,NaN,False,-0.047417606519135805,0.0003839950417069906,True,-0.085737667330958,-0.06599119513918209,True,-0.04789096205963707,0.042520920792065806,True,-0.06133870277940263,0.07155652463694821,True,0.15814997131906808,-0.21717239699410376,True,0.01030622878751095,-0.038870484721655156,True,NaN,NaN,False
678,22.6,NaN,NaN,False,-0.04787185018669175,-0.002345000085265736,True,-0.09657355393304104,-0.04670565906232917,True,-0.047763861217116836,0.04384441391269623,True,-0.058153209166603666,0.08015852230342907,True,0.15998964331256077,-0.2175508429089628,True,NaN,NaN,False,NaN,NaN,False
681,22.7,NaN,NaN,False,-0.04830772480194842,-0.0028498439754230916,True,-0.09628122805705214,-0.033274894201774936,True,-0.039117799923365996,0.049736740708100725,True,-0.056286913429535415,0.0807543753640118,True,0.15588751896335004,-0.21594522212451725,True,NaN,NaN,False,NaN,NaN,False
684,22.8,NaN,NaN,False,-0.04742110394504013,-0.0030636874074936576,True,-0.10061095364042819,-0.025653408157867416,True,-0.042550736505301404,0.04658395880395723,True,-0.056744167930451846,0.07978306352618178,True,0.1585148505673716,-0.2189772719184498,True,NaN,NaN,False,NaN,NaN,False
687,22.9,NaN,NaN,False,-0.04444590559145055,-0.006475197566353003,True,-0.10335410578594827,-0.02182781224503641,True,-0.03791892727411868,0.04497472868420093,True,-0.06578470513528897,0.0722362855094642,True,0.16433679726848074,-0.22440600747641135,True,0.003171330217676857,-0.05657495944046554,True,NaN,NaN,False
690,23.0,NaN,NaN,False,-0.0466587564944191,-0.01690942755481746,True,-0.10470903374535775,-0.026767056762130172,True,-0.04003819377721858,0.04262856331121041,True,-0.07292144549523445,0.06529270157104893,True,0.16923821538293657,-0.2284035901184209,True,NaN,NaN,False,-0.00893614752688086,0.08915014908516607,True
693,23.1,-0.022197549278520554,-0.040338876562899195,True,-0.043546701576327215,-0.018463845975697286,True,-0.1030088312088563,-0.03282516384587255,True,-0.046539258538422265,0.044696529975153415,True,-0.0605515367242531,0.08046292525866439,True,0.16399151244563231,-0.22270698362508484,True,NaN,NaN,False,-0.014808684920317242,0.08634855050724477,True
696,23.2,NaN,NaN,False,-0.04395587663668236,-0.01868696547827949,True,-0.10271518858082967,-0.03274708921964033,True,-0.04561870119549846,0.04493206692433766,True,-0.06019353772169537,0.08240350209785519,True,0.16594352800748158,-0.22227068424808308,True,NaN,NaN,False,-0.01374154374214064,0.08633064247439519,True
699,23.3,NaN,NaN,False,-0.03410365063798342,-0.015562436779139537,True,-0.09706948282275914,-0.04763282423649745,True,-0.05078192970446685,0.039047130600811525,True,-0.0704844412345299,0.0739872910701367,True,0.16259466483214768,-0.22139297133180968,True,NaN,NaN,False,-0.019507682461595937,0.08755980839849498,True
702,23.4,-0.009177932819502351,-0.06051097953199677,True,-0.03220051504483824,-0.0235189225676905,True,-0.0944013401643863,-0.0582351314816025,True,-0.058786478769454295,0.03338134899428777,True,-0.08057013295739003,0.06681443826151558,True,0.1615222896182825,-0.22090771080671723,True,NaN,NaN,False,-0.0329854392512851,0.08990266384852733,True
705,23.5,NaN,NaN,False,-0.029911696074009196,-0.023844036133043284,True,-0.09225784722596891,-0.06677634054597589,True,-0.06651860681115658,0.024804674380657823,True,-0.09465817053712519,0.03442821033653111,True,0.16363057021510086,-0.2236054366042898,True,NaN,NaN,False,-0.04797897856845183,0.08326416997945235,True
708,23.6,-0.0008876905017147291,-0.05251593872107395,True,-0.02616858304571271,-0.02496606189559205,True,-0.09363478275915701,-0.05033191831341773,True,-0.0697102998373102,0.010560464766340271,True,-0.10753948490896088,0.03018148341036875,True,0.16184786690740988,-0.22180725530276768,True,NaN,NaN,False,-0.06601345269816034,0.07109477748955928,True
711,23.7,0.01128937165646003,-0.03526510066365971,True,-0.01982094978589613,-0.023571665565943742,True,-0.0767114034520797,-0.07279646535821685,True,-0.07040475288786702,-0.0032650972502005922,True,-0.10453616083914904,0.01062179904015943,True,0.1616885481514839,-0.22108147759686175,True,NaN,NaN,False,-0.07708129639458702,0.05947775850473421,True
714,23.8,0.005708218167296599,-0.04236838692259499,True,-0.017742310306782402,-0.02589793742531019,True,-0.06358130303580874,-0.08145592083693352,True,-0.06815407824182093,-0.012145176415680197,True,-0.09700013834739604,-0.004805755215922697,True,0.16307901956511786,-0.22317581161507213,True,NaN,NaN,False,-0.08148738598923065,0.041169636656120855,True
717,23.9,NaN,NaN,False,-0.015303073534283661,-0.032982833698799695,True,-0.05945804433591045,-0.08901474469157757,True,-0.06358247690769392,-0.025743856446671976,True,-0.09244706294289522,-0.038980333621629844,True,0.16016456000206136,-0.21760066900120248,True,NaN,NaN,False,-0.08672100166723097,0.02638107628416392,True
720,24.0,0.01672873275517337,-0.042761305594926705,True,-0.012128900467297313,-0.031290810993082445,True,-0.05365495985380535,-0.0951356562746856,True,-0.04823128402448416,-0.04561763058806202,True,-0.07542352573629149,-0.066375143970129,True,0.16380066388036246,-0.22209309910395789,True,NaN,NaN,False,-0.09386532699406229,0.005950471744309348,True
723,24.1,0.024909707310899233,-0.06339851846507326,True,-0.0078023795050021355,-0.033046177492616,True,NaN,NaN,False,-0.03021509563910619,-0.060201433194875045,True,-0.06965726368993841,-0.06380155772125577,True,0.16266286483238004,-0.2180016223311467,True,NaN,NaN,False,-0.09442144968475494,-0.015987313618198835,True
726,24.2,0.02912455789793526,-0.06703877136723564,True,-0.00565248851296518,-0.036676441569723224,True,NaN,NaN,False,-0.018272359842785788,-0.068092805286462,True,-0.046702996735724575,-0.07855382578736504,True,0.16557506557618937,-0.22360390846637132,True,NaN,NaN,False,-0.08931306726434182,-0.03375300328542801,True
729,24.3,0.03509262887517777,-0.07566008828964291,True,-0.004130801872960578,-0.03681951915449288,True,NaN,NaN,False,-0.01767431698452626,-0.07224414437547004,True,-0.04405315358157247,-0.085578663752077,True,0.1620274521699742,-0.2209792630966484,True,NaN,NaN,False,-0.0862520085993481,-0.058864103478410305,True
732,24.4,0.041416903648468464,-0.0755112740501628,True,0.0001752045790371363,-0.037897738239967324,True,NaN,NaN,False,-0.010387071042866321,-0.07371463699456027,True,-0.03912002601068192,-0.07573266688067382,True,0.16230195283545984,-0.21999279428952195,True,NaN,NaN,False,-0.08025470403010647,-0.07613705738222197,True
735,24.5,0.048460569696697466,-0.06500598899142865,True,0.0016606260683171587,-0.03167403322346812,True,NaN,NaN,False,-0.000977196169292355,-0.07285886041440892,True,-0.031592564094441784,-0.08297711510442352,True,0.16071054156163647,-0.22001715377685546,True,NaN,NaN,False,-0.06679678829376003,-0.08140290848714077,True
738,24.6,0.052478767623238505,-0.0670800916356528,True,0.0040362685012814824,-0.030460960697359762,True,NaN,NaN,False,0.0031854116874527575,-0.07157854314764989,True,-0.026695164341993115,-0.08190014134518628,True,0.16046417408411295,-0.21900082103396665,True,NaN,NaN,False,-0.06366888134053485,-0.09226260457207097,True
741,24.7,0.05152848212148335,-0.05177521025645928,True,0.008182199033000673,-0.02989747803821527,True,NaN,NaN,False,0.014583373071050076,-0.0715576342161723,True,-0.01640400517031924,-0.08202643528851102,True,0.16047347066468207,-0.21937042630711437,True,NaN,NaN,False,-0.05109514595382612,-0.08788391509129106,True
744,24.8,0.06107345781963845,-0.050373458852683066,True,0.009416599239694762,-0.02894515268901218,True,NaN,NaN,False,0.017515604687355524,-0.06723389093080472,True,NaN,NaN,False,0.15951989318450382,-0.21841047303464203,True,NaN,NaN,False,-0.05143653230637187,-0.10859195767554095,True
747,24.9,0.06636786248366851,-0.051228399890729324,True,0.011283699992669644,-0.027205823963594614,True,NaN,NaN,False,0.020048473650164485,-0.06524273346798365,True,NaN,NaN,False,0.1620056090979941,-0.2191545302469043,True,NaN,NaN,False,-0.03788063090165709,-0.10031128965747316,True
750,25.0,0.06939571237964581,-0.03497990803141487,True,0.010965623577067105,-0.027466806298138954,True,NaN,NaN,False,0.02012127669460457,-0.06162645327945742,True,NaN,NaN,False,0.16798479389917795,-0.22489781212865487,True,NaN,NaN,False,-0.025399135599745375,-0.1037866128269121,True
753,25.1,0.07014517208763803,-0.0383093662032034,True,0.015840964921098922,-0.0274055378872339,True,NaN,NaN,False,0.022246250931210167,-0.06193202540161504,True,NaN,NaN,False,0.17328250146095855,-0.2302994485607743,True,NaN,NaN,False,-0.023327389042636388,-0.11120171559327885,True
756,25.2,NaN,NaN,False,0.014152711853860337,-0.028004741772484854,True,NaN,NaN,False,0.026285962095889525,-0.06068011928426449,True,NaN,NaN,False,0.17423168038330794,-0.2343029250858967,True,NaN,NaN,False,-0.024543747503832366,-0.1084809280654058,True
759,25.3,NaN,NaN,False,0.0125739579189599,-0.024834124277105345,True,NaN,NaN,False,0.026763264509671394,-0.058506169469837416,True,NaN,NaN,False,0.1806181704378763,-0.23903885011506795,True,NaN,NaN,False,-0.02309026997845171,-0.10233092648094542,True
762,25.4,NaN,NaN,False,0.00923333635220671,-0.02316784807318059,True,NaN,NaN,False,0.02903190926810416,-0.060991318190796215,True,NaN,NaN,False,0.18113037082641342,-0.2400991294181084,True,NaN,NaN,False,-0.020099211258255013,-0.10142614219991848,True
765,25.5,NaN,NaN,False,0.012304126836307926,-0.026132304045028643,True,NaN,NaN,False,0.03704923096727946,-0.05836354620437079,True,NaN,NaN,False,0.18694166198897408,-0.24305799926950747,True,NaN,NaN,False,-0.018909997526877054,-0.1173438284167205,True
768,25.6,NaN,NaN,False,-0.006514708631775184,-0.012762761223529859,True,NaN,NaN,False,0.023041010136694833,-0.05131824522084209,True,NaN,NaN,False,0.18616788541335497,-0.24266394307213862,True,NaN,NaN,False,-0.021103555041193083,-0.10574873753585709,True
771,25.7,NaN,NaN,False,-0.009647070610269716,-0.015582031750256863,True,NaN,NaN,False,0.021414373339831247,-0.0554735643446774,True,NaN,NaN,False,0.17860059074578535,-0.2365848915808366,True,NaN,NaN,False,-0.024246956798605505,-0.09765880570879856,True
774,25.8,NaN,NaN,False,-0.012842218629221098,-0.015858038751439627,True,NaN,NaN,False,0.06399139957760087,-0.04911334716846821,True,NaN,NaN,False,0.17614234927436748,-0.2345116850428545,True,NaN,NaN,False,-0.023712750660451875,-0.0959507874847274,True
777,25.9,NaN,NaN,False,-0.013618430866384429,-0.016124297160381797,True,NaN,NaN,False,NaN,NaN,False,NaN,NaN,False,0.17461335167017203,-0.23229541012165256,True,NaN,NaN,False,-0.021250630296592944,-0.09843453987217646,True
780,26.0,NaN,NaN,False,-0.008010948910337108,-0.01766198788091296,True,NaN,NaN,False,NaN,NaN,False,NaN,NaN,False,0.16964107633392025,-0.2272367567113148,True,NaN,NaN,False,-0.015141736946127873,-0.10377709775360085,True
783,26.1,NaN,NaN,False,-0.005632753226281831,-0.016862299025362425,True,NaN,NaN,False,NaN,NaN,False,NaN,NaN,False,0.16993184438940792,-0.22621755965981774,True,NaN,NaN,False,-0.01215963183364322,-0.10633025864399587,True
786,26.2,NaN,NaN,False,-0.007035943346840902,-0.019209212769830973,True,NaN,NaN,False,NaN,NaN,False,NaN,NaN,False,0.16779349993877002,-0.22501291187305938,True,NaN,NaN,False,-0.007779569431514988,-0.1070227883814752,True
789,26.3,NaN,NaN,False,0.004074384996694711,-0.008073499754944037,True,NaN,NaN,False,NaN,NaN,False,NaN,NaN,False,0.1674907377216137,-0.22360799054849645,True,NaN,NaN,False,NaN,NaN,False
792,26.4,NaN,NaN,False,0.006047780947116655,-0.0071000068941036165,True,NaN,NaN,False,NaN,NaN,False,NaN,NaN,False,0.17279748105348536,-0.22976318933984127,True,NaN,NaN,False,NaN,NaN,False
795,26.5,NaN,NaN,False,0.0052131509705586054,-0.003045960836163564,True,NaN,NaN,False,NaN,NaN,False,NaN,NaN,False,0.17483759273887736,-0.2320004685513708,True,NaN,NaN,False,NaN,NaN,False
798,26.6,NaN,NaN,False,0.007455270899611953,-0.009020733290003375,True,NaN,NaN,False,NaN,NaN,False,0.029624081345600344,-0.05995957114456094,True,0.1760256963124249,-0.23336718348209531,True,NaN,NaN,False,-0.00646884399087816,-0.11695289264141538,True
801,26.7,NaN,NaN,False,0.007593073883933318,-0.010519208120337081,True,NaN,NaN,False,0.020319222097425316,0.08680238896531002,True,0.018430241440575,-0.05250046315188237,True,0.17663430491580687,-0.23451561484744163,True,NaN,NaN,False,NaN,NaN,False
804,26.8,NaN,NaN,False,0.007401433269232327,-0.009020592661800888,True,NaN,NaN,False,0.004399316846563457,0.09412195660903035,True,0.018662499180448648,-0.04142584278550786,True,0.17738796378324706,-0.23372301316190494,True,0.11825214359747233,-0.026902173511127773,True,NaN,NaN,False
807,26.9,NaN,NaN,False,0.006635510776826197,-0.011771636443864149,True,NaN,NaN,False,0.020422168275091097,0.09259405199717526,True,-0.022310299854059187,-0.0533413580287909,True,0.1779343526285742,-0.23492093637016867,True,0.10314215283401672,-0.037264137894831524,True,NaN,NaN,False
810,27.0,NaN,NaN,False,0.007613986074459742,-0.010057410522974545,True,NaN,NaN,False,-0.015448361292167014,0.09706854033988901,True,-0.048657930144638394,-0.056363196804895065,True,0.17996145909223282,-0.23694433094293837,True,0.08583451717436515,-0.04035671165393893,True,0.0389026922969739,-0.0891510671324229,True
813,27.1,NaN,NaN,False,0.0068700683414162425,-0.011308422126083939,True,NaN,NaN,False,-0.04816443499181536,0.0803315348932995,True,-0.06527295558852682,-0.04008332696993013,True,0.1825342528232857,-0.23847238794128145,True,0.06262517679726705,-0.04020638446059656,True,0.07330042233622791,-0.07645870443802288,True
816,27.2,NaN,NaN,False,0.008258344932048118,-0.010452913343751953,True,NaN,NaN,False,-0.06411312475800816,0.05892105244014178,True,-0.08704907906799962,-0.010358384282628136,True,0.18097021293631899,-0.2371067378263639,True,0.04426891500151667,-0.04642740764198657,True,0.10578098634464958,-0.05384965756389525,True
819,27.3,NaN,NaN,False,0.007938783186005034,-0.008261660335239758,True,NaN,NaN,False,-0.06357654911777773,0.03777945135043159,True,-0.08068278093913843,-0.0063068748200598,True,0.18002315119612228,-0.2357614803063805,True,0.018746926071005632,-0.041229695089815624,True,0.10976565718993689,-0.035248554960316064,True
822,27.4,NaN,NaN,False,0.01297329432564338,-0.004897240204471268,True,NaN,NaN,False,-0.045572847189505925,0.009870375741623971,True,-0.08201642754242462,0.023329670440294673,True,0.17870318609179736,-0.23471783688160403,True,0.02346643381463479,-0.04135363174274709,True,0.11622716932329268,-0.011351357728125906,True
825,27.5,NaN,NaN,False,0.012638716839225898,-0.0045499519963526705,True,NaN,NaN,False,-0.03721717186499665,-0.01303022696100612,True,-0.05689033260031547,0.05283150763343006,True,0.17612259215219875,-0.23168958225715552,True,0.02270155828868354,-0.032440241649488576,True,0.1170676759544398,0.008213189512357213,True
828,27.6,NaN,NaN,False,0.013062521081885376,-0.004467091850032639,True,NaN,NaN,False,-0.04213672707309709,-0.03780170658015555,True,-0.040045416171451756,0.07804890468513706,True,0.1753108192867579,-0.2323005167513935,True,0.013318882016155822,-0.04997905077145421,True,0.11383045516629756,0.02349924114615857,True
831,27.7,NaN,NaN,False,0.012177772185535353,-0.00538385824497588,True,NaN,NaN,False,-0.04770838582464317,-0.066501538223431,True,-0.04678915025797858,0.07034355064328039,True,0.17312243914392095,-0.22851259646280211,True,-0.011876039449210516,-0.0639536792482167,True,NaN,NaN,False
834,27.8,NaN,NaN,False,0.012936011854630789,-0.0045283406550202885,True,NaN,NaN,False,-0.039736558609504605,-0.06804296585092834,True,-0.052708267521386326,0.0754161752496942,True,0.17241111435711895,-0.2272542300106302,True,-0.013461198231944705,-0.0613614032278484,True,NaN,NaN,False
837,27.9,NaN,NaN,False,0.01768742753064493,-0.009267227639434045,True,NaN,NaN,False,-0.030975181584204838,-0.07669140895646434,True,-0.04248531234321685,0.08703257113447299,True,0.1746152922642831,-0.22821952835292342,True,-0.00646884399087816,-0.07281104231803188,True,NaN,NaN,False
840,28.0,NaN,NaN,False,0.02410750742520104,-0.013407429790389834,True,NaN,NaN,False,-0.02508569863654915,-0.08359173196376639,True,-0.0432276998967786,0.08205783595513275,True,0.17104207357507453,-0.22520506258035133,True,0.009675427703749517,-0.07316862271474017,True,NaN,NaN,False
843,28.1,NaN,NaN,False,0.024090618351757867,-0.013700932218678628,True,NaN,NaN,False,0.0040964564837900575,-0.09394787832223689,True,-0.044137675661035256,0.07890580766469456,True,0.16993771484491982,-0.22378173246486419,True,0.02554522588284418,-0.07347186522764589,True,NaN,NaN,False
846,28.2,NaN,NaN,False,0.023391725799697737,-0.01414820890239412,True,NaN,NaN,False,0.023389786591194943,-0.09850369358679494,True,NaN,NaN,False,0.17303283563631208,-0.2284956209540409,True,0.04230805969524295,-0.06578143465301292,True,NaN,NaN,False
849,28.3,NaN,NaN,False,0.024199622774828445,-0.01381648930264925,True,NaN,NaN,False,0.037705858779094645,-0.09509215890126832,True,NaN,NaN,False,0.1734381714454872,-0.2275501049672075,True,0.03886109448668877,-0.06463746701368489,True,NaN,NaN,False
852,28.4,NaN,NaN,False,0.023464406331757965,-0.013975347758715662,True,NaN,NaN,False,0.048581458053406266,-0.08780148657834067,True,NaN,NaN,False,0.16990370525168966,-0.22278227013053944,True,0.04576778177951061,-0.05818389225648544,True,NaN,NaN,False
855,28.5,NaN,NaN,False,0.034090736243816845,-0.01798851427769701,True,NaN,NaN,False,0.05382800293278669,-0.07869910415749932,True,NaN,NaN,False,0.17465295605272727,-0.227496832250904,True,0.049255457560734024,-0.04848540235760797,True,NaN,NaN,False
858,28.6,NaN,NaN,False,NaN,NaN,False,NaN,NaN,False,0.05079584605921453,-0.08303280035142244,True,NaN,NaN,False,0.17520452515592505,-0.22744485728939204,True,0.04832793572090825,-0.0530233163109979,True,NaN,NaN,False
861,28.7,NaN,NaN,False,NaN,NaN,False,NaN,NaN,False,0.05177186870634352,-0.08821033602046921,True,NaN,NaN,False,0.17989329225207176,-0.23247391458254685,True,0.0488353133108322,-0.051501183541226056,True,NaN,NaN,False
864,28.8,NaN,NaN,False,NaN,NaN,False,NaN,NaN,False,0.061625701327019715,-0.09382066774410586,True,NaN,NaN,False,0.17586786015469955,-0.22795627666618823,True,0.08628806316297334,-0.06044241923304909,True,NaN,NaN,False
867,28.9,NaN,NaN,False,NaN,NaN,False,NaN,NaN,False,0.05931195585166467,-0.10001106163008677,True,NaN,NaN,False,0.17402278954657885,-0.22543971948069785,True,0.0795527982341446,-0.0674900824647269,True,NaN,NaN,False
870,29.0,NaN,NaN,False,NaN,NaN,False,NaN,NaN,False,0.05568452108387624,-0.10318160489155177,True,NaN,NaN,False,0.17371028813040434,-0.2266292143663941,True,0.07621082623835528,-0.07084689461082229,True,-0.09321042613250881,0.00538807528551451,True
873,29.1,NaN,NaN,False,NaN,NaN,False,NaN,NaN,False,0.05078473384105206,-0.10837561271233997,True,NaN,NaN,False,0.18314138387882203,-0.23420340866941675,True,0.06738564177435323,-0.0769228934288016,True,-0.08669251329334501,-0.01600161119078524,True
876,29.2,NaN,NaN,False,NaN,NaN,False,NaN,NaN,False,0.04646879594108574,-0.10508125281044721,True,NaN,NaN,False,0.17723969656385263,-0.2300530277108225,True,0.0602180124297823,-0.0747121227252782,True,-0.08483966331587363,-0.03620882446382809,True
879,29.3,NaN,NaN,False,NaN,NaN,False,NaN,NaN,False,0.059558653160798,-0.09339232967919406,True,NaN,NaN,False,0.17862447400696713,-0.23187010730181606,True,0.057937286031114664,-0.06792869905064224,True,-0.07843078482573237,-0.04636556361372702,True
882,29.4,NaN,NaN,False,NaN,NaN,False,NaN,NaN,False,0.05157400955410182,-0.08958375698890521,True,NaN,NaN,False,0.1777776463831827,-0.23138835014427406,True,0.0518491151855566,-0.06213667921241659,True,-0.06321861439155774,-0.07158643773795263,True
885,29.5,NaN,NaN,False,NaN,NaN,False,NaN,NaN,False,0.046523309039258276,-0.08821946434427279,True,NaN,NaN,False,0.18222465620068742,-0.23375098834075725,True,0.04897755981752441,-0.06275435701713888,True,-0.051533099416042255,-0.09107100063527633,True
888,29.6,NaN,NaN,False,NaN,NaN,False,NaN,NaN,False,0.04808054769340281,-0.08456590568242493,True,NaN,NaN,False,0.17980769997977503,-0.23148931436052955,True,0.056498927780446864,-0.06170879873041252,True,-0.047766293661697455,-0.0926336712005494,True
891,29.7,NaN,NaN,False,NaN,NaN,False,NaN,NaN,False,0.05269743271579902,-0.08298770126733887,True,NaN,NaN,False,0.17878000490764528,-0.2326806797180485,True,0.0627001106466011,-0.059101277023628565,True,-0.044312940662632215,-0.09001664306246403,True
894,29.8,NaN,NaN,False,NaN,NaN,False,NaN,NaN,False,0.061244607997728524,-0.08274184375637092,True,NaN,NaN,False,0.18009069420552284,-0.23378936048187512,True,0.07065254967756197,-0.05454544908076975,True,-0.0395040208436019,-0.10907741329606069,True
897,29.9,NaN,NaN,False,NaN,NaN,False,NaN,NaN,False,0.06646900771815227,-0.08385765605470022,True,NaN,NaN,False,0.17573408558840234,-0.22968739194366944,True,NaN,NaN,False,NaN,NaN,False
900,30.0,NaN,NaN,False,NaN,NaN,False,NaN,NaN,False,0.05638203770544955,-0.07690904074230583,True,NaN,NaN,False,0.17804028729807106,-0.23205045511561226,True,NaN,NaN,False,NaN,NaN,False
903,30.1,NaN,NaN,False,NaN,NaN,False,NaN,NaN,False,0.0554781185751609,-0.0725349371798314,True,NaN,NaN,False,0.17558554256919923,-0.22932689448364546,True,0.020812458728878724,-0.020807007631125973,True,-0.011035242300193693,-0.0981799218142293,True
906,30.2,0.04629842536121246,-0.08725922321205663,True,NaN,NaN,False,NaN,NaN,False,0.04336428114393165,-0.06476204438734655,True,NaN,NaN,False,0.17703796243911063,-0.22944284315860297,True,0.01791588405311758,-0.008730058071891075,True,-0.006206971686401291,-0.1008695686081272,True
909,30.3,NaN,NaN,False,NaN,NaN,False,NaN,NaN,False,0.03276310895475282,-0.05888923900437079,True,NaN,NaN,False,0.1801653627114276,-0.23191661753119466,True,0.01720600431710307,-0.008138421211113774,True,0.013275156792959049,-0.10692414144935763,True
912,30.4,NaN,NaN,False,NaN,NaN,False,NaN,NaN,False,0.05413326777375267,-0.06421190971382715,True,0.11257819225967584,-0.04764277098870189,True,0.18207015309181915,-0.23177724032563457,True,0.00863273765763693,0.003898029902635541,True,0.021593159100933283,-0.1065896238327116,True
915,30.5,NaN,NaN,False,NaN,NaN,False,NaN,NaN,False,0.018169424143350762,-0.038275973893811724,True,0.09930011786644474,-0.04918695346730047,True,0.18179387404158207,-0.2286654814255924,True,0.0008537394400976595,0.006375467155010933,True,0.02729891489080578,-0.10148232682934827,True
918,30.6,0.06659352895817039,-0.07534793026765162,True,NaN,NaN,False,NaN,NaN,False,0.004520908317991434,-0.028086037788827657,True,NaN,NaN,False,0.18244268421002946,-0.22452316321640028,True,0.0009157059320367157,-0.001778179728679126,True,0.03846326600649338,-0.0980860418754151,True
921,30.7,0.05995648156565185,-0.05405940268081261,True,NaN,NaN,False,NaN,NaN,False,0.015874447074536308,-0.024296375210388244,True,NaN,NaN,False,0.17954694800499799,-0.21835782630813963,True,0.011384937200039299,0.012053675263051808,True,0.0397388199573069,-0.08620884122545905,True
924,30.8,0.05530609634113592,-0.05512295202865071,True,NaN,NaN,False,NaN,NaN,False,0.019641900382416123,-0.013190487795174082,True,NaN,NaN,False,0.17783423353353123,-0.2167073318602125,True,0.018392657915395304,0.04591531372417201,True,0.044699810608346706,-0.07620150805818514,True
927,30.9,NaN,NaN,False,NaN,NaN,False,NaN,NaN,False,0.0048585829087686265,0.02334358322113051,True,NaN,NaN,False,0.17660781907900247,-0.21316631347966913,True,NaN,NaN,False,0.05294321229019569,-0.07041459081825846,True
930,31.0,NaN,NaN,False,NaN,NaN,False,NaN,NaN,False,0.0016340899171918973,0.06339904319660544,True,0.048760146260473154,-0.003807690088374919,True,0.17582541805241494,-0.21102511411098843,True,NaN,NaN,False,0.06986656567708427,-0.05825778140054968,True
933,31.1,0.060776624265607974,-0.011027143606956027,True,NaN,NaN,False,NaN,NaN,False,0.008051320611603281,0.06482336701508408,True,0.02097024633643432,-0.008225718153273555,True,0.17466868375958963,-0.20950256503525902,True,NaN,NaN,False,0.07583794184071507,-0.04119505497755294,True
936,31.2,NaN,NaN,False,NaN,NaN,False,NaN,NaN,False,NaN,NaN,False,-0.0022444755155061084,-0.025704266708982442,True,0.17329871133847174,-0.20785644088587102,True,NaN,NaN,False,0.08098059481540734,-0.02841356241109107,True
939,31.3,0.05680108709133177,0.00764718831908282,True,NaN,NaN,False,NaN,NaN,False,NaN,NaN,False,-0.024641594757523533,-0.05442786102179211,True,0.17785202058076757,-0.21245099630045328,True,NaN,NaN,False,0.07965635963777677,-0.027547849937391265,True
942,31.4,NaN,NaN,False,NaN,NaN,False,NaN,NaN,False,NaN,NaN,False,-0.03633738741319029,-0.06297066495987443,True,0.17709789718716493,-0.2107844328163617,True,NaN,NaN,False,0.0820653685403751,-0.020308491708510266,True
945,31.5,NaN,NaN,False,NaN,NaN,False,NaN,NaN,False,NaN,NaN,False,-0.02588432312289253,-0.054915996198369156,True,0.17567440551283742,-0.20963917101317206,True,NaN,NaN,False,0.08316884116849901,-0.023620033995638216,True
948,31.6,NaN,NaN,False,-0.01578486029475953,-0.022580660915561004,True,NaN,NaN,False,NaN,NaN,False,-0.039712109021093005,-0.06647025571401058,True,0.17481364435098828,-0.20813684637986068,True,NaN,NaN,False,0.08640071890592729,-0.03002062074375634,True
951,31.7,NaN,NaN,False,NaN,NaN,False,NaN,NaN,False,NaN,NaN,False,-0.07861989579228282,-0.0602553340774692,True,0.17140183035848125,-0.20722875517999736,True,NaN,NaN,False,0.08610381253775527,-0.033645630786540835,True
954,31.8,NaN,NaN,False,NaN,NaN,False,NaN,NaN,False,NaN,NaN,False,-0.09412903395491642,-0.040585800323328855,True,0.17029274752520743,-0.20716787634591993,True,NaN,NaN,False,0.08174867697024656,-0.03154188057141589,True
957,31.9,NaN,NaN,False,NaN,NaN,False,NaN,NaN,False,NaN,NaN,False,-0.10613139594562808,0.008511627468843938,True,0.16725935773631817,-0.20611864652379186,True,NaN,NaN,False,0.0789620807301732,-0.022256386533020037,True
960,32.0,NaN,NaN,False,-0.032912676008100876,-0.015394244994999749,True,NaN,NaN,False,NaN,NaN,False,-0.1065167106434393,0.046755012387705956,True,0.17429281258332424,-0.21275054293368365,True,NaN,NaN,False,0.08288396735555638,-0.011887237126236553,True
963,32.1,NaN,NaN,False,-0.001984347946420412,-0.0015923957776034434,True,-0.026259501757189545,0.07968844765859692,True,0.02846006960877516,0.046622209934243396,True,-0.10546507424427423,0.05320883453172959,True,0.1784825004643726,-0.21853492590940354,True,0.058413308893170986,0.09139690618042656,True,0.09138080064682386,0.012784003475384479,True
966,32.2,0.0631672722446035,0.04787046702327551,True,0.019548050072670773,-0.003325702895232623,True,-0.02959849705687784,0.06896716889305009,True,0.026291480918411943,0.04794235932632281,True,-0.09108886784381286,0.06246403504732156,True,0.1792698463843646,-0.2219750440281881,True,0.0608873576308497,0.09481352452653859,True,0.0989165960571841,0.01935793652342128,True
969,32.3,0.061191956385683026,0.04530277059742744,True,0.043949032750690654,-0.016849293979050734,True,-0.04432716132178858,0.040834085522510104,True,0.024856428180352816,0.05106744092068692,True,-0.0751148763818796,0.06891775761141693,True,0.1810509606326698,-0.22366203544266391,True,0.07065940613147988,0.08516508417714015,True,0.10336919034890509,0.015544731335859093,True
972,32.4,NaN,NaN,False,0.06649178391689757,-0.032949390262370065,True,-0.05219147134623323,0.010530308409960977,True,0.028564340833362255,0.060620734729388885,True,-0.06313615958156125,0.07660255997741676,True,0.1833099950164218,-0.2240262103617571,True,0.07911663022037449,0.08117536059324339,True,0.10190812466374748,0.01776444943901547,True
975,32.5,NaN,NaN,False,0.061159288025469785,-0.040877769783112396,True,-0.06571020956638268,-0.022394282645794992,True,0.039885691349266304,0.06072193183694199,True,-0.05304182507847111,0.06122484377085618,True,0.18437637759443382,-0.224282213383496,True,0.08247690294577165,0.07735711974219094,True,0.10547252567297544,0.016739564795696733,True
978,32.6,0.047166396271320105,0.00841405525693534,True,0.06372847014494716,-0.04455221203148058,True,-0.06476220852546372,-0.04416899747030802,True,0.053123851861485785,0.04896042985481361,True,-0.04859928051819818,0.08618363310539466,True,0.1783798470430993,-0.2249719272556277,True,0.0845410920394293,0.07518756912352839,True,0.10371187721366307,0.0191250012965524,True
981,32.7,0.05796810992946327,-0.014215435522712339,True,0.07363566497326858,-0.045876901416610716,True,-0.05312153299298107,-0.0760214529585417,True,0.05859267767984044,0.03435567629707056,True,-0.05576015380488803,0.09669193726349525,True,0.17044593131136934,-0.22833847139485877,True,0.08271284592631148,0.07106351046995624,True,0.10783352861332492,0.017491799310703854,True
984,32.8,0.05999762028915906,-0.013955241886853884,True,0.08893252980300717,-0.045867064989640355,True,-0.0364689775444406,-0.0858262200170579,True,0.04833000719533042,0.023407608157299475,True,-0.04586097096047491,0.09803836817197735,True,0.16814556540698003,-0.22845655435868964,True,0.07712248573189288,0.08245216678689997,True,0.10541989549694426,0.02490525631296648,True
987,32.9,0.07537506416839261,-0.0042370095875413185,True,0.09330304501197254,-0.039036124198675436,True,-0.02072584676617141,-0.08316523517131628,True,0.05095952257001723,0.02008539249101176,True,-0.03491526451568571,0.09951142741159205,True,0.1690367928469112,-0.2260445912274818,True,0.0785720274458673,0.08709257872645736,True,0.1044065541758785,0.0348505585438012,True
990,33.0,0.0749685884411932,0.003777671465973668,True,0.09935854050638858,-0.029308022009961073,True,0.014447461586547347,-0.08905249427062391,True,0.053415336470782025,0.026751665114668522,True,-0.033754890652411704,0.10161854789622271,True,0.16801650997265588,-0.22390504052174953,True,0.07098035347439814,0.0958329102288648,True,0.10247956795660876,0.04781056157769969,True
993,33.1,0.07111184246321194,0.00452258772789278,True,0.1051393869564272,-0.019094824797756527,True,0.0469993108038914,-0.08412583348432974,True,0.05499419541438081,0.0484354474606203,True,-0.030428925060615154,0.11196346669732916,True,0.16556399387465107,-0.22288805694488845,True,0.06394662528710439,0.10144229947864199,True,0.09935282190660305,0.054996634196465624,True
996,33.2,NaN,NaN,False,0.10519956296640891,-0.013270763251959018,True,0.04022379503801343,-0.09561291556018482,True,0.04257414867464715,0.05579641835125811,True,-0.03578763652558313,0.1016532143681161,True,0.1676339411609032,-0.22475896510640572,True,0.05430805278505458,0.1052628424178999,True,0.09525762540613403,0.06012262607521537,True
999,33.3,0.06062320412763168,0.01836052790866062,True,0.10436818301418896,-0.00642914096964869,True,0.045121447414518165,-0.08360748518389655,True,0.034058548995794406,0.05939618759110223,True,-0.04461691708423273,0.09955401492835851,True,0.16378143787132712,-0.22366211495341382,True,0.04782163880742731,0.10818028810710029,True,0.0945737543312299,0.06894153409238513,True
1002,33.4,0.06050499787908301,0.03728989469546489,True,0.09643300606420284,0.007126403758705327,True,0.05796810992946327,-0.07230366472810794,True,0.01827882861138857,0.05732371149694616,True,-0.03729648526237799,0.10812379463554354,True,0.16333218597743435,-0.22303939744716272,True,0.04563571328739206,0.10830424780192341,True,0.09058730161658236,0.07093750054776257,True
1005,33.5,0.050759589800025394,0.08385212404041154,True,0.09524807586717998,0.02226100187426671,True,0.05651738585753257,-0.06382857980011902,True,0.015612281639720362,0.06198540398826523,True,-0.04838963567500323,0.10700524314780216,True,0.1644909433883691,-0.2212814645543443,True,0.03877804367609983,0.11500077778601477,True,0.0783554639973166,0.08215013517237874,True
1008,33.6,0.038180383922429284,0.08244650019869629,True,0.08551994895020176,0.03488206993530424,True,0.08069880213083051,-0.04519507908590398,True,0.009248056098355977,0.06825615982863717,True,-0.0556120200444803,0.09338194758527667,True,0.1663693187453173,-0.21924112687703629,True,0.03756562483199228,0.12474675778828179,True,0.06545438077392494,0.08637261894596276,True
1011,33.7,0.03361398561311375,0.08599814332816393,True,0.08402070726672423,0.051267977244442195,True,0.09371888555761206,-0.021527216812734104,True,0.0004423537213342164,0.06331728206675691,True,-0.0678100373326986,0.09442212588087139,True,0.16772599479762215,-0.2175718025742546,True,0.01601478988997556,0.11614386245392651,True,0.059935607472612666,0.09431968137021765,True
1014,33.8,0.02096200436403359,0.0900793724942525,True,0.07394303746984764,0.058721128193474255,True,0.09940075538589431,-0.00451993334668322,True,-0.006202537640060192,0.06609747392716368,True,-0.07572715841156778,0.08674190095905265,True,0.16888868086427103,-0.21858818883026973,True,0.0009259906129135182,0.11972374835460503,True,0.04669024015126593,0.10352189794690232,True
1017,33.9,0.0188335253343553,0.0885274301153878,True,0.06783897391434009,0.06341293212608218,True,0.09560535879838222,0.00432591508016051,True,-0.019806778779448524,0.06637484329524605,True,-0.0790105341574323,0.08179754411599754,True,0.1669637500857948,-0.21616102441568502,True,-0.013638117062054915,0.12072217836491535,True,0.03706986917340284,0.1120652224857147,True
1020,34.0,NaN,NaN,False,0.06014168432188855,0.07249778332096608,True,0.08900380406636976,0.013011767195614768,True,-0.032832118882422656,0.05792126549130763,True,-0.08718970258461782,0.07712642261116803,True,0.16773389528308486,-0.21422308397923695,True,-0.02581122699105485,0.1262337739051831,True,0.025725363102626575,0.11276566929141109,True
1023,34.1,0.008469872736557069,0.08660358086489188,True,0.0508297795727256,0.08209318120297679,True,0.08968341940299289,0.045636725175508236,True,-0.03187509709941417,0.052588515951887974,True,-0.09001711862280648,0.07050069778164376,True,0.17056769611291397,-0.21169985972760605,True,-0.045674012864824885,0.12804898297792144,True,0.005845369986795158,0.11694970617208025,True
1026,34.2,-0.010472847863169535,0.08519734255370556,True,0.03743572527055081,0.09075607992862518,True,0.08678901047126192,0.046799170119404765,True,-0.035974989655378334,0.04766807267118203,True,-0.1021239479431579,0.05509531270239292,True,0.16984554227330578,-0.2100329702597323,True,-0.0628890645390714,0.12052912342920914,True,-0.0070054168039363094,0.11752013727583659,True
1029,34.3,-0.030459091449807418,0.07889485706922865,True,0.025341067010129077,0.09608870033021684,True,0.08379624951644629,0.05729581688671029,True,-0.05223033182087975,0.039557798989440916,True,-0.10495190573063189,0.049798911928257895,True,0.16662130242055254,-0.20699079930140252,True,-0.0602145377818098,0.11370997978405457,True,-0.009854397100559839,0.1190149002389745,True
1032,34.4,-0.03616867206511927,0.06905902745018011,True,0.012419560743909156,0.0958113165114004,True,0.0776854169827356,0.0682856699072008,True,-0.06360987567765633,0.010270017631823116,True,-0.1086972534971133,0.034986548746208136,True,0.1655767506282023,-0.2064269213146918,True,-0.06767491072940506,0.1027105001886091,True,-0.026609207142786504,0.12168097892053185,True
1035,34.5,-0.06262777254768565,0.03760986254496644,True,-0.00022501648415498152,0.09770166933900068,True,0.07266099908069484,0.07482498676615315,True,-0.07340731628567547,-0.02402074730239914,True,-0.11523879502787998,0.026224761472059172,True,0.16481488590107687,-0.20653295992315057,True,NaN,NaN,False,-0.04816774850344478,0.1127279832984874,True
1038,34.6,-0.030315590717303727,0.02562021012721408,True,-0.0027775556531745285,0.09487513061348576,True,0.07273745701200723,0.08053658860567817,True,-0.08235598793800143,-0.02774685176021953,True,-0.11242470681986898,0.024556366712070024,True,0.1656984997351645,-0.20692368701482325,True,NaN,NaN,False,-0.063588934356785,0.10284010711728536,True
1041,34.7,-0.030822968307227677,0.02866447566675777,True,-0.01239453960224972,0.10108408455711428,True,0.06934194071479235,0.09110127164996097,True,-0.0809207700855735,-0.027868286590613574,True,-0.10672730914357184,0.03725044037074074,True,0.16569105271918014,-0.20661383899140423,True,NaN,NaN,False,-0.07412034167466296,0.09641880458687051,True
1044,34.8,-0.06252867004353903,0.011942605735008906,True,-0.024668551106246377,0.100779395292703,True,0.050242568135715565,0.09997974653729462,True,-0.08189023234319609,-0.0430196999286648,True,-0.11134589509698647,0.03858787086957471,True,0.16380262103763518,-0.20401057203131254,True,NaN,NaN,False,-0.07704823507022145,0.0856476645602428,True
1047,34.9,-0.054037230640734325,0.01081011312452533,True,-0.03622050940402787,0.09531839214204037,True,0.030855933073014215,0.1074808450202186,True,-0.0917299619010897,-0.05468508633201381,True,-0.11735932600237269,0.026432450724933203,True,0.1551536210036741,-0.19426778760037422,True,NaN,NaN,False,-0.0848249334535136,0.07004171267475225,True
1050,35.0,-0.05328479758694262,-0.002071756698949533,True,-0.051742524460291,0.089375123264842,True,0.014662493041324741,0.10698384420029611,True,-0.0888668777148031,-0.0589027568535984,True,-0.11424183955783675,0.01758359965965328,True,0.16204291134709828,-0.2009216021837956,True,NaN,NaN,False,-0.08877407681467948,0.06074686326645322,True
1053,35.1,-0.05226351525113512,-0.035707902923957036,True,-0.06059652535769016,0.08410132910379635,True,-0.019660661328900816,0.12280113922586182,True,-0.08817029071143714,-0.06035762003920816,True,-0.11070412132533188,0.003118581054153483,True,0.15507475146852634,-0.18976208280389267,True,NaN,NaN,False,-0.09387060670175193,0.044431375735797786,True
1056,35.2,NaN,NaN,False,-0.0705943915597319,0.07744289255582652,True,-0.024795937542070417,0.1187803731660279,True,-0.09199415260314149,-0.053732545743688256,True,-0.08142355896140582,-0.002406954410670812,True,0.16012473194148674,-0.19637670929159262,True,NaN,NaN,False,-0.10181256939677734,0.0296772707786534,True
1059,35.3,-0.021074332947203425,-0.06266716716875521,True,-0.08199004679878891,0.06027962863378175,True,-0.04214135802315752,0.10363984038587092,True,-0.09261536379409961,-0.05764738052597132,True,-0.06907996247251141,-0.0027791152854551512,True,0.16259866681626148,-0.1989235249493912,True,NaN,NaN,False,-0.10456447588110668,0.011785363685741236,True
1062,35.4,NaN,NaN,False,-0.08514374552410713,0.04769399958831049,True,-0.05103292172995066,0.0987418945769366,True,-0.06122056629686733,-0.061467037450746914,True,-0.06852928503397046,0.002992011038811529,True,0.16533607568692435,-0.20315669818363016,True,NaN,NaN,False,-0.10419811021392575,-0.0038045581279432584,True
1065,35.5,0.02367083191681465,-0.07210740637336012,True,-0.09262584505394625,0.032908405114893714,True,-0.07016746349720845,0.08276968387604672,True,-0.04565914535049631,-0.051638439862840065,True,-0.07281064012535192,0.0015148003157292487,True,0.16501331486286305,-0.2040233614915163,True,NaN,NaN,False,-0.106163968286787,-0.025771832649660768,True
1068,35.6,0.05858316527616228,-0.061575227324413305,True,-0.0995324190229118,0.014087481247062585,True,-0.08153539927178413,0.07110281185972021,True,-0.04438607450287094,-0.057125376228578995,True,-0.06820461626581492,-0.0010340259301239863,True,0.16446222394290871,-0.20380079457429973,True,NaN,NaN,False,-0.0869094484444334,-0.049551002112782974,True
1071,35.7,0.06507139618839855,-0.05860446980016133,True,-0.09261416527960141,-0.00023183331071776467,True,-0.0933875413208493,0.05824809399293074,True,-0.03629603033554412,-0.06134169968152336,True,-0.05914327700399541,-0.01938259708837477,True,0.1638624737283861,-0.2022311215907308,True,NaN,NaN,False,-0.0741838884698334,-0.06938176004805825,True
1074,35.8,NaN,NaN,False,-0.09533605441377123,-0.00928937781301482,True,-0.09455112546384019,0.043006017661833734,True,-0.02664402509276876,-0.056214077593265084,True,-0.06884503760586554,-0.01863231708704246,True,0.1641426102605385,-0.20281495599132093,True,NaN,NaN,False,-0.05880203987362555,-0.07539988651269094,True
1077,35.9,0.09855831712337913,-0.008543214260998397,True,-0.09063820040824115,-0.02311854006043475,True,-0.11111207494022439,0.02209603188153156,True,-0.02485579757538345,-0.05715742921316858,True,-0.06825688717031239,-0.040576022261996365,True,0.16480174801886688,-0.20206067360231802,True,NaN,NaN,False,-0.033230909466037975,-0.0844605706073881,True
1080,36.0,NaN,NaN,False,-0.08419507415540409,-0.03411904101609587,True,-0.11484366739244004,0.01470109584226222,True,-0.018956157970611207,-0.06277098440793519,True,-0.06400930716250695,-0.055313413816633884,True,0.16543331616514267,-0.20255475854058608,True,NaN,NaN,False,-6.779772959125089e-05,-0.09044558885583652,True
1083,36.1,NaN,NaN,False,-0.07064890784045244,-0.045182160604165064,True,-0.11205082303155964,0.001305229406900641,True,-0.008455796812895792,-0.0641801018523007,True,-0.053944516404319146,-0.06948571737279759,True,0.16384450534290276,-0.20217048439986476,True,NaN,NaN,False,0.02113580716378354,-0.08376061870227246,True
1086,36.2,NaN,NaN,False,-0.06343282241225344,-0.045855961195609425,True,-0.10778545357310025,-0.018091431322889987,True,-0.004593084416007781,-0.0720862847723317,True,-0.047728234839841815,-0.07003722405876658,True,0.1656853337093338,-0.20450486171873458,True,0.04347636631307115,0.062275861522787544,True,0.04245877862588381,-0.0719776940917084,True
1089,36.3,NaN,NaN,False,-0.05815496365196222,-0.052265801260429796,True,-0.1115611498821134,-0.009129016140130418,True,-0.0014245390034552628,-0.08189746428863917,True,-0.03599821972445197,-0.06774930037445091,True,0.15625431661854017,-0.19494101319092907,True,0.029554964893722165,0.06519566214128204,True,0.058264599850725955,-0.04736449720192433,True
1092,36.4,NaN,NaN,False,-0.046801716669329654,-0.04896447343163087,True,-0.11252086453286231,-0.011633189493328056,True,-0.0028353276738975475,-0.09683531215776675,True,-0.04236576196373366,-0.08059455317130593,True,0.15803705012450564,-0.1997117475107766,True,0.03684727417635466,0.05034243191076333,True,0.070480176197972,-0.013834080817866677,True
1095,36.5,NaN,NaN,False,-0.04056236068908395,-0.04098755693049643,True,-0.11224086914353655,-0.01338483051060519,True,-0.0005737433614048621,-0.09367861954658058,True,-0.04993837475488896,-0.07510478166683496,True,0.15947430615037272,-0.19636996772677412,True,0.04085099929885066,0.08165829501248884,True,0.0766465811735539,0.009163655260932628,True
1098,36.6,NaN,NaN,False,-0.04545850551476116,-0.01681244397152664,True,-0.10711193494724609,-0.01017028245874473,True,0.0007024115754934254,-0.08697979504249097,True,-0.05265547180304245,-0.06460513006962627,True,0.15337074248577828,-0.19602126485706423,True,0.04472019230507498,0.09494861401610687,True,0.08448368378831268,0.01342031772827805,True
1101,36.7,NaN,NaN,False,-0.062442872359024106,0.001053691519408724,True,-0.10666332893283723,-0.015240089798781588,True,-0.0027781211679575677,-0.08617601232563178,True,-0.052802105743104726,-0.061556455014288455,True,0.15103459284672258,-0.20405171691861818,True,0.05632474534616963,0.09220790622077298,True,0.0741642010774668,0.0066835668543876485,True
1104,36.8,NaN,NaN,False,-0.09105502886273979,0.021029796199442376,True,-0.10846818821563914,-0.03569824844824144,True,-0.018641239498210043,-0.10136643974498545,True,-0.07093056011668196,-0.09480879516258235,True,0.1389963110403177,-0.21834723021181715,True,0.05731117475793638,0.09090558883291044,True,0.08313493087445785,-0.007949533394125213,True
1107,36.9,NaN,NaN,False,-0.11083945607030818,0.03415145403491376,True,-0.10650927580407406,-0.06863848255753843,True,-0.038071825295305485,-0.14263599762738,True,-0.07581375118666879,-0.12263380396401434,True,0.2621163315101119,0.08935878698266912,True,0.06897693704945775,0.07320194640166786,True,0.11136675784616136,-0.021098474768505918,True
1110,37.0,NaN,NaN,False,-0.1332763443190606,0.04016854043599421,True,-0.11210867799480093,-0.09859758479315625,True,-0.030975963188489608,-0.16448091880420607,True,-0.08465312427158116,-0.15218643286889377,True,0.08277576317150878,0.011677038113543111,True,0.07964038127050041,0.061064158909044194,True,0.13718525571385243,-0.051133998633717766,True
1113,37.1,NaN,NaN,False,-0.16154283831371488,0.041593229694939254,True,-0.12145812975227678,-0.1306128625950406,True,-0.01991001236730247,-0.19901811608246073,True,-0.08748555637690736,-0.18597941955205038,True,0.09754356194353123,0.018516923868278804,True,0.10324648605427642,0.04102419375730516,True,0.15198634836140182,-0.07851582470159975,True
1116,37.2,NaN,NaN,False,-0.18991181531455473,0.03899828118299146,True,-0.1381088528853622,-0.16415246433434513,True,0.005904824677968674,-0.22975172837734306,True,-0.09234391792474932,-0.2239624355679211,True,0.13731518553465574,0.002132991088886745,True,0.12655700352176466,0.03293473659486599,True,0.16138017902283971,-0.10625798077941714,True
1119,37.3,NaN,NaN,False,-0.218686591299205,0.0353396094079499,True,-0.1533986289983212,-0.20153418653199442,True,0.03154879895190433,-0.25615071437485254,True,-0.09513519813958385,-0.2681738647745893,True,0.17749023143185155,-0.011267734247418771,True,0.1445713759984022,0.030152783263868048,True,0.16809361074103615,-0.1356426521334923,True
1122,37.4,NaN,NaN,False,-0.2519657697430037,0.021814501530483112,True,-0.1807275852228839,-0.2249781011028251,True,0.05903180525896078,-0.28012471616617446,True,-0.09313974645661544,-0.31278495026164943,True,0.2146862578808054,-0.024858955717416364,True,0.1649655873512585,0.024856324977939676,True,0.16420870293974785,-0.16875237156197134,True
1125,37.5,NaN,NaN,False,-0.2866771288305712,0.00023247725609054667,True,-0.20985288697207907,-0.24211207969900383,True,0.08748660622153766,-0.30352126998522816,True,-0.08563512309749662,-0.3511875542082798,True,0.24851855203215784,-0.048144269025843775,True,0.18464158233583047,0.014576651095465198,True,0.14639548166971433,-0.20510244821285317,True
1128,37.6,NaN,NaN,False,-0.3126012548107388,-0.024890564153898936,True,-0.2346017973441092,-0.25544722741471143,True,0.11794066707535772,-0.321769573276221,True,-0.06108638916706693,-0.39012459826138113,True,0.27723272298022983,-0.06697454193720734,True,0.20257072305778853,0.006847239300027994,True,0.1251719232376376,-0.23919016253029315,True
1131,37.7,NaN,NaN,False,-0.3444856105148655,-0.06557438499239394,True,NaN,NaN,False,0.20166013338427566,-0.35475716330970447,True,-0.013346629098736176,-0.4366430557593297,True,0.321068918737228,-0.10387595324828121,True,0.23805804897133723,-0.017635106019666592,True,0.08450365406356963,-0.2813388432813196,True
1134,37.8,NaN,NaN,False,-0.3468711691213663,-0.08520062992441829,True,NaN,NaN,False,0.2017867631550268,-0.3548724894060042,True,0.012958172782707764,-0.4370970388903553,True,0.33539453815766435,-0.10998389987195548,True,0.2360502906943645,-0.01801426260624547,True,0.06580644655065442,-0.2944694661529085,True
1137,37.9,NaN,NaN,False,-0.35683396591518224,-0.11564444101684407,True,NaN,NaN,False,0.22708345158235538,-0.3659712418159559,True,0.04628952399998585,-0.44464740703444483,True,0.3500910800874575,-0.13272623092679003,True,0.2545061692862624,-0.038647617929819404,True,0.036839096481382325,-0.3136026193478727,True
1140,38.0,NaN,NaN,False,-0.3610369814388729,-0.14364281179689237,True,NaN,NaN,False,0.2568434570590884,-0.37253274144161236,True,0.07877896368383557,-0.44650284241316035,True,0.3689468155605316,-0.16133489762027833,True,0.27367499434498255,-0.05845413569944312,True,0.004374440639811617,-0.33029868218502106,True
1143,38.1,NaN,NaN,False,-0.3605597254378709,-0.15728078216979227,True,NaN,NaN,False,0.2905086781299563,-0.37162014904888724,True,0.09529086866889079,-0.42333213903999617,True,0.390783216638429,-0.19614046936950327,True,0.2898396685247076,-0.05606758185054159,True,-0.025365894770085076,-0.34206640056655546,True
1146,38.2,NaN,NaN,False,-0.34628653001229004,-0.199292465354843,True,NaN,NaN,False,0.3256902707610945,-0.36435198894247645,True,0.10167353302509087,-0.425624093262709,True,0.4137096490931355,-0.23398905373521428,True,0.3365264604102492,-0.0707761628833104,True,-0.055829247217111064,-0.3417424428100732,True
1149,38.3,NaN,NaN,False,-0.33692838880355686,-0.2363880413883599,True,NaN,NaN,False,0.36278038371339816,-0.35867491246073113,True,0.10857641455735084,-0.38916827754328726,True,0.43297088664225336,-0.25749648505034906,True,0.3243413446395361,-0.07839219580719531,True,-0.08739724646907812,-0.3304558493291109,True
1152,38.4,NaN,NaN,False,-0.3324016223261769,-0.2724855266066038,True,NaN,NaN,False,0.39455792775447385,-0.335282517342226,True,0.10811380637584779,-0.34536383833376333,True,0.42784637298402156,-0.2666292816689801,True,NaN,NaN,False,-0.12230001784382451,-0.3056314628996275,True
1155,38.5,NaN,NaN,False,-0.3262079209614159,-0.3081997003615127,True,NaN,NaN,False,0.42232056226819953,-0.3219270373812368,True,0.08966108867149838,-0.3177113325973947,True,0.45256036376736497,-0.2741959576251403,True,NaN,NaN,False,-0.15278748980912746,-0.2843307132157298,True
1158,38.6,NaN,NaN,False,-0.30911479234214884,-0.34315502887063043,True,NaN,NaN,False,0.44650970238265314,-0.3076453833365748,True,0.06894619052097253,-0.2842817936517509,True,0.4581918709686219,-0.2635307998952413,True,NaN,NaN,False,-0.18040314454072412,-0.2601366568548059,True
1161,38.7,NaN,NaN,False,-0.29511910168489214,-0.3749656832946831,True,NaN,NaN,False,0.4635971509751412,-0.2911708254969561,True,0.036140924982538916,-0.26209670853232614,True,0.46458164429918564,-0.2488261862534457,True,NaN,NaN,False,-0.1986374535768069,-0.23322396980207832,True
1164,38.8,NaN,NaN,False,-0.2865526678416172,-0.40439983548428277,True,NaN,NaN,False,0.47744599545247896,-0.27506479651403004,True,0.01128937165646003,-0.2306054727843798,True,0.45526740173500335,-0.23511860310525187,True,NaN,NaN,False,-0.20935480794045516,-0.20472123516750346,True
1167,38.9,NaN,NaN,False,-0.28495829019639907,-0.43266345489956476,True,NaN,NaN,False,0.4835988157065482,-0.25118870164726237,True,-0.004439333631182367,-0.20371446051841052,True,0.45658493950847245,-0.1933791206923965,True,NaN,NaN,False,-0.21129929495326105,-0.17103664262459115,True
1170,39.0,NaN,NaN,False,-0.2796691704398069,-0.46462746007308653,True,NaN,NaN,False,0.48217187507085907,-0.22820259977322926,True,-0.019216974903784916,-0.16038209047208127,True,0.433132183120456,-0.18156092280569605,True,NaN,NaN,False,-0.20667805125882918,-0.1308196216598388,True
1173,39.1,NaN,NaN,False,-0.28027570898979587,-0.4841079426427094,True,NaN,NaN,False,0.4733972755247174,-0.20442934282581052,True,-0.05006518050025842,-0.11786484582591923,True,0.3993748026500468,-0.168856082582787,True,NaN,NaN,False,-0.1964369828065212,-0.09093059790639989,True
1176,39.2,NaN,NaN,False,-0.2783113489266953,-0.4847463300966547,True,NaN,NaN,False,0.4521838860346739,-0.1777746170524342,True,-0.08375790428308096,-0.08035355968012244,True,0.37185568672687297,-0.1436734713698758,True,NaN,NaN,False,-0.18697958937526662,-0.050978395405510496,True
1179,39.3,NaN,NaN,False,-0.28426451160046207,-0.4822818130202382,True,NaN,NaN,False,0.42826936604510096,-0.15697809813797214,True,-0.11650526058574281,-0.047844111302163844,True,0.3345897259090459,-0.12722065531954435,True,NaN,NaN,False,-0.17665820802828386,-0.013794734801876578,True
1182,39.4,NaN,NaN,False,-0.2928891449860031,-0.4803583237690725,True,NaN,NaN,False,0.399854866636578,-0.13907224638469912,True,-0.1283891884687653,-0.021229554299696158,True,0.29485217358880017,-0.11799679162674506,True,NaN,NaN,False,-0.17923982429256546,0.028553179937355084,True
1185,39.5,NaN,NaN,False,-0.30903411064175984,-0.47174946216297925,True,NaN,NaN,False,0.36452740691333946,-0.13355385907796927,True,-0.12516308752739072,0.010074665057218823,True,0.2597395123090749,-0.1031834216698111,True,NaN,NaN,False,-0.15772466431508778,0.06951226657060429,True
1188,39.6,NaN,NaN,False,-0.3200517001923379,-0.4609868127558099,True,NaN,NaN,False,0.32984946019429867,-0.1270024125355467,True,-0.11701434690698573,0.041078018716408135,True,0.2347592777498355,-0.09485985102067564,True,NaN,NaN,False,-0.12754465750554259,0.10435591728547919,True
1191,39.7,NaN,NaN,False,-0.3268172672899672,-0.44309494989245324,True,NaN,NaN,False,0.2964692569859821,-0.1199428828322757,True,-0.10277464202662126,0.07386562662168536,True,0.18990418022644204,-0.06995737894189877,True,NaN,NaN,False,-0.10036344432920194,0.13551764392972682,True
1194,39.8,NaN,NaN,False,-0.34821616735920574,-0.4103602157561953,True,NaN,NaN,False,0.2619319745027421,-0.11967583280193214,True,-0.07547816879624196,0.10821423121404726,True,0.1437649158063304,-0.0621422850288554,True,NaN,NaN,False,-0.07409335318544025,0.1542744192570559,True
1197,39.9,NaN,NaN,False,-0.354856927312716,-0.3865335213833006,True,NaN,NaN,False,0.2225919144341517,-0.12277570326725298,True,-0.044354675835558216,0.12858199673207518,True,0.11449373179950893,-0.05534007218456596,True,NaN,NaN,False,-0.044958357123314925,0.16638086633505436,True
1200,40.0,NaN,NaN,False,-0.3655227699172867,-0.3527171648571318,True,NaN,NaN,False,0.18588633669503526,-0.12496538034990702,True,-0.011582437401059645,0.13636216964359843,True,0.07728707580642072,-0.03374692269399274,True,NaN,NaN,False,-0.01223074666522945,0.182189751426021,True
1203,40.1,NaN,NaN,False,-0.3783343063925087,-0.3215019375542423,True,NaN,NaN,False,0.1485624416738642,-0.1278194182841804,True,0.02231925231389625,0.13271050146170335,True,0.0478517046988125,-0.01750470475657355,True,NaN,NaN,False,0.021576455866256353,0.1850216937038283,True
1206,40.2,NaN,NaN,False,-0.3904730086494279,-0.29270273432236155,True,NaN,NaN,False,0.1180529330212192,-0.1326289179275869,True,0.05803376711036621,0.1236704164332912,True,0.009687600584997267,0.010298701385672638,True,NaN,NaN,False,0.06073893614805768,0.1838736965082551,True
1209,40.3,NaN,NaN,False,-0.3994329700282971,-0.26761359662865014,True,NaN,NaN,False,0.09919438554444841,-0.13111612059528857,True,0.09166633776254374,0.10903180039346036,True,-0.030257237349261834,0.03568468255424345,True,0.3100905148864073,0.17123441720429738,True,0.09955077843942747,0.19379474045408945,True
1212,40.4,NaN,NaN,False,-0.40972072907381185,-0.2384036658579647,True,NaN,NaN,False,0.07238670852962717,-0.12313926921995803,True,0.12648810534398477,0.08543635133004521,True,-0.07014130685931969,0.049527020244347145,True,0.29229075361698936,0.17963088337603528,True,0.13889430501460612,0.20823412628787188,True
1215,40.5,NaN,NaN,False,-0.40785311700672927,-0.23595421320978915,True,NaN,NaN,False,0.043129685312529094,-0.10789743854696866,True,0.16176557104158118,0.0713623549739301,True,-0.1079789721206908,0.07005785230857708,True,0.2712766319949436,0.19295617623409736,True,0.17784062219819538,0.22552655668290558,True
1218,40.6,NaN,NaN,False,-0.4041211669508167,-0.2348333715636166,True,NaN,NaN,False,0.01536795791690099,-0.0851121301092992,True,0.20054997737814903,0.06369073411384288,True,-0.14324014011698666,0.0938730923098582,True,0.2763475776426213,0.1835668265481057,True,0.21578994262547002,0.23320658632149247,True
1221,40.7,NaN,NaN,False,-0.40024637653427125,-0.2264238133410253,True,NaN,NaN,False,-0.009868056801293322,-0.06208148384680699,True,0.2389368919895711,0.0537759004074742,True,-0.17864411798243068,0.12370856361898185,True,0.29136180129447947,0.18087775264394224,True,0.25732271748510127,0.2536721697559286,True
1224,40.8,-0.4518910796469848,0.2970762625223825,True,-0.37629132452494307,-0.2098907835508919,True,NaN,NaN,False,-0.03375633866045049,-0.03423595908126207,True,0.27668529509995826,0.042198062951435515,True,-0.19323492815784468,0.13523736850845777,True,0.2654855442083581,0.17986299746409434,True,0.2932214731818927,0.28579398429448494,True
1227,40.9,-0.43047443021496207,0.3251338926495185,True,-0.3352221176078199,-0.1951156631533723,True,NaN,NaN,False,-0.0516721341740691,0.00844067230828349,True,0.321718823341406,0.02615827300035428,True,-0.26551719014261593,0.16184998659091276,True,0.24449279642525476,0.21598193964680543,True,0.3350286069135713,0.3267544058234368,True
1230,41.0,-0.41952493994796447,0.33207627444127885,True,-0.3181357304058308,-0.18575385994677907,True,NaN,NaN,False,-0.06314936994281674,0.03526795222459413,True,0.34828501274677576,0.02196678008576702,True,-0.28233364395420585,0.1674730030714597,True,0.23739008153747929,0.21784089571529366,True,0.3589173262912525,0.35185850829993415,True
1233,41.1,-0.39437925895024534,0.34492031183503435,True,-0.28892702388268837,-0.16669907708215695,True,NaN,NaN,False,-0.08404259840214204,0.06941871457147235,True,0.37775310135954554,0.014447667523099408,True,-0.31789588939452285,0.18235572578960008,True,0.22489533701444225,0.24632946174413156,True,0.38577376791703927,0.3718963654592159,True
1236,41.2,NaN,NaN,False,-0.26298300585249884,-0.14685383738879138,True,NaN,NaN,False,-0.1118464719764194,0.09681384557653568,True,0.40676591553543423,0.005960835404283916,True,-0.3526104196119676,0.20183703645283582,True,0.20673647369091824,0.2670662629840977,True,0.41055436613093355,0.38003169044822666,True
1239,41.3,NaN,NaN,False,-0.23777366530992375,-0.12206095927948327,True,NaN,NaN,False,-0.14338007643928088,0.11898855831755688,True,0.43543338844036816,-0.001046673834434228,True,-0.37321225884012105,0.21740435265437685,True,0.15987355534247513,0.2622778725925199,True,0.44475537613974986,0.3777599649973197,True
1242,41.4,NaN,NaN,False,-0.21271631618313822,-0.10282304631577821,True,NaN,NaN,False,-0.17512136541171883,0.14694064813505264,True,0.4539149471053426,0.005586054350566363,True,-0.4042528744912536,0.24227044102474,True,0.15589198478478528,0.2590139014922303,True,0.481857195467492,0.35031219647445183,True
1245,41.5,NaN,NaN,False,-0.18626950388205002,-0.08091465032470545,True,NaN,NaN,False,-0.1966585105458415,0.17639792153142828,True,0.4656761847023481,0.028581850981736316,True,-0.45072866172828724,0.2764676905856141,True,0.14024426934717774,0.28812737052533116,True,0.48209685492813503,0.32156216533236665,True
1248,41.6,NaN,NaN,False,-0.1608377331555894,-0.057081526954407755,True,NaN,NaN,False,-0.21181853500632086,0.2038385521235656,True,0.46790125794105875,0.05651386782480561,True,-0.46361605251235555,0.2894565568876672,True,0.1023656156276147,0.2828068950372944,True,0.4794157240727084,0.28392634492359653,True
1251,41.7,NaN,NaN,False,-0.13507395550588594,-0.030416093429159914,True,-0.2915696742965179,0.23339752073265532,True,-0.2289601446752482,0.22909714231322292,True,0.45718262758586375,0.07668656264337101,True,-0.4929814187952928,0.2762590546466762,True,0.08485912219543253,0.310766415664473,True,0.4717772264779382,0.24664841998634107,True
1254,41.8,NaN,NaN,False,-0.10799660760380296,-0.008513219891023842,True,-0.30880227830067886,0.2532890658537078,True,-0.24240040716742978,0.2600636821562769,True,0.4318501300410364,0.10278114589890651,True,-0.49999999999999994,0.24932000495062448,True,0.03851445970180319,0.2983972599331583,True,0.44646445781981037,0.211732488024978,True
1257,41.9,NaN,NaN,False,-0.08186315198802709,0.012738999705834989,True,-0.3347398405045976,0.28555882786352843,True,-0.25156137955575003,0.29374795744046334,True,0.44315951186467867,0.10005491865281876,True,-0.4906710264931348,0.20515699680707147,True,0.043761537411592714,0.3067073949450814,True,0.42456002532640946,0.2085613351320803,True
1260,42.0,NaN,NaN,False,-0.05543131636652532,0.029195637867142056,True,-0.3530134709890469,0.32049709063765536,True,-0.26073271837238055,0.33023983013558755,True,0.4222652194948581,0.1078153796948937,True,-0.4678699216598168,0.16756696844389687,True,0.023820792766327738,0.3097516604846251,True,0.38780671186961535,0.19967171636674866,True
1263,42.1,NaN,NaN,False,-0.026971790147937123,0.047596940398537506,True,-0.368123140444302,0.3530624511234649,True,-0.27360185895759886,0.3662130116685511,True,0.38381133899535896,0.126748575024161,True,-0.4404351276056898,0.15021078294559165,True,-0.0016371502097069386,0.29177125987960784,True,0.3512837838921538,0.21877042882685183,True
1266,42.2,NaN,NaN,False,0.002781377886807052,0.06209111411580675,True,-0.37238662192930927,0.38583083823132397,True,-0.2869389384826238,0.403697659982951,True,0.341999882241833,0.1301792112430391,True,-0.4108269391152975,0.14147308134507372,True,-0.014993034400671044,0.3103269353189428,True,0.3218483124656412,0.2503923057875607,True
1269,42.3,NaN,NaN,False,0.03182368553154596,0.06798980605667793,True,-0.36308588810674663,0.41525149838847275,True,-0.29505463380338837,0.4373866954370274,True,0.3035155634524832,0.13696850059812482,True,-0.3785959685248165,0.14478116838785787,True,-0.04219963248439838,0.3190378503281169,True,0.29884756791862604,0.2857455237587333,True
1272,42.4,NaN,NaN,False,0.06563993605034522,0.07045151440587197,True,-0.34497409498910636,0.4420422834329142,True,-0.2908555067996773,0.4554286037590626,True,0.26491547903975626,0.14888096769378334,True,-0.33501626688878156,0.1549241629140035,True,-0.06735415478175195,0.32192872264279987,True,0.283307789934936,0.3192824162033403,True
1275,42.5,NaN,NaN,False,0.10228032061150735,0.08092375018124812,True,-0.3258786206580542,0.45467190976639593,True,-0.2685960590954648,0.45521962049911247,True,0.22729650667869142,0.15030981883124025,True,-0.29377268554185404,0.17050128301027875,True,NaN,NaN,False,0.2720822101573544,0.35334019156566365,True
1278,42.6,NaN,NaN,False,0.13587948504974195,0.09414073529549177,True,-0.3018689902250235,0.46835476839821877,True,-0.2480525479670452,0.44887538821951356,True,0.18524449154323697,0.1488131190895517,True,-0.2540931676200096,0.18763571078030725,True,NaN,NaN,False,0.2641467571866447,0.38820306720333697,True
1281,42.7,NaN,NaN,False,0.1716771767738091,0.10397060735174803,True,-0.2768098823563617,0.4683459731077657,True,-0.22347737719929658,0.42937931474199026,True,0.1412401625451447,0.13770751314752197,True,-0.20994839828329495,0.19928710286501622,True,-0.19202217889223028,0.30701153423642297,True,0.265553099628033,0.42485059108817097,True
1284,42.8,NaN,NaN,False,0.20455705517272785,0.11851481588943028,True,-0.2515288808152941,0.4648038478070109,True,-0.20679873732802334,0.41197218166477223,True,0.10847885434023673,0.11653500977497369,True,-0.1661814262237973,0.22054229153250993,True,-0.17796246938517268,0.30822952771485324,True,0.27461834082698916,0.464409853642863,True
1287,42.9,NaN,NaN,False,0.23783482509016637,0.12403650771316431,True,-0.22959031363531981,0.44856775300405577,True,-0.19419412765014954,0.3868755636348324,True,0.07109092391525629,0.09122886802855323,True,-0.126635086663848,0.23747352184694304,True,-0.18709526600380375,0.3092442828947012,True,0.2800641936255061,0.48461463629934526,True
1290,43.0,NaN,NaN,False,0.2708138299018961,0.12884007803550707,True,-0.2134996425310095,0.4361163361772355,True,-0.18185265016832866,0.3589565644420341,True,0.03103251328558502,0.07311989049923732,True,-0.08567894207117194,0.2483364219887196,True,-0.21449365585969696,0.32294347782264776,True,0.30799264768833845,0.4911164213148492,True
1293,43.1,NaN,NaN,False,0.3062982679792928,0.13560474875243417,True,-0.18976018148470522,0.4168275111801904,True,-0.16194178417527025,0.3390915314138784,True,-0.007945652707952037,0.06276662865039719,True,-0.043166974059506404,0.24310515899526003,True,-0.23308288500822746,0.3212689229785366,True,0.33933842000584336,0.47125508535832844,True
1296,43.2,NaN,NaN,False,0.3346833023871295,0.1450264124439136,True,-0.17479566354945975,0.39777812778240873,True,-0.1393605898335157,0.3147419315062159,True,-0.050250777704329355,0.05517949737710839,True,0.004388157857581009,0.24949013859218597,True,-0.2554805975553914,0.31960205656065643,True,0.34925597900729133,0.45410432654062793,True
1299,43.3,NaN,NaN,False,0.3494602450756811,0.17165896627253824,True,-0.16242332519173275,0.3580426411645827,True,-0.11456419448905004,0.29268610125113426,True,-0.0920289468502714,0.04424387702592223,True,0.0495011631663754,0.26276929467749416,True,-0.2815399802425044,0.3218592602346555,True,0.3594623011711389,0.41833046472835,True
1302,43.4,NaN,NaN,False,0.36342294913274453,0.17889935587849065,True,-0.13437608931426515,0.32426682758720454,True,-0.0850256881257155,0.27450015065503014,True,-0.1311466944484315,0.029750773980073416,True,0.09244981546264647,0.2905362164578621,True,-0.3069632216233365,0.30366312940553775,True,0.36414601569041577,0.3796718888615291,True
1305,43.5,NaN,NaN,False,0.37733512184427126,0.20981337579311696,True,-0.09606503671334447,0.30263141452909065,True,-0.05348526759443811,0.25492701408672097,True,-0.17084625462810624,0.014197750104859607,True,0.1353858924870669,0.33639986829337,True,-0.3572020593189728,0.32395823300249565,True,0.3619578186046149,0.34012858684499464,True
1308,43.6,NaN,NaN,False,0.3829245331022351,0.24974213781808388,True,-0.05905526141980481,0.2872231934873975,True,-0.019945524537960436,0.23986870442725597,True,-0.21213950160146744,0.0041265068159093135,True,0.1631094160610061,0.38170007368382886,True,-0.3673432841067381,0.32827763454741177,True,0.3571274664951749,0.3014142507712584,True
1311,43.7,NaN,NaN,False,0.40655236975690084,0.2753768287672776,True,-0.018279466778552314,0.2808552986965755,True,0.01769549202637472,0.23281431554978485,True,-0.2548271177671453,-0.009674116118057853,True,0.17189129145372067,0.3718140872841224,True,-0.3993353794530455,0.332350301156512,True,0.3538532550878794,0.26031937629332,True
1314,43.8,NaN,NaN,False,0.4129028949188806,0.3145234259136718,True,0.01949608881479492,0.27746085864459374,True,0.05759142050664105,0.23564423440695426,True,-0.29488238434359937,-0.027807644949797105,True,0.20810859315065525,0.40512101341405826,True,-0.4128782935199607,0.3381648055203662,True,0.3511202580673975,0.21788210049327034,True
1317,43.9,NaN,NaN,False,0.42803713122519454,0.3452911990920209,True,0.057239798300382685,0.267016766077267,True,0.09666670616647967,0.2196086232092727,True,-0.3333340862696219,-0.051872027944333786,True,0.24931136777887025,0.42643701837264436,True,-0.4325177338174593,0.33142702349682635,True,0.34500903378498443,0.17678668702413441,True
1320,44.0,NaN,NaN,False,0.4300557587322356,0.3457059557728658,True,0.09537793144082315,0.2733083375137844,True,0.13966865995106617,0.21589236754729477,True,-0.35769772819528317,-0.08245121652658689,True,0.28863497199068305,0.4490020905233424,True,-0.45227247250926755,0.3214222794499108,True,0.33527676665502587,0.138703141151075,True
1323,44.1,NaN,NaN,False,0.44700346017872067,0.34548021574345045,True,0.13260719717689676,0.2770769280704849,True,0.1815714982538703,0.2188582136236407,True,-0.3943508279782217,-0.10419824075371059,True,0.32127441274717766,0.46753737312296745,True,-0.47199938942299446,0.31003685311686996,True,0.317328315785767,0.10462704397549506,True
1326,44.2,NaN,NaN,False,0.42920324121156583,0.37526962985454876,True,0.16957928514652115,0.2748206648706302,True,0.2240273394385617,0.22796184742158362,True,-0.4173254506778431,-0.10844263497357909,True,0.35098070448025365,0.45867373530055383,True,-0.46746597216438457,0.31348472954018675,True,0.2943786968469841,0.07210374358699467,True
1329,44.3,NaN,NaN,False,0.4159392988561242,0.36754568215811134,True,0.20570338368600985,0.2752077454834921,True,0.264054093023922,0.24686100017167095,True,-0.44255689318781094,-0.09670693586513107,True,0.36440111162580424,0.45382383340530263,True,-0.490757302025056,0.2763044323542984,True,0.27067774844804243,0.03776749754973903,True
1332,44.4,NaN,NaN,False,0.41928108759560173,0.36554816196618756,True,0.2383812755695589,0.2841404329947954,True,0.3075644918626538,0.27007386722603255,True,-0.46203032397460747,-0.07834248557807852,True,0.3683159837320265,0.4305292260538926,True,-0.495784865528539,0.2515133036813969,True,0.2473873827523007,0.0016308781570981883,True
1335,44.5,NaN,NaN,False,0.3884610633133368,0.33310721799091436,True,0.26936994082441224,0.3030825152584206,True,0.3323826506714464,0.2991562716125916,True,-0.4816293902246837,-0.06553576365573256,True,0.3660376738589946,0.4083384309650968,True,-0.4940501082876242,0.24301860797937358,True,0.22274231094888003,-0.033171849400707096,True
1338,44.6,NaN,NaN,False,0.3793845441263716,0.3214506634331915,True,0.26346667813376573,0.315311525403582,True,0.3290980095450731,0.3203114565749173,True,-0.4775908945655831,-0.023665495873022756,True,0.36013887073995315,0.37933947886928404,True,-0.4913783840994178,0.22366445522714912,True,0.19922596659758754,-0.06692540909068034,True
1341,44.7,NaN,NaN,False,0.39214662344589923,0.3154522665066144,True,0.23489384311064138,0.3362175955389691,True,0.30819087299442943,0.35491210975747717,True,-0.4535362289076984,0.0072207174722811905,True,0.35655624851808776,0.3694364158514535,True,-0.48032716650325685,0.1916611437536556,True,0.16974135181549682,-0.09598602403136133,True
1344,44.8,NaN,NaN,False,0.364424174243528,0.29757459832645033,True,0.22293036152364026,0.3522764301851516,True,0.3034109373269041,0.39208378625751966,True,-0.4266087607773492,0.03644955341130865,True,0.3391246363512869,0.3277821687718892,True,-0.4985943560601429,0.20468990544378213,True,0.13668574509074571,-0.1115696721681014,True
1347,44.9,NaN,NaN,False,0.3503399480948591,0.27757096696200195,True,0.20207791133169006,0.3718337997531663,True,0.29257597990608325,0.42277325464808224,True,-0.4079347621360785,0.04686846676837791,True,0.3142216579718536,0.29564880817583133,True,-0.48594066646900924,0.1981285907013565,True,0.11113670466725456,-0.1211096967621624,True
1350,45.0,NaN,NaN,False,0.30930793456771544,0.25997228138430883,True,NaN,NaN,False,0.2849434607115702,0.4663779687236994,True,-0.37455501110517675,0.050818687338493616,True,0.2758613780017058,0.2639177931162187,True,-0.4768078698503782,0.16514904735629984,True,0.06990008106822387,-0.1297762027895018,True
1353,45.1,NaN,NaN,False,0.29354081517975145,0.22254625401607583,True,0.09349812850279846,0.4032646756152806,True,0.2586187646347658,0.5035348618081151,True,-0.33347438820037223,0.06786386326119372,True,0.26031746782775905,0.2593019279624699,True,NaN,NaN,False,0.027314229714815664,-0.13057957029272058,True
1356,45.2,NaN,NaN,False,0.2602457563857564,0.1905290202635543,True,0.07171739785504662,0.40728719061569446,True,0.24199885754355407,0.5060567176282926,True,-0.2853573925857418,0.07613246796853158,True,0.2317057467783808,0.23489077835503314,True,-0.4393323973057177,0.13930097791406315,True,-0.011087035097652794,-0.12361498099606899,True
1359,45.3,NaN,NaN,False,0.24457307711889884,0.15391930639835988,True,0.037256519512658334,0.42651600311031285,True,0.21618488027779612,0.4991616547820898,True,-0.23923881640777125,0.08810629182812396,True,0.18163294118026016,0.23364502199603288,True,NaN,NaN,False,-0.049416606046300805,-0.10959913678918741,True
1362,45.4,NaN,NaN,False,0.23352437048724475,0.11911232471578272,True,0.006914079467055672,0.4476887607980289,True,0.21368852322998166,0.5051289096732845,True,-0.1960176235711432,0.10370794508333381,True,NaN,NaN,False,NaN,NaN,False,-0.08746503458425679,-0.09568295627869514,True
1365,45.5,NaN,NaN,False,0.2250880700295036,0.08244685254424484,True,-0.018617947673004752,0.4663933767335758,True,0.19901907992832088,0.48885594972777885,True,-0.15601122618686009,0.1299399075892186,True,0.07167551847549532,0.1848005019723683,True,NaN,NaN,False,-0.12314490553114837,-0.0707004330503884,True
1368,45.6,NaN,NaN,False,0.21973471269890935,0.04789119137766561,True,-0.04203937278391905,0.47038934157554124,True,0.1823319947486,0.4602804102063739,True,-0.11734078017805828,0.1606775027057708,True,0.05674798762988424,0.1863260215262208,True,NaN,NaN,False,-0.14391310662570275,-0.042152270152345864,True
1371,45.7,NaN,NaN,False,0.21196999461912314,0.012485930454028123,True,-0.06898704254165464,0.4628862992445741,True,0.15677121526622084,0.41535116144093787,True,-0.0798051199814992,0.19050748282508181,True,0.009640394489207197,0.1719669337209029,True,NaN,NaN,False,-0.1580357999765903,-0.007654913188177683,True
1374,45.8,NaN,NaN,False,0.1994698837259412,-0.021166316107967778,True,-0.09207906878150601,0.42630119146167256,True,0.15337743421333827,0.3819811683332325,True,-0.04497032492205373,0.2176025379749146,True,-0.0314371622318724,0.15516172005990211,True,NaN,NaN,False,-0.16591261124812512,0.03383565819929977,True
1377,45.9,NaN,NaN,False,0.19435165823365438,-0.055003515955326564,True,-0.10854816426593927,0.3832410571066413,True,0.1510783301113014,0.34048361837722335,True,-0.010637943471222166,0.24700649956028073,True,-0.06490918306219084,0.12504048120789152,True,NaN,NaN,False,-0.17285421151380248,0.07461211403065544,True
1380,46.0,NaN,NaN,False,0.19564733882336324,-0.09012653734265769,True,-0.11670385775785265,0.34394679597220795,True,0.14909652404366988,0.2990312188088144,True,0.022532661872595772,0.2763821065609617,True,-0.08815663596863382,0.11897768667322056,True,-0.21001629663149354,0.09436660718257482,True,-0.16551361710161805,0.10999699526392237,True
1383,46.1,NaN,NaN,False,0.204281296211129,-0.12409084598799797,True,-0.1316303253701594,0.3028349435636888,True,0.14842005939366684,0.2581219237086132,True,0.05253902759470284,0.3061836732591235,True,-0.1291190027639609,0.08733171523322075,True,-0.22450898198322602,0.096708422999104,True,-0.15137132973373932,0.1498668572606933,True
1386,46.2,NaN,NaN,False,0.21799205060191554,-0.15674241940595235,True,-0.14040530096043105,0.2622037528926943,True,0.16098174770592952,0.21732535784605228,True,0.08422140461595706,0.33429837672583435,True,-0.15091441167470313,0.05341987998176352,True,-0.20381343662257503,0.08523470601996057,True,-0.1649761257303189,0.18577819826787492,True
1389,46.3,NaN,NaN,False,0.23778538075322905,-0.1908090201674178,True,-0.13718520779120244,0.2307597228156408,True,0.18116532879331929,0.17791103750025689,True,0.1159433930586375,0.3621686637045096,True,-0.1645021051231989,0.017846657160548493,True,-0.1817776852886268,0.0896025010124288,True,-0.20116425945152222,0.21802607325957862,True
1392,46.4,NaN,NaN,False,0.2615708152222925,-0.22170452180258785,True,-0.1375823193559368,0.2000887452448386,True,0.2030002868702281,0.1406911713366378,True,0.14574302990001212,0.3797047942057372,True,-0.1628229767826033,-0.02523757367139932,True,-0.15639175546326473,0.0959077723019893,True,-0.21154005287310687,0.25498621064587773,True
1395,46.5,NaN,NaN,False,0.28287231922046974,-0.2498018171504213,True,-0.14266070852126328,0.16456502159187178,True,0.2251713351255442,0.1061389939392404,True,0.16041791739674502,0.384973241541305,True,-0.16403998410174753,-0.0724462610442303,True,-0.11904020735275865,0.09000907394584816,True,-0.2039757363393691,0.2920732523962562,True
1398,46.6,NaN,NaN,False,0.3062555281579385,-0.27767185200258815,True,-0.15130246725605626,0.128060902419872,True,0.24888203590278482,0.07158021448413283,True,0.18477940879281018,0.4210461659415627,True,-0.1552179567334095,-0.12023043523379769,True,-0.0993189429469607,0.09360880717702315,True,-0.18817263765572934,0.33062688727877376,True
1401,46.7,NaN,NaN,False,0.33443218806139635,-0.3139902691778683,True,NaN,NaN,False,0.28589419884133027,0.027843889327949036,True,NaN,NaN,False,-0.12901621878262437,-0.21620321624347555,True,-0.05756676220513608,0.10939622455192788,True,-0.16628640270887254,0.3804781818876087,True
1404,46.8,NaN,NaN,False,0.3501475057721274,-0.32610750661135474,True,NaN,NaN,False,0.30955971141008837,0.00892919178788129,True,NaN,NaN,False,-0.12750853872549833,-0.2221140455292507,True,-0.04813326467596113,0.11128245989270737,True,-0.18007500516867425,0.4117246213932423,True
1407,46.9,NaN,NaN,False,0.3685415257859435,-0.3315033815273862,True,NaN,NaN,False,0.3342802035881879,-0.012879755983511317,True,0.2743694964639348,0.502487935828247,True,-0.12465578137540545,-0.25444930668646415,True,-0.02208930872600343,0.11838086029336928,True,-0.20556727269628425,0.43809083967208706,True
1410,47.0,NaN,NaN,False,0.3987592149696085,-0.3302855850181222,True,NaN,NaN,False,0.3632429880038027,-0.030442264859882967,True,0.2995907747511314,0.49570100079757723,True,-0.12854929860909572,-0.2907948722360683,True,0.008291761527483992,0.1253075697800525,True,-0.23237188875168333,0.4629611743558622,True
1413,47.1,NaN,NaN,False,0.41474356925826633,-0.3386301672917404,True,NaN,NaN,False,0.3970999994152095,-0.04672020494809737,True,0.32832343333639175,0.4791419581534706,True,-0.13260107202024865,-0.3312951882886296,True,0.02269637137319007,0.13679707550515954,True,-0.2570096481158583,0.4674337327788295,True
1416,47.2,NaN,NaN,False,0.4494864541510542,-0.3117108192494622,True,NaN,NaN,False,0.4232202375578495,-0.044801510724428305,True,0.34861181415426185,0.45578901222214996,True,-0.14112685635669409,-0.37273232064350903,True,0.04972121069006463,0.1370902612722517,True,-0.29049091531290916,0.4714289290950966,True
1419,47.3,NaN,NaN,False,0.4728115245559228,-0.2854455516778009,True,NaN,NaN,False,0.45248354501364924,-0.03367370858737194,True,0.36537462301147183,0.42395727576996545,True,-0.15597358288851834,-0.4191782861061641,True,0.080630975612733,0.1376439275866686,True,-0.32007250768672135,0.4626469608888213,True
1422,47.4,NaN,NaN,False,0.48432446274869306,-0.28372890130743667,True,NaN,NaN,False,0.46973307120987945,-0.013492149123980652,True,0.38542516332929244,0.38785878561484544,True,-0.17372346980589723,-0.4586441147555641,True,0.09855831712337913,0.14637607652911377,True,-0.3513338608898654,0.43987704453406007,True
1425,47.5,NaN,NaN,False,0.48373224343209514,-0.24779494659050524,True,NaN,NaN,False,0.4797401681627507,0.009332550980762421,True,0.4029652202631542,0.3515118965081307,True,-0.18806206011793739,-0.485432711990412,True,0.12622851640244595,0.13758757184650253,True,-0.36962089505561035,0.4205288944484682,True
1428,47.6,NaN,NaN,False,0.47616807294449254,-0.21124359081392477,True,NaN,NaN,False,0.4743972431420067,0.03231230961386744,True,0.4258102116072293,0.31553772864337704,True,-0.2156026220909177,-0.508252251617774,True,0.16053123731214128,0.1391392242037711,True,-0.37595274721250976,0.40090488999699675,True
1431,47.7,NaN,NaN,False,0.46038685151135955,-0.18065993494116447,True,NaN,NaN,False,0.46199198225809435,0.06318891117850468,True,0.4521034065269907,0.2791062818321591,True,-0.2449725964403526,-0.5130684196248653,True,0.17778980189525173,0.14502400660804216,True,-0.374764744267364,0.3580031247343727,True
1434,47.8,NaN,NaN,False,0.4576157159802512,-0.1638581957501708,True,0.0693630939891328,-0.3090481714755774,True,0.4380965580538514,0.0911086857194269,True,0.467913540771733,0.253047402064996,True,-0.271906288209895,-0.5002881529590436,True,NaN,NaN,False,-0.3629701413938977,0.3148923746202897,True
1437,47.9,NaN,NaN,False,0.4265527266147813,-0.15558397247238212,True,0.09566197782639452,-0.3343301920135151,True,0.41584443228844487,0.11494564615063435,True,0.45729317550198023,0.229224370386568,True,-0.30667537753015395,-0.4705971043603089,True,0.2233732042446704,0.15347936278804905,True,-0.35166034302206794,0.2743459390310885,True
1440,48.0,NaN,NaN,False,0.3961046921147831,-0.1470416165592856,True,0.12390599425187326,-0.35852971178328086,True,0.38603098962947024,0.12917758069067037,True,0.43163815126783767,0.2066679735766038,True,-0.32883123436226946,-0.4408242872909063,True,0.257771525665255,0.14415113183848433,True,-0.3493426809652489,0.23334315364841426,True
1443,48.1,NaN,NaN,False,0.3698681565255844,-0.14560394398948262,True,0.1579902266597066,-0.3796726997983492,True,0.35965364690715507,0.13543422216863113,True,0.400212192400106,0.19858191178141424,True,-0.3486332433569755,-0.4058659924068976,True,0.2966500782886462,0.15066609842765774,True,-0.3584394313328494,0.19301794143075615,True
1446,48.2,NaN,NaN,False,0.33892448646242834,-0.14977916567284918,True,0.18400945115605347,-0.4103279462175558,True,0.340045978408741,0.14052919848576956,True,0.4010469175763845,0.19273945229008405,True,-0.3678543118951507,-0.3688640409394114,True,0.2967400037476733,0.17069637567280171,True,-0.36993657097620836,0.15859149163896777,True
1449,48.3,NaN,NaN,False,0.30664022091498133,-0.15533705838384934,True,0.21193821890076459,-0.44263530378114796,True,0.31491310408541673,0.140708956574161,True,0.35527822339108406,0.17726033834541044,True,-0.3850174835821115,-0.3262643455716025,True,0.2999872203231866,0.20624663214013966,True,-0.3718981779480807,0.13341969431358153,True
1452,48.4,NaN,NaN,False,0.2761570282447571,-0.15931176263336422,True,0.23600453683762398,-0.471827975850928,True,0.2856915538074866,0.1330437452288003,True,0.3172695345829385,0.17076919375283708,True,-0.40426068030032936,-0.28734850089238734,True,0.3230845073416198,0.2390039905275172,True,-0.3638514019563916,0.0857260712871902,True
1455,48.5,NaN,NaN,False,0.2504339014677108,-0.16234655390015948,True,0.25785688525517375,-0.4822882353743328,True,0.2592451393887526,0.12997866795013915,True,0.30295700037889006,0.16555477416827702,True,-0.419173983551234,-0.2614600184402175,True,0.3410848051070264,0.23668928753557655,True,-0.36494511791580986,0.05922592599848383,True
1458,48.6,NaN,NaN,False,0.21542732231696754,-0.1663548353980562,True,0.29096864676895373,-0.48768940634559627,True,0.22181631042789454,0.13359103028920535,True,0.25624933920473303,0.19235511694477428,True,-0.41782779461356506,-0.2445018254866799,True,NaN,NaN,False,-0.3638908334620187,0.01532382756902411,True
1461,48.7,NaN,NaN,False,0.1820202498399479,-0.17886559378629788,True,0.32286554295075276,-0.4709173002613731,True,0.1831466176568665,0.13699074424640686,True,0.21825945314137635,0.22644282273219324,True,-0.402544703271843,-0.22259990004469637,True,NaN,NaN,False,-0.35745597979319954,-0.030082435509961633,True
1464,48.8,NaN,NaN,False,0.15112869367937978,-0.18814763754639383,True,0.34684718452126284,-0.4536923865381443,True,0.14216895640184668,0.13895012195644185,True,0.18336483044902727,0.25931004020507437,True,-0.3752147847606094,-0.20237984399708311,True,NaN,NaN,False,-0.3595734294237018,-0.07242769036120049,True
1467,48.9,NaN,NaN,False,0.11878099801154439,-0.1968227909027975,True,0.3579620287573149,-0.4253185417030121,True,0.09971745302813077,0.139845405043168,True,0.1588910485170184,0.2911069307399774,True,-0.3349358706605528,-0.18179451862741733,True,NaN,NaN,False,-0.3656975255104188,-0.1089501642912513,True
1470,49.0,NaN,NaN,False,0.08666088259614825,-0.21083379861306553,True,0.36271916204596066,-0.39805877371100806,True,0.05872972188165018,0.13048115507043537,True,0.1322064582051859,0.3266456119122876,True,-0.2936875579886739,-0.16224327001392988,True,NaN,NaN,False,-0.3611178999397769,-0.1439241060239283,True
1473,49.1,NaN,NaN,False,0.0550155588671168,-0.2245886755285289,True,0.35767070387280214,-0.3591548613403392,True,0.02092466488771901,0.11015043923332195,True,0.10172137344786544,0.3619790501676186,True,-0.2534117273155032,-0.14400483524427687,True,NaN,NaN,False,-0.34922614486700054,-0.1833720979480056,True
1476,49.2,NaN,NaN,False,0.023889346460079307,-0.23722078291395599,True,0.3383427696816538,-0.3173898836351205,True,-0.013445028352540528,0.090245241895546,True,0.06798637801512511,0.3945829168255955,True,-0.2119588558836983,-0.12557048176904345,True,NaN,NaN,False,-0.34874356200698414,-0.21690571269064102,True
1479,49.3,NaN,NaN,False,0.0005204805046952913,-0.25057471180291324,True,0.32436715858709375,-0.291334119617663,True,-0.04007958509093212,0.07374364541025133,True,0.03852707305250132,0.41657397363272847,True,-0.17611118897252404,-0.10828020240867804,True,NaN,NaN,False,-0.3520178224152688,-0.24525807966716862,True
1482,49.4,NaN,NaN,False,-0.031792590192175244,-0.2761146139581077,True,0.3037925522476162,-0.24134496510443673,True,-0.07584142039440744,0.05345975359041055,True,0.006072988829279367,0.44829442628028005,True,-0.12885446871192752,-0.08040889360148903,True,NaN,NaN,False,-0.36632225028319576,-0.28315739554033287,True
1485,49.5,NaN,NaN,False,-0.05679476351400492,-0.3016926715553485,True,0.30138004910882266,-0.19831086576108573,True,-0.10803244478569522,0.028845792328334667,True,-0.02334531108968565,0.4778866854015106,True,-0.08809072286782801,-0.05449026601962992,True,NaN,NaN,False,-0.39079257500570125,-0.31752391900488275,True
1488,49.6,NaN,NaN,False,-0.079751669557771,-0.32999762938832083,True,0.3078032158653289,-0.15622233099665342,True,-0.13514202029510988,0.001156353754671086,True,-0.04706111501999179,0.47705309347782243,True,-0.05029635937639631,-0.03298470807094717,True,NaN,NaN,False,-0.41897867328338323,-0.34905324368894125,True
1491,49.7,NaN,NaN,False,-0.10195194283219944,-0.3540984098712929,True,0.3175890189871186,-0.11751110575094635,True,-0.15895497460581243,-0.027362160047971935,True,-0.04908856154448981,0.487333816958007,True,-0.012056440370072393,-0.01687644822680966,True,NaN,NaN,False,-0.4281190534006104,-0.35084836249279905,True
1494,49.8,NaN,NaN,False,-0.12339723686981859,-0.37499075509318847,True,0.33175163460843804,-0.08068167677963307,True,-0.17631035923061594,-0.058352943598205524,True,-0.09044653317728404,0.4486592532059162,True,0.02713325142244392,0.0012299618400609654,True,NaN,NaN,False,-0.45574164462714856,-0.34467872466531885,True
1497,49.9,NaN,NaN,False,-0.1450099791967855,-0.3955044112651254,True,0.35218806564928556,-0.040505050104403764,True,-0.18213116926723671,-0.09281604601588861,True,-0.09157915800630675,0.4135565619944374,True,0.06954096165048688,0.018029443438744013,True,NaN,NaN,False,-0.4623968594757617,-0.3322786140306905,True
1500,50.0,NaN,NaN,False,-0.16990636754827637,-0.41944631601377624,True,0.3734920432861522,-0.0023709056644829673,True,-0.1859508262266157,-0.13147006512878306,True,-0.09576729981749306,0.3980353611313921,True,0.11283860233931046,0.046739931477245936,True,NaN,NaN,False,-0.4524570762403083,-0.3007138793419091,True
1503,50.1,NaN,NaN,False,-0.1909771072473489,-0.4449373614907165,True,0.3861169595032952,0.03817913508367546,True,-0.1896111705956929,-0.16973023400521672,True,-0.09136844675594062,0.356932244193145,True,0.15571162546930215,0.07527019650062067,True,NaN,NaN,False,-0.44436809426058205,-0.26905813406712914,True
1506,50.2,NaN,NaN,False,-0.21104678443673336,-0.4716671188939466,True,0.3914280882252177,0.07612219043617688,True,-0.19415849613721872,-0.20738182134382566,True,-0.07881504198789413,0.3150937409941742,True,0.1943897936626129,0.09742482394841265,True,NaN,NaN,False,-0.4263755120967423,-0.238294111417603,True
1509,50.3,NaN,NaN,False,-0.2272835132895038,-0.4937732356169379,True,0.39173084907902034,0.07937446772637069,True,-0.18414764381472173,-0.24562711826533543,True,-0.055362585505915045,0.27062539221504184,True,0.23057783440613258,0.11801294536734702,True,NaN,NaN,False,-0.3965130654693421,-0.22203014277138922,True
1512,50.4,NaN,NaN,False,-0.22262929420911326,-0.48752916648442407,True,0.3899940818976626,0.08163889142507058,True,-0.1707658344354505,-0.28404741522321625,True,-0.02417813014317128,0.2337173525539256,True,0.26497816661843415,0.1392727902701785,True,NaN,NaN,False,-0.35822807575581445,-0.21030105380939387,True
1515,50.5,NaN,NaN,False,-0.254192989875551,-0.4977728988493814,True,0.379441789362928,0.10417584188599575,True,-0.1611727917731405,-0.32027063276721923,True,0.018032872922363424,0.20859465539890354,True,0.31302924046799346,0.14583487376652826,True,NaN,NaN,False,-0.32205825462843846,-0.1993989108622571,True
1518,50.6,NaN,NaN,False,-0.2758116351767333,-0.49669223687754716,True,0.36023830912665544,0.12051470728307233,True,-0.1471801063733352,-0.3542008095627931,True,0.0632357880923678,0.19574574732787076,True,NaN,NaN,False,NaN,NaN,False,-0.2846385057836326,-0.19292423043936124,True
1521,50.7,NaN,NaN,False,-0.29638755263213395,-0.4835703468646044,True,0.354556665541204,0.15123351799073437,True,-0.12474841298913077,-0.37145001643366987,True,0.11098343054773889,0.19860214311861887,True,NaN,NaN,False,NaN,NaN,False,-0.24199529761025743,-0.19380153847340476,True
1524,50.8,NaN,NaN,False,-0.3105739868365095,-0.46946430449317533,True,0.34948625745994466,0.18278076886682074,True,-0.0951711284019987,-0.3860662081024443,True,0.15950512822818305,0.20472449937036782,True,NaN,NaN,False,NaN,NaN,False,-0.20061739350616525,-0.19683353800323328,True
1527,50.9,NaN,NaN,False,-0.3236260757734062,-0.4443076381747023,True,0.3465324381777889,0.21681281765449423,True,-0.06419864355114802,-0.3950392220489249,True,0.23778558886359238,0.21960919045885524,True,NaN,NaN,False,NaN,NaN,False,-0.1612148018066548,-0.20124488634523177,True
1530,51.0,NaN,NaN,False,-0.3431342539626059,-0.4138354039837125,True,0.3457682617381224,0.25436003720488065,True,-0.03145167532082904,-0.4077196443378629,True,0.27434304150504907,0.2273765597901484,True,NaN,NaN,False,NaN,NaN,False,-0.12081265483921655,-0.20545797714296196,True
1533,51.1,NaN,NaN,False,-0.3559868727576192,-0.38816695406444274,True,0.35833803194782066,0.28815228116215647,True,0.005299902584634862,-0.4226609487442789,True,0.3104120165228397,0.2547749091627855,True,NaN,NaN,False,NaN,NaN,False,-0.07902383935000276,-0.21318425375520997,True
1536,51.2,NaN,NaN,False,-0.36674014557605467,-0.3612782862212786,True,0.36584632278549256,0.3195114768369631,True,0.04273031865213073,-0.43589022116425097,True,0.3359605248721944,0.2895125785036186,True,NaN,NaN,False,NaN,NaN,False,-0.03831168732760731,-0.2238547135395214,True
1539,51.3,NaN,NaN,False,-0.37285559755625614,-0.33217292585383945,True,0.3734269909851898,0.360046271709341,True,0.07873124346651439,-0.44412514943659265,True,0.3458827842553159,0.33053479721001755,True,NaN,NaN,False,NaN,NaN,False,0.0013771566975628341,-0.24132193519964587,True
1542,51.4,NaN,NaN,False,-0.3787599693619636,-0.3061125600875453,True,0.3715832884573417,0.39923812515928625,True,0.10170006870437069,-0.4340994345978506,True,0.33222597990534075,0.3736731237662492,True,NaN,NaN,False,NaN,NaN,False,0.03647871565981924,-0.27126536326303297,True
1545,51.5,NaN,NaN,False,-0.3863141033189343,-0.2792433213270632,True,0.37202478195997424,0.43318489595864,True,0.11898250456168481,-0.41601006410612734,True,0.307319575789387,0.41436189423332254,True,NaN,NaN,False,NaN,NaN,False,0.06770263608407574,-0.3035034374674232,True
1548,51.6,NaN,NaN,False,-0.39173491801484867,-0.2538492281515681,True,0.36692576177931086,0.45347492449811855,True,0.1293682130884969,-0.39804634138014583,True,0.2808261670669573,0.4468586566853638,True,NaN,NaN,False,NaN,NaN,False,0.09347308132957667,-0.32181699165497024,True
1551,51.7,NaN,NaN,False,-0.396652962445529,-0.23261337201977494,True,0.3421254929192483,0.4912868521363923,True,0.157104541496705,-0.3867102601482825,True,0.24609369009588097,0.481771692351466,True,NaN,NaN,False,NaN,NaN,False,0.12109249063302627,-0.33116949366781934,True
1554,51.8,NaN,NaN,False,-0.3904741167790088,-0.23258300359024542,True,0.3068961776489877,0.5054787007555749,True,0.1900046177232552,-0.39091477799274227,True,0.24407420991356757,0.47558229729460716,True,NaN,NaN,False,NaN,NaN,False,0.15485491341218555,-0.3419886785839195,True
1557,51.9,NaN,NaN,False,-0.38319876265483627,-0.22197021045145893,True,0.2799686773811168,0.5096273755452195,True,0.22079695079238404,-0.41449358184000246,True,0.21045784264474723,0.46747345356096254,True,NaN,NaN,False,0.17310479271205903,0.32026992875496196,True,0.18970565121337027,-0.35033696920898344,True
1560,52.0,NaN,NaN,False,-0.3684963386069965,-0.20137577163918782,True,0.2475287303622831,0.5074919875503563,True,0.24253914869558812,-0.4397132021961204,True,0.18183853524717764,0.44226592169562956,True,NaN,NaN,False,0.15303563687113939,0.32604411864996075,True,0.22546266218759817,-0.3594710080575721,True
1563,52.1,NaN,NaN,False,-0.343164032575701,-0.17531071692036954,True,0.21474778521596327,0.507121542965041,True,0.2640339934050917,-0.46688609404125575,True,0.1703540389512924,0.41478151087939436,True,NaN,NaN,False,0.16198051586387266,0.320913967462952,True,0.26186710091744037,-0.3771134086995229,True
1566,52.2,NaN,NaN,False,-0.31695662177800893,-0.15165682144296314,True,0.19030132016406984,0.47332781248938227,True,0.2842888455997243,-0.4774367579612902,True,0.1583176908625261,0.3821281177584837,True,NaN,NaN,False,0.16317591185942398,0.28812945862409306,True,0.296537410920794,-0.40348076181235537,True
1569,52.3,NaN,NaN,False,-0.30285827334807774,-0.13930166743568453,True,0.18000402698306642,0.4693534163529897,True,0.3050959395826137,-0.4780234556565939,True,0.14592364371172944,0.36064069240874586,True,NaN,NaN,False,0.16518275611090183,0.2732502104256275,True,0.32201661236357915,-0.42476327346486775,True
1572,52.4,NaN,NaN,False,-0.27640780061092884,-0.11921145393018037,True,0.17122606305804236,0.42763983300301334,True,0.32449898459283594,-0.47556264566568757,True,0.16111739076837003,0.34230255724509084,True,0.2807685042758956,0.18093170690708343,True,0.13940934492576984,0.23880030433542082,True,0.33514023095192297,-0.4370968611442907,True
1575,52.5,NaN,NaN,False,-0.25364112080289025,-0.10258777966277675,True,0.15720093369324462,0.3986284860077551,True,0.3389113861640348,-0.4570860058286176,True,0.12820769168377621,0.3198710246392194,True,0.29580819412109366,0.14596713937674688,True,0.13365918201107022,0.22588456095395798,True,0.35564441982625095,-0.41498503135073944,True
1578,52.6,NaN,NaN,False,-0.22249020280075685,-0.0680099387290237,True,0.12515728951834057,0.3574461067592414,True,0.36228344332654194,-0.4325175675164146,True,0.08827703789809853,0.28219594424425937,True,0.31646558583284046,0.10363364439561354,True,0.11837531491444722,0.1875907484490899,True,0.359177040686299,-0.3840429058161723,True
1581,52.7,NaN,NaN,False,-0.1973482260401745,-0.03784727161413163,True,0.08741475457322746,0.32710388885807795,True,0.3693653177952083,-0.4128854042237722,True,0.046948551386222045,0.2620436853064754,True,0.3347870618990613,0.0614306073694009,True,0.11209778206931266,0.1623866582556028,True,0.3471733361861138,-0.3579572478552908,True
1584,52.8,NaN,NaN,False,-0.17322222542101495,-0.01407197806413251,True,0.04680716139180551,0.3107161533597148,True,0.37890181685178126,-0.38714610643498026,True,0.0056715742302464916,0.26803864547597017,True,0.35213391760991103,0.01867406443418697,True,0.10274047333974062,0.1387031031516673,True,0.38230342933539535,-0.3203302838788665,True
1587,52.9,NaN,NaN,False,-0.1475689388317756,0.00553155990017974,True,0.00011553336927126994,0.31571911282066245,True,0.37279948893586873,-0.3582185599354348,True,-0.03478834871812111,0.27431071474475854,True,0.3713305038008895,-0.025221379300249574,True,0.09313402130018532,0.112153063753829,True,0.41334734559802033,-0.2996553959039331,True
1590,53.0,NaN,NaN,False,-0.12454577857088285,0.022067708490826152,True,-0.03296014171649272,0.3327713404892641,True,0.37225159750580417,-0.3338539578889529,True,-0.06812558694535674,0.2819546427874727,True,0.38975938589344833,-0.05564767773038439,True,0.10363209302261861,0.09563831753671893,True,0.43967125061746054,-0.2940248239456955,True
1593,53.1,NaN,NaN,False,-0.089826316818799,0.04831684104485947,True,-0.06211303563699957,0.3675102596629329,True,0.37505657354356847,-0.2974843878820402,True,-0.11775992596839409,0.29156123429772207,True,0.4202163335508221,-0.05709153222295773,True,0.071830598794397,0.061631383171452336,True,0.46656521751773405,-0.2758020553747128,True
1596,53.2,NaN,NaN,False,-0.059070400333404695,0.0771835005196571,True,-0.07496646462441463,0.3944964744539015,True,0.3824140402198766,-0.26181912243594585,True,-0.16334435726658603,0.2918355940315328,True,0.44880028236322805,-0.04495969853711866,True,0.06220586119081982,0.038254120913682424,True,0.4811734695835732,-0.25504106404565363,True
1599,53.3,NaN,NaN,False,-0.034433202572155715,0.1016660931639964,True,-0.07682093688900561,0.42621873877806254,True,0.39323757074231813,-0.22713963519731747,True,-0.20987677221805068,0.30228109343298365,True,0.47087317714869287,-0.013415618509762275,True,0.05334471852100561,0.01188719002660591,True,0.4886961400022371,-0.2306766905266658,True
1602,53.4,NaN,NaN,False,-0.009189952826214065,0.12417576546106618,True,-0.06727197118733841,0.46234357361510137,True,0.40080537237193575,-0.190291125899245,True,-0.2527638268958509,0.3115309572383311,True,0.4772127906290188,0.022461073702636027,True,0.048950318897881526,-0.001128736413576486,True,0.4800492986994154,-0.19809963376604353,True
1605,53.5,NaN,NaN,False,0.016967133964159095,0.14967463517232585,True,-0.04742303028712518,0.4779804397246376,True,0.39795922249808274,-0.16285096497624338,True,-0.2958447266616358,0.31905893989436124,True,0.4625101538640475,0.06056628045185786,True,0.03868441248535707,-0.01995446557937602,True,0.4542854602753687,-0.17005629157344657,True
1608,53.6,NaN,NaN,False,0.04186254898196544,0.17157298566165924,True,-0.014787064751937825,0.4855691592400924,True,0.3793428924420219,-0.15503556430826906,True,-0.3350395088269395,0.32057757426230643,True,0.4365881931619433,0.09488327459839856,True,0.029999104117365887,-0.03275615524797778,True,0.43043384494184894,-0.15079113411972211,True
1611,53.7,NaN,NaN,False,0.06776404736767144,0.1900234289094697,True,0.014028702947149956,0.4862422729246496,True,0.3580078575226392,-0.14930856632209022,True,-0.3773819785173958,0.3183159855891417,True,0.4071210369277714,0.11579752701894871,True,0.0076711031869013515,-0.06004562715659181,True,0.40976069588706077,-0.14273016066468522,True
1614,53.8,NaN,NaN,False,0.09453030578250755,0.20684329535442322,True,0.03833529752831627,0.4797780124227922,True,0.3298742562800246,-0.14776024896235562,True,-0.42554191777719075,0.30956432106680704,True,0.36812197552647175,0.13521324755738162,True,0.00520084057737265,-0.07737744062734742,True,0.38212538010351593,-0.13279523680400981,True
1617,53.9,NaN,NaN,False,0.12203694521541313,0.21902876906246843,True,0.07324089000249781,0.46161096417606917,True,0.297180179007806,-0.1359019335726546,True,-0.46916250550091426,0.2983705215205023,True,0.3464304384947665,0.14761065047029034,True,0.009767238886688184,-0.10426845289331667,True,0.35192770841779974,-0.12128784489213565,True
1620,54.0,NaN,NaN,False,0.1507047950713274,0.23131287582681773,True,0.10041321052030885,0.42643148375881323,True,0.2644278270352415,-0.12120707679579289,True,-0.48791597912715856,0.2584332118328037,True,0.3086576947508665,0.16711568189802634,True,-0.002455948506934164,-0.13567973823315388,True,0.31805151522021186,-0.10075239781195876,True
1623,54.1,NaN,NaN,False,0.17935290251561342,0.24220349301053032,True,0.11663912469517525,0.38388203194085924,True,0.2292489422711228,-0.11173648861604484,True,-0.4915218199581727,0.24277781861466394,True,0.2699158168228159,0.1894258275278439,True,0.00824510611691634,-0.1509471911663199,True,0.28384012653623114,-0.07244623363767329,True
1626,54.2,NaN,NaN,False,0.20425827482263137,0.2653626083856942,True,0.1351577539462895,0.3409863199228701,True,0.1896250722989112,-0.11395376039677202,True,-0.48594066646900924,0.19373131825534895,True,0.23296891165320952,0.20958848318748144,True,0.004386703662965915,-0.18493565776490353,True,0.24906288207170646,-0.04521501119164506,True
1629,54.3,NaN,NaN,False,0.23832490095539383,0.27217568281627746,True,0.15169129493750444,0.30841924612972527,True,0.14665199571757861,-0.1212789200054405,True,-0.45346850071387657,0.16413429217645195,True,0.2041943021103053,0.21245532005556167,True,0.011421501237169429,-0.20829671437741118,True,0.2154025935726264,-0.02023003915416283,True
1632,54.4,-0.370957287866278,0.35678402556272676,True,0.2704162297589392,0.2876468786556976,True,0.15583302023536483,0.2947040487049599,True,0.10452230736463498,-0.13949092025335058,True,-0.42790258137693205,0.13601506490315873,True,0.17290008192678177,0.19916486412720555,True,0.011796749246383978,-0.23263498314407557,True,0.182942200275407,-0.0010921946429540235,True
1635,54.5,-0.370890474796291,0.32208855587625573,True,0.29533705103475066,0.30472082601165734,True,0.15227410701228825,0.2631158988883967,True,0.07642766569527426,-0.16396548976146813,True,-0.40678976244087334,0.1301399936515474,True,0.16526536889910806,0.2075996390466035,True,0.027525454534026373,-0.25039319879141375,True,0.1550595599474128,0.01090626001941958,True
1638,54.6,-0.3707464390335837,0.3083075858056108,True,0.3055598994887089,0.31330312330933446,True,0.14323638820717322,0.25830331065569595,True,0.06427476343082181,-0.17928488420079278,True,-0.3885241692036112,0.12811048329185162,True,0.15525737489402414,0.1967600676606442,True,0.041224649461972976,-0.2544522195108054,True,0.1392232939587776,0.018301982438777644,True
1641,54.7,NaN,NaN,False,0.3460013654150218,0.34057385654983297,True,0.11803720459741589,0.21088656343350215,True,0.02878073696305347,-0.21576714606893857,True,-0.2866380541702354,0.12608118634018525,True,0.1313154323013299,0.11083986639214768,True,0.03938508045645396,-0.2881681108453414,True,0.0924050663998491,0.04790819032286249,True
1644,54.8,NaN,NaN,False,0.38484060726416336,0.36070082680615495,True,0.085268718236977,0.1699617103059782,True,0.003857043495148376,-0.25456106288818175,True,-0.24457760709853646,0.1220730832877178,True,0.1209813893290947,0.066078610310289,True,0.06050499787908301,-0.3295441028195497,True,0.04493786300381039,0.07478294819326996,True
1647,54.9,NaN,NaN,False,0.4143324811758732,0.3701593010111299,True,0.057659271396466046,0.14245096324382875,True,-0.009084827942595217,-0.29428682724939204,True,-0.20387672042498564,0.13338056128516468,True,0.12225285057282753,0.018877725710002558,True,0.06659352895817039,-0.33664738907848496,True,0.0013018758800391393,0.09066217581093486,True
1650,55.0,NaN,NaN,False,0.4414895449697473,0.36826991388028424,True,0.027316786567466198,0.12851162125496524,True,-0.012667972889885332,-0.3329246018773166,True,-0.16277719283714367,0.15839828811144147,True,0.12595670697927233,-0.029514821311188336,True,0.08250058515621037,-0.3598268573987682,True,-0.04002408051663522,0.10700301265101644,True
1653,55.1,NaN,NaN,False,0.46080018861568467,0.3596192811282472,True,0.0049709509308402166,0.13624169021700008,True,-0.016448224091709568,-0.363364027570014,True,-0.1296124439935909,0.1881729171244781,True,0.13985049853307327,-0.06939745072156564,True,0.08969081597660375,-0.37796715882000387,True,-0.06077653498272148,0.1318997893630404,True
1656,55.2,NaN,NaN,False,0.45017098694067526,0.35643039875762833,True,-0.03781247898539212,0.1747424813262679,True,-0.025065832500838395,-0.4054686643652113,True,-0.10114705521979041,0.23323882874613683,True,0.16387104160322635,-0.1164924014294382,True,0.10816717172761789,-0.41621171188359596,True,-0.08086510985560359,0.16641070256886478,True
1659,55.3,NaN,NaN,False,0.47741027320664164,0.3215528873910043,True,-0.03399473889215586,0.21059402566942942,True,-0.021035026913978308,-0.4448238655597529,True,-0.07326892641223523,0.27386794032881046,True,0.18966219154080677,-0.16306717334562826,True,0.10074019312569459,-0.42183806718006994,True,-0.08304100141822562,0.19945263480372888,True
1662,55.4,NaN,NaN,False,0.4810666258784119,0.2973851197234685,True,0.00200610501116078,0.23309146356459082,True,-0.011822702569807999,-0.4794339491867139,True,-0.04668016862014608,0.3074313856902632,True,0.219103094101902,-0.2042799088934803,True,0.10109520507299886,-0.4279753552647957,True,-0.07131155584179802,0.2346266246629028,True
1665,55.5,NaN,NaN,False,0.4793809027102228,0.2893438063121285,True,0.024616412634621995,0.26860168135588813,True,0.009304008410177483,-0.493117484696013,True,-0.03673724849684619,0.32688718545342027,True,0.237072399172617,-0.23111285037430374,True,0.09652880676368333,-0.44319668296251413,True,-0.045729148904465125,0.27083956795869896,True
1668,55.6,NaN,NaN,False,0.46826745431462935,0.2622626913315883,True,0.04652874249164704,0.3010601208922729,True,0.01839390780630202,-0.5001020286338428,True,0.010059365377856483,0.3419918023281121,True,0.2778811842366561,-0.27621505867003837,True,NaN,NaN,False,-0.018122658592686594,0.29232680639982467,True
1671,55.7,NaN,NaN,False,0.4537226300701429,0.23871879789527234,True,0.07626256871360512,0.33235522058976036,True,0.02231278716147998,-0.49487795600677315,True,0.052448043692420086,0.37737272431506635,True,0.3147101444563812,-0.3029154082191193,True,0.08688863255512833,-0.444211438142362,True,0.015867316711463225,0.31683762662502885,True
1674,55.8,NaN,NaN,False,0.44053081273212025,0.2245122253774018,True,0.0967933336320037,0.3648869515175989,True,0.04083988042140514,-0.4797666852089451,True,0.0777738430743443,0.4163009543686542,True,0.35122557680408073,-0.32863782926249174,True,0.07166730485740987,-0.4915178935618736,True,0.044348814212694404,0.34314953075692733,True
1677,55.9,NaN,NaN,False,0.4039329042188981,0.20136083833253582,True,0.10948684881200756,0.3725942372905176,True,0.05232145942161818,-0.45248066105577317,True,0.06786893345449994,0.4538175729749222,True,0.3875203624049773,-0.3347269598968991,True,0.052746348899829265,-0.4898002541851583,True,0.06474213534819391,0.3764465418789001,True
1680,56.0,NaN,NaN,False,0.3742837072210602,0.2019437672655906,True,0.12939756897556887,0.3801442081242485,True,0.06896262041808013,-0.43576075788771035,True,0.0423768540173056,0.4705093931597517,True,0.39346828884622587,-0.33715476666840893,True,0.05644597715969142,-0.4969787074944526,True,0.08105810431672617,0.4050308344246431,True
1683,56.1,NaN,NaN,False,0.3540113269731935,0.21262035585147188,True,0.1620337416942248,0.3941134467915662,True,0.09263183692128593,-0.4213068437600415,True,0.0011101249957328554,0.4814900117825081,True,0.43595300102098633,-0.3200813551301706,True,0.050357446080604044,-0.5005303506239203,True,0.08117785943713622,0.4280075331889394,True
1686,56.2,NaN,NaN,False,0.3192675687402966,0.21791631670839046,True,0.20229371036925917,0.42283783479517767,True,0.1288332117970057,-0.40578634536356567,True,-0.04973123982506014,0.47109773408044064,True,0.47528315753720907,-0.2849507468432279,True,0.03767300633250534,-0.49089017641536525,True,0.07496208880252164,0.45595872122007863,True
1689,56.3,NaN,NaN,False,0.28002462965109554,0.21560425475670109,True,0.23961923570243132,0.44857024014910446,True,0.16191015167094974,-0.38573501681895167,True,-0.07699432899030696,0.4650092030013533,True,0.48328192365179007,-0.2549456150078398,True,NaN,NaN,False,0.054482521200081804,0.4833235612319676,True
1692,56.4,NaN,NaN,False,0.2461721264883667,0.2258920026719125,True,0.26950448059766274,0.4624341599140037,True,0.1885532406703958,-0.37533262491266756,True,-0.10209095709678911,0.4216607317277967,True,0.48313118813679,-0.22605794486427572,True,0.0016491974479050122,-0.48480164533627784,True,0.030728382341799625,0.492038163888152,True
1695,56.5,NaN,NaN,False,0.2146118830616201,0.23545428207819463,True,0.303542127285104,0.4719946945800547,True,0.21909692698150368,-0.36516771400915515,True,-0.10763136723052888,0.3838230338582483,True,0.4689463431820125,-0.20165203144343052,True,NaN,NaN,False,-0.002791704568637108,0.48881754916944326,True
1698,56.6,NaN,NaN,False,0.1808215239782998,0.24138934203238718,True,0.32828895069068204,0.47289639965988667,True,0.24863716107152908,-0.3539557514741199,True,-0.10873751055999212,0.34629702058755796,True,0.4472196735125132,-0.1844062600246049,True,NaN,NaN,False,-0.04090065865730268,0.4838600328838314,True
1701,56.7,NaN,NaN,False,0.1448458666906873,0.25259490353639147,True,0.3460235706604492,0.46046530641634054,True,0.29063713617156384,-0.34592243062850747,True,-0.10505451570262274,0.3191271159506111,True,0.3993635878869184,-0.17085927442578625,True,-0.037093634931415966,-0.4401914464683492,True,-0.08278619968674752,0.45694048227134765,True
1704,56.8,NaN,NaN,False,0.1090244780777356,0.26561480403515814,True,0.3655523575865079,0.43196664401011214,True,0.33337032998657157,-0.3278204031640962,True,-0.1297615983423976,0.2803237602690361,True,0.364424174243528,-0.1580504774252552,True,-0.06817896860742319,-0.4145545675272176,True,-0.09776685600521332,0.42520333427978124,True
1707,56.9,NaN,NaN,False,0.07792590531926578,0.28330009240741844,True,0.37162321558683603,0.3949457051947106,True,0.3703666687143814,-0.30014104992414176,True,-0.13962674531072417,0.1975598790744867,True,0.31886686352776905,-0.1508177255458901,True,-0.07953121693992671,-0.39651794468951085,True,-0.1034159306968908,0.3958755548259845,True
1710,57.0,NaN,NaN,False,0.05755753343213983,0.29849917758353334,True,0.3592818511193871,0.3652531312935281,True,0.39633652329172586,-0.2756676101894107,True,-0.13980565520959848,0.20199071862465817,True,0.2811140267621883,-0.13552458281152874,True,-0.1120033826950594,-0.3792671066320966,True,-0.10691285631095558,0.3668097556531013,True
1713,57.1,NaN,NaN,False,0.040209894282125076,0.32395823300249565,True,0.33654355884917725,0.3188358876245626,True,0.42844551352033217,-0.2448109528862219,True,-0.15334421110633029,0.1067328978579964,True,0.23777182931458818,-0.11232867920397488,True,-0.1211507591294929,-0.36344217456015837,True,-0.11659810351736907,0.32342172368492056,True
1716,57.2,NaN,NaN,False,0.0232011383427791,0.33889436806796924,True,0.32787399394445066,0.27901763173806504,True,0.4445254882685901,-0.21999396760412346,True,-0.16033088985223262,0.09957903346502815,True,0.20957433437827228,-0.09211788497684639,True,-0.12062880172376651,-0.3617585529734512,True,-0.12326416243452905,0.28923135012451556,True
1719,57.3,NaN,NaN,False,-0.014872690459990207,0.3627566096213878,True,0.31617717796530537,0.23091338305230086,True,0.4586523561269327,-0.19189505197160348,True,-0.1452945635957915,0.009181643759924462,True,0.1745434477101773,-0.055879647638798643,True,-0.12593601895545933,-0.33090663794366465,True,-0.14201261907745305,0.247441559462668,True
1722,57.4,NaN,NaN,False,-0.043823922949674625,0.3848925625681774,True,0.2994798427332626,0.20573925455021572,True,0.44823527879590686,-0.17936644352490272,True,-0.14784269063786926,0.0015530872758720577,True,0.14282326077535462,-0.03045324406005137,True,NaN,NaN,False,-0.1527635380822507,0.21479475215190535,True
1725,57.5,NaN,NaN,False,-0.0744070517184972,0.4056594263957274,True,0.2965304248062498,0.16058036356234506,True,0.428216629560818,-0.15919369962610716,True,-0.13204665602302573,-0.0410720650582288,True,0.10610258120548192,-0.007300377371126027,True,-0.15005670193935552,-0.31635228548152705,True,-0.172777876358892,0.17855364578949517,True
1728,57.6,NaN,NaN,False,-0.08343588053336955,0.4257441326772716,True,0.2911889170786535,0.11583382479195106,True,0.4075157481556026,-0.1448501797932351,True,-0.1148682528691588,-0.0802628498057195,True,0.07048591095930279,0.011443483349927263,True,-0.1744484097808846,-0.2920958783306443,True,-0.20057530426643483,0.14236844614439292,True
1731,57.7,NaN,NaN,False,-0.0756700624266275,0.4471121493904106,True,0.28617345626203144,0.06786348624314022,True,0.3768251495165047,-0.14183798822949176,True,-0.08431833883355941,-0.16373912616652112,True,0.02560041500998073,0.031224376422831927,True,-0.20481120018531498,-0.287516325787516,True,-0.23398418351357353,0.1044146164849747,True
1734,57.8,NaN,NaN,False,-0.07083932069327196,0.45673344110430214,True,0.27434078019964636,0.024503493900587234,True,0.3397058761056256,-0.1392898353993196,True,-0.0795659556566972,-0.19246464563071036,True,-0.01883117417718857,0.044841859763132604,True,-0.24159991922442187,-0.26335131493650177,True,-0.26279518701729204,0.069232470153772,True
1737,57.9,NaN,NaN,False,-0.03753714026441932,0.48714752887609764,True,0.25564676873222963,-0.01272528763897279,True,0.2983710282497569,-0.14881548175553425,True,-0.05533127992482646,-0.2176092439053121,True,-0.06262469488311158,0.06171746410783264,True,-0.2631511667334036,-0.25039319879141375,True,-0.2935585546320129,0.03836565484559001,True
1740,58.0,NaN,NaN,False,-0.006457342677988712,0.4940166453850841,True,0.22969080877029757,-0.04472476231711966,True,0.2538043223719125,-0.15846319697385483,True,-0.0219141378689673,-0.2343291721757771,True,-0.1030190158493889,0.07637219768172279,True,-0.2626997307751892,-0.25125704166246376,True,-0.3148559139245302,0.013977366797670084,True
1743,58.1,NaN,NaN,False,0.022242253249362513,0.4943637712996486,True,0.20230922589782122,-0.07209267273753708,True,0.21263226227435647,-0.18113194687795325,True,0.018526503759905857,-0.2377745908309683,True,-0.14525860119730802,0.09004588899000164,True,-0.2885460579851858,-0.2344637183561017,True,-0.34409198818048986,-0.007708193416057508,True
1746,58.2,NaN,NaN,False,0.051217439125751295,0.4787158614353409,True,0.1722661612571628,-0.09918847054037778,True,0.17941619212286355,-0.2119099725139348,True,0.05863781814711581,-0.24571883173900425,True,-0.1870997514011146,0.09799077650279375,True,-0.3075517339179555,-0.22460150463694645,True,-0.3764295082179353,-0.033700495684606056,True
1749,58.3,NaN,NaN,False,0.0780458417271853,0.4546371220395171,True,0.13724809040832905,-0.1220774318088273,True,0.1592479884725879,-0.2363893239374329,True,0.09752435717517019,-0.25920508992581937,True,-0.23204068788935955,0.1161947161182585,True,-0.3251019704631177,-0.21792103303628108,True,-0.41132617173572295,-0.05046572528540171,True
1752,58.4,NaN,NaN,False,0.08603925875453,0.4345513200374119,True,0.11083845169610215,-0.13630873071425093,True,0.1765144189763789,-0.2524098161480771,True,0.13345110663000626,-0.2818320448533308,True,-0.26785985241432836,0.1206432471694255,True,-0.3421648908946341,-0.20275608062633196,True,-0.44085361593593375,-0.06558721018360984,True
1755,58.5,NaN,NaN,False,0.09771929619802486,0.4057950809147731,True,0.07265097744616332,-0.16265892865193377,True,0.20374203811110078,-0.26868763200536666,True,0.16002342661718158,-0.3124621757259983,True,-0.31207927898840293,0.12475645807177839,True,-0.3546861515397381,-0.19836665790393782,True,-0.4565200810024231,-0.06609277784751863,True
1758,58.6,NaN,NaN,False,0.10781676198486138,0.37053295782943,True,0.03008012685277758,-0.1903873424897415,True,0.24427922231740012,-0.2735920201190722,True,0.18023785905902223,-0.3517190374407322,True,-0.35995881089089293,0.1317438705885848,True,-0.37837661740513223,-0.19255215354008368,True,-0.47269963984232394,-0.04490987270979178,True
1761,58.7,NaN,NaN,False,0.1213903086699568,0.359982041887096,True,0.0036868500431107873,-0.20017700814226036,True,0.2780305662323468,-0.26421029058672857,True,0.19007317725980458,-0.37820233757827426,True,-0.4073304325235744,0.13343728213619754,True,-0.4179520694192002,-0.20472921569825842,True,-0.47979725348725905,-0.028603109703686926,True
1764,58.8,NaN,NaN,False,0.11690013610185052,0.31289120820068034,True,-0.04155829375818862,-0.21151189814674898,True,0.3192951811261426,-0.24881238970171876,True,0.21475280875645764,-0.42254769884629123,True,-0.4468536246583261,0.15828917589128447,True,-0.42251846772851576,-0.20675872605795423,True,-0.46926428452987906,0.0074531453512808885,True
1767,58.9,NaN,NaN,False,0.13327883333222862,0.27314492787519384,True,-0.07128928489868036,-0.21452501270718263,True,0.35135936005692564,-0.229359571868947,True,0.2365019806797366,-0.439143085116495,True,-0.46177360560753067,0.16803187457177687,True,-0.43640959200695795,-0.2150534945224412,True,-0.45639790537299185,0.027650926375418286,True
1770,59.0,NaN,NaN,False,0.1498034537056979,0.2529253704131429,True,-0.10836988264775074,-0.21395063426926283,True,0.38648938720718745,-0.21267992333586141,True,0.26708096485223015,-0.4558444787735627,True,-0.4842401827888399,0.20060828335902117,True,NaN,NaN,False,-0.42517653157140667,0.04788064298702267,True
1773,59.1,NaN,NaN,False,0.17193255336647065,0.20829053619032978,True,NaN,NaN,False,0.4261180903003052,-0.18836280816245124,True,0.3001971456215605,-0.4608405207064192,True,-0.480343145960816,0.25043212784760266,True,NaN,NaN,False,-0.38326595038174527,0.05818491644906245,True
1776,59.2,NaN,NaN,False,0.19585884236822323,0.18529193767628063,True,NaN,NaN,False,0.44207989529441427,-0.17685053951369056,True,0.3220519011632669,-0.4531482265639677,True,-0.47055249839262214,0.28767387886901546,True,NaN,NaN,False,-0.34035663400007765,0.049253179315751246,True
1779,59.3,NaN,NaN,False,0.21647626096102446,0.14542821793029578,True,NaN,NaN,False,0.43965661291744945,-0.17216344207990264,True,0.34190312926577016,-0.43863578721351504,True,-0.44879890696254254,0.3093990760577288,True,NaN,NaN,False,-0.3004297857882799,0.02619594198171706,True
1782,59.4,NaN,NaN,False,0.2448824390391969,0.10726950190844436,True,NaN,NaN,False,0.4281392461947658,-0.16113352341753193,True,0.3493377492932483,-0.41544850102697917,True,-0.4204889573688199,0.3275098761319633,True,NaN,NaN,False,-0.26991870546340724,-0.005979557301650195,True
1785,59.5,NaN,NaN,False,0.2693618504598495,0.0738716725901628,True,NaN,NaN,False,0.41972324989636206,-0.15392875917888185,True,0.35774758355035396,-0.3889501750813457,True,-0.38394027511533274,0.34184669500433545,True,NaN,NaN,False,-0.24997685138452672,-0.04252064931647345,True
1788,59.6,NaN,NaN,False,0.29153349941426365,0.048293525602418175,True,NaN,NaN,False,0.40711023889588044,-0.14790840518627046,True,0.3520706602254909,-0.373927501715034,True,-0.34132555635571055,0.3593147028895113,True,NaN,NaN,False,-0.23840429190013057,-0.074390193286909,True
1791,59.7,NaN,NaN,False,0.3205207636618574,0.013583855142201243,True,NaN,NaN,False,0.37311314271528373,-0.1297885713386459,True,0.36867484591346067,-0.3376146538660832,True,NaN,NaN,False,NaN,NaN,False,-0.22415769262392155,-0.11624149020051669,True
1794,59.8,NaN,NaN,False,0.34666652932463754,-0.013850798580941555,True,NaN,NaN,False,0.34109627904619244,-0.1308228197841532,True,0.3735868594845541,-0.3047044706369798,True,NaN,NaN,False,NaN,NaN,False,-0.2183063947562422,-0.1580202322891161,True
1797,59.9,NaN,NaN,False,0.37573480320267827,-0.031529025187397926,True,NaN,NaN,False,0.3063265620423498,-0.1288004745926271,True,0.4177478631025452,-0.27894201118633966,True,NaN,NaN,False,NaN,NaN,False,-0.21737421237852966,-0.19838910237410787,True
1800,60.0,NaN,NaN,False,0.40481066885912537,-0.046624985573605844,True,NaN,NaN,False,0.2709369248561039,-0.12658411699883815,True,0.43313022100821197,-0.25818456027317577,True,NaN,NaN,False,NaN,NaN,False,-0.22776358353619514,-0.23748348429901597,True
1803,60.1,NaN,NaN,False,0.4272957575353034,-0.04145576561496041,True,NaN,NaN,False,0.23375692147910163,-0.13156533814681176,True,0.4630238554133213,-0.24778785181550864,True,NaN,NaN,False,NaN,NaN,False,-0.24667593447789857,-0.27279832026381623,True
1806,60.2,NaN,NaN,False,0.44757478694410935,-0.03227416876845221,True,NaN,NaN,False,0.20126544207987465,-0.14050077311624187,True,0.4709051971368641,-0.2424594412855505,True,NaN,NaN,False,NaN,NaN,False,-0.26466910967816304,-0.3024854975530819,True
1809,60.3,NaN,NaN,False,0.45735333403861445,-0.012552292908642378,True,NaN,NaN,False,0.16550817741997764,-0.14584692399417973,True,0.4663959092282772,-0.250137578355881,True,NaN,NaN,False,NaN,NaN,False,-0.28760132220946905,-0.3386619541409722,True
1812,60.4,NaN,NaN,False,0.4715048574141236,0.020681369523237316,True,NaN,NaN,False,0.12072080352831019,-0.15372493767299555,True,0.42921284092858547,-0.2536538764050271,True,NaN,NaN,False,NaN,NaN,False,-0.30019529829521535,-0.374879988741029,True
1815,60.5,NaN,NaN,False,0.47249443451206474,0.03990825016969126,True,NaN,NaN,False,0.08670098053718234,-0.1686016205064927,True,0.39871359980910526,-0.26689188450517054,True,-0.2553135768635564,0.26864329625015687,True,NaN,NaN,False,-0.2921315690566182,-0.4041252096124962,True
1818,60.6,NaN,NaN,False,0.45744294836108423,0.07001276334590749,True,NaN,NaN,False,0.04720232493317783,-0.18518395080282396,True,0.35637012637464516,-0.28046364668845086,True,-0.27983261438434764,0.22981955604025708,True,NaN,NaN,False,-0.28197487531958204,-0.4264532224950238,True
1821,60.7,NaN,NaN,False,0.452707874890295,0.09563831753671893,True,NaN,NaN,False,0.0072367523701989895,-0.2115667144536151,True,0.3122926418499305,-0.30524451746237774,True,-0.29309255186175814,0.1852209987725042,True,NaN,NaN,False,-0.3114828528103326,-0.4485319560217209,True
1824,60.8,NaN,NaN,False,0.4445898334515118,0.1057858693351979,True,NaN,NaN,False,-0.018253709909927956,-0.23835188608239496,True,0.2834529418445245,-0.3356388648514958,True,-0.30818938413231944,0.14832195322014077,True,NaN,NaN,False,-0.3098489910978083,-0.45127587299815985,True
1827,60.9,NaN,NaN,False,0.4140766545300624,0.11482158727295975,True,NaN,NaN,False,-0.04443284047383439,-0.2680922710230802,True,0.25879978742446436,-0.37049817455111145,True,-0.33039262541059916,0.10223223648969135,True,NaN,NaN,False,-0.31064583704792514,-0.4591459359240658,True
1830,61.0,NaN,NaN,False,0.3809190597129749,0.1237333695815232,True,NaN,NaN,False,-0.06582035109889474,-0.2984335435910491,True,0.2330700726959468,-0.40589617714372034,True,-0.3327126343119769,0.06251292586653003,True,NaN,NaN,False,-0.3002641385422282,-0.4817484081087257,True
1833,61.1,NaN,NaN,False,0.34763092037465787,0.1266636129620967,True,NaN,NaN,False,-0.07811869536355476,-0.32648941720311975,True,0.21754063210636118,-0.4363902182690489,True,-0.34030023554311234,0.014573216237506308,True,NaN,NaN,False,-0.2846216333555843,-0.4991635585193521,True
1836,61.2,NaN,NaN,False,0.3084353562926063,0.12461811578650156,True,NaN,NaN,False,-0.05813759706816378,-0.362280011168229,True,0.22634386871407064,-0.4712308607860281,True,-0.33353130153436633,-0.07305233944345998,True,NaN,NaN,False,-0.2556721557624527,-0.5117437269805793,True
1839,61.3,NaN,NaN,False,0.2713801008124487,0.11447636066576551,True,NaN,NaN,False,-0.027794533163139047,-0.3875141166033441,True,0.250863981137663,-0.4806489857229156,True,-0.3311230125252093,-0.10967026305843178,True,NaN,NaN,False,-0.2275941915673862,-0.5172992958105392,True
1842,61.4,NaN,NaN,False,0.237322532769251,0.10702307835327071,True,-0.04099956527359575,-0.429834246009692,True,-0.007748783311928344,-0.41405397902935515,True,0.27847433104641894,-0.4684405391110508,True,-0.3215789624004535,-0.14729532530304018,True,NaN,NaN,False,-0.2007340103219736,-0.5011504787893828,True
1845,61.5,NaN,NaN,False,0.20308961773092812,0.10071359566420397,True,-0.02428072736499504,-0.45881660231749716,True,0.007234603244488668,-0.4442154971630814,True,0.310020173176036,-0.4592359144254105,True,-0.31480211194795804,-0.19158972459418744,True,NaN,NaN,False,-0.16850017579049684,-0.4800418466279795,True
1848,61.6,NaN,NaN,False,0.17122983233600364,0.09671452833550143,True,-0.005513466333059519,-0.4850284808136929,True,0.02926506540633146,-0.4788093908397188,True,0.34286093417332986,-0.4432366581665688,True,-0.30307443527010236,-0.2366034233449164,True,NaN,NaN,False,-0.15351159994566724,-0.45472231845932076,True
1851,61.7,NaN,NaN,False,0.14406410026324276,0.09220992950784683,True,0.000705850965898263,-0.48799624497653976,True,0.04781174785345369,-0.48523209032419473,True,0.36137504177266605,-0.42090790731829447,True,-0.29314979255964685,-0.27447138090973444,True,NaN,NaN,False,-0.14562670656663865,-0.42944754251485334,True
1854,61.8,NaN,NaN,False,0.10342775540999179,0.08437347686348476,True,0.026417551353320967,-0.4979853068585573,True,0.07549518311082967,-0.4551990536648343,True,0.3711892087758474,-0.4133459680886552,True,-0.2618991782479967,-0.3222488358509135,True,NaN,NaN,False,-0.1487319499503894,-0.3845725728548178,True
1857,61.9,NaN,NaN,False,0.07276046853205213,0.07221327088551002,True,0.03537342414412205,-0.4967245222439232,True,0.09630676627383555,-0.4404501459229324,True,0.3677780261091271,-0.38495145556327864,True,-0.23575981950464506,-0.3554359530703731,True,NaN,NaN,False,-0.15516874860537783,-0.35118332213472897,True
1860,62.0,NaN,NaN,False,0.03108178558721039,0.0744993876708043,True,0.07054140982453101,-0.49280074111295447,True,0.11072592835453711,-0.4122584636359244,True,0.3650607024927052,-0.3431879474649592,True,-0.20512239177380162,-0.38840835954389297,True,NaN,NaN,False,-0.15969275112685424,-0.3086561747679304,True
1863,62.1,NaN,NaN,False,-0.0053994740006647005,0.055820879901338834,True,0.09628446061556124,-0.4769509473301459,True,0.13363137336071676,-0.38539393974493313,True,0.3573208879845927,-0.30874162163266783,True,-0.17415108764846257,-0.428212507906191,True,-0.07770213077817491,-0.1919327910831137,True,-0.14687985130744294,-0.27073502665285115,True
1866,62.2,NaN,NaN,False,-0.034917130994323586,0.03644624057148914,True,0.11164307835937516,-0.4503022470108541,True,0.15193538203485873,-0.36552807840330126,True,0.3471733361861138,-0.2818506093666986,True,-0.16765487230665058,-0.4292103145888163,True,-0.08085169964190832,-0.19876861315680144,True,-0.13171039737915513,-0.24530401645731145,True
1869,62.3,NaN,NaN,False,-0.06414093250476355,0.0122289933963513,True,0.12024319411882435,-0.40655939889672216,True,0.17203578336290093,-0.3408146950040869,True,0.3278329035807232,-0.2363646534980779,True,-0.16928957642992296,-0.4711232202511936,True,-0.06605752316305737,-0.1793241446592955,True,-0.10987353089751183,-0.2157862504555466,True
1872,62.4,NaN,NaN,False,-0.09164393322472701,-0.012890172385373917,True,0.12089556692039487,-0.3614554316601496,True,0.18748821779992822,-0.31147363905896125,True,0.31646007940938387,-0.1976447212019129,True,-0.19164078457690845,-0.49050598926908545,True,-0.04202669386432383,-0.14241755260101682,True,-0.09090850110004169,-0.18951208012108678,True
1875,62.5,NaN,NaN,False,-0.11904560600553556,-0.04070858495993345,True,NaN,NaN,False,0.1925336668233375,-0.27129232332875736,True,0.2885316191262117,-0.15291461734834572,True,-0.21707063290284156,-0.4901785950052991,True,-0.03335985625684742,-0.13369635310890568,True,-0.07163162117878197,-0.14923908159667718,True
1878,62.6,NaN,NaN,False,-0.13565900344587675,-0.059503724390433034,True,NaN,NaN,False,0.17852950093934414,-0.24007013537048594,True,0.25324408181041835,-0.1313855681817629,True,-0.2559209598941661,-0.49497235671243495,True,-0.01813852855912897,-0.12354880131042671,True,-0.06000273311441113,-0.11663710688768658,True
1881,62.7,NaN,NaN,False,-0.15887090796375997,-0.08740401627449214,True,NaN,NaN,False,0.16619607444714257,-0.2077188655628563,True,0.22297186496271165,-0.10494262839247694,True,-0.28907816157851735,-0.48074262461688627,True,-0.01678877407311337,-0.10648660363900986,True,-0.04655797812462062,-0.08267214917784492,True
1884,62.8,NaN,NaN,False,-0.1777335556864096,-0.11441272864601726,True,NaN,NaN,False,0.15163636996442545,-0.17456065407433108,True,0.19208896560597843,-0.07870617109410195,True,-0.30683637722585555,-0.48023524702696235,True,0.005938844344534778,-0.07394111058649887,True,-0.04312941395874247,-0.046868400754667826,True
1887,62.9,NaN,NaN,False,-0.19288394490092203,-0.14243760027228528,True,NaN,NaN,False,0.14131373124091937,-0.1425711723053518,True,0.15815289840149802,-0.054825493831566145,True,-0.32071959511387815,-0.4527950868801312,True,0.01868629881329234,-0.03423227527471046,True,-0.03283904680929093,-0.010712242625780022,True
1890,63.0,NaN,NaN,False,-0.2050980072801352,-0.1752685898899241,True,NaN,NaN,False,0.14214551006159412,-0.10808805677721502,True,0.13763739160367316,-0.03812649026970775,True,-0.32386620720024023,-0.41573216870893676,True,0.024481188994482685,-0.039324121383051296,True,-0.010895721537082867,0.024947797560554926,True
1893,63.1,NaN,NaN,False,-0.21994662104170762,-0.21362465719332283,True,NaN,NaN,False,0.1559067832978245,-0.0627889255348397,True,0.10575065404499265,-5.735486767453269e-05,True,-0.3107290109623166,-0.3688086919107763,True,0.025659817681635166,-0.001767675016672411,True,0.02174938724814076,0.05587053051927022,True
1896,63.2,NaN,NaN,False,-0.21677467929570154,-0.2485980858546217,True,NaN,NaN,False,0.16983137149254388,-0.023451998832386637,True,0.10939074603346875,0.028563110328488517,True,-0.28945561257064767,-0.32791164308474147,True,0.017885280325471355,0.022575944587670392,True,0.039144281787209724,0.08973022416497808,True
1899,63.3,NaN,NaN,False,-0.2123695220266391,-0.2826614346470593,True,NaN,NaN,False,0.18176441815573627,0.013592566992622736,True,0.12478861101669181,0.05199933478023783,True,-0.2725867398975665,-0.2890005083635699,True,0.03239208402704372,0.05778952259223714,True,0.060802789292785264,0.1244005973333522,True
1902,63.4,NaN,NaN,False,-0.2092652397082818,-0.3150376527378873,True,NaN,NaN,False,0.1861262165689856,0.05133549199404228,True,0.132963561824918,0.09382985764748704,True,-0.25752215745063145,-0.24854065121843788,True,0.050357446080604044,0.0773727242994568,True,0.08660113652237884,0.1563241925269581,True
1905,63.5,NaN,NaN,False,-0.2069137041811976,-0.3437425272105901,True,NaN,NaN,False,0.1883690407039959,0.0805705225376063,True,0.14518484793144423,0.12854305942991034,True,-0.24871757362974758,-0.21618589540088207,True,0.06528589728332578,0.09236305081802286,True,0.10419319110836708,0.18658664847492093,True
1908,63.6,NaN,NaN,False,-0.20383199072262545,-0.37857508167106335,True,NaN,NaN,False,0.2017790460223802,0.1206175775655822,True,0.1667842541346971,0.17001874471381437,True,-0.23396782004716726,-0.16784990153429732,True,0.0758320292413689,0.12615496549735308,True,0.1369398989903483,0.2200286103317964,True
1911,63.7,NaN,NaN,False,-0.19546652903903144,-0.41449854683114357,True,0.15154016025799263,0.1518621122419968,True,0.22717618719877633,0.15627628175250483,True,0.19117526399647272,0.20689474660917348,True,-0.22128661211473225,-0.12355677894548842,True,0.08638125496520437,0.14434656616941796,True,0.17110181192379875,0.24746891906052523,True
1914,63.8,NaN,NaN,False,-0.18589614185708797,-0.4526731752733182,True,0.1762236528308604,0.18180128013468838,True,0.25654412167486723,0.18845888345497122,True,0.21695035459857884,0.24139896523075105,True,-0.20900397153072556,-0.08092601432190925,True,0.10309300433332441,0.1614705598293512,True,0.2031034605976489,0.27394126808012303,True
1917,63.9,NaN,NaN,False,-0.18350943876856388,-0.46733049071716176,True,0.19892611147510822,0.20582127890153318,True,0.2787055753141241,0.21408755168241816,True,0.23241458147772975,0.2573180718898718,True,-0.20865142816669352,-0.041394251491576474,True,0.1213903086699568,0.1981285907013565,True,0.22620208475620332,0.2981260252483683,True
1920,64.0,NaN,NaN,False,-0.1912934300085965,-0.4825786267295165,True,0.22928703694436056,0.22932799378171015,True,0.30624981649019045,0.24224489331124938,True,0.26261773790288934,0.2854827866034389,True,-0.21396942587058213,0.00523121459190727,True,0.13007879157989743,0.19640293358760386,True,0.25378594390951204,0.326678864729237,True
1923,64.1,NaN,NaN,False,-0.2089015611140257,-0.4916058087689898,True,0.2718921620072824,0.25192947927189474,True,0.3420061114800081,0.27317645656203043,True,0.301450097316033,0.3245606667345708,True,-0.22567764564101203,0.05502209097921721,True,0.1498034537056979,0.23465977717588077,True,0.2875256747764418,0.3605277905182618,True
1926,64.2,NaN,NaN,False,-0.22668424808693632,-0.500855803636556,True,0.3076402898733257,0.28514873396779705,True,0.3714424098953095,0.30311459200343616,True,0.34065366036892186,0.3551369645433148,True,-0.23834040258612252,0.10510936588196595,True,0.17373476336377738,0.2496900552872698,True,0.3220073539069954,0.39464046552042387,True
1929,64.3,NaN,NaN,False,-0.24216391761235032,-0.5003586469031422,True,0.3445559933116024,0.31400197480192876,True,0.40173794438834637,0.323070860152264,True,0.3695881506031985,0.3838067629196954,True,-0.2581281285931565,0.15347936278804905,True,0.18225202050315947,0.2721290222178226,True,0.34825490180857804,0.42534403410720095,True
1932,64.4,NaN,NaN,False,-0.2666981701267982,-0.4993514585442839,True,0.38064772927936774,0.3453155376479679,True,0.4346138285409691,0.34062779457538445,True,0.3789333930431076,0.41319040209657104,True,-0.29770358060722446,0.19863596829128044,True,0.19578947097693275,0.29831597197382775,True,0.34422853738993314,0.4537707569849472,True
1935,64.5,NaN,NaN,False,-0.2807440222624626,-0.4962771877844919,True,0.40850578669825105,0.37055585707678346,True,0.4562152007796554,0.3507471433583938,True,0.3756520191864994,0.4368500852831188,True,-0.3354408140309738,0.22768106330905435,True,0.20054121269809272,0.31584019156371246,True,0.3296325680773145,0.4764285921507117,True
1938,64.6,NaN,NaN,False,-0.3057696276599464,-0.47932989910292856,True,0.4275071384869374,0.37769272718087904,True,0.4705613435725638,0.33851869008618235,True,0.3529400583308513,0.46757251686711493,True,-0.373748965177375,0.2617968892557661,True,0.21474778521596327,0.3493271124986931,True,0.2911381909297527,0.49604447064509793,True
1941,64.7,NaN,NaN,False,-0.3167454181914643,-0.46954379923352674,True,0.4413322176708368,0.37349064640015506,True,0.47635007341271046,0.3297466229983118,True,0.33149094068099766,0.49040117395075555,True,-0.4088041115948939,0.2848935567796237,True,NaN,NaN,False,0.27167254286222386,0.5036618407411301,True
1944,64.8,NaN,NaN,False,-0.3285088445980296,-0.44761865533176337,True,0.4663712549295411,0.3567350463911426,True,0.4743415392262256,0.3000910502342537,True,0.30308812960425097,0.5028619872934413,True,-0.4500347331861084,0.30642381016418113,True,0.23675491728886341,0.39821932259674464,True,0.24196809172272377,0.48958982374498283,True
1947,64.9,NaN,NaN,False,-0.3324148875190103,-0.43097911587069015,True,0.48540279178246754,0.3394359720090732,True,0.47749140087222214,0.2758362280201894,True,0.28217914897918184,0.5107989758522524,True,NaN,NaN,False,0.24924946133079176,0.4490147284999412,True,0.20981040114197227,0.48751184418254173,True
1950,65.0,NaN,NaN,False,-0.33715772704099506,-0.3905737518958407,True,0.5000000000000001,0.30420851031034424,True,0.45940484657518543,0.24750761359137596,True,0.25249503457807865,0.5128273155113787,True,NaN,NaN,False,0.2497568389207157,0.4355813027857643,True,0.20713712136710405,0.48784119454793096,True
1953,65.1,NaN,NaN,False,-0.3357141368200236,-0.35526741464887546,True,0.4913297791798075,0.27742952202592347,True,0.44616416756947774,0.22904609948223503,True,0.2521125205882201,0.5172992958105392,True,-0.4977175434858355,0.2643687598121788,True,0.24924946133079176,0.45232476325325455,True,0.17787948208773122,0.44883290063028064,True
1956,65.2,NaN,NaN,False,-0.3333408573905551,-0.32748076728719233,True,0.48078044144635657,0.25069488675758156,True,0.4339689410212881,0.2208241318644782,True,0.20940281451134904,0.5019973260188499,True,-0.49807212165280884,0.22344806264198078,True,0.2502134787516473,0.4528321408431785,True,0.16921792011510978,0.4161864691688765,True
1959,65.3,NaN,NaN,False,-0.32955561819689455,-0.29735884920434974,True,0.4761524778972995,0.24543121549234032,True,0.4110991217644224,0.21057742062608822,True,0.19443181938676501,0.4844220164658925,True,-0.48420990398464575,0.18929454195805778,True,0.23336001251125899,0.4517730086146492,True,0.16788663024560033,0.37720995325577106,True
1962,65.4,NaN,NaN,False,-0.32489660334338655,-0.26407265254716245,True,0.4460106818059692,0.21754589603225646,True,0.37842527202100984,0.20136759582070024,True,0.17590312193222807,0.4534248238685466,True,-0.467304824720181,0.16609371434054263,True,0.2301793347811581,0.4382778329054224,True,0.17587273816353743,0.33532506428063685,True
1965,65.5,NaN,NaN,False,-0.3236215236455696,-0.22682634345849081,True,0.42088839888925045,0.20807688501720248,True,0.34443360043095983,0.18553103656970796,True,0.1692216783342153,0.43439965386060125,True,-0.429026946925817,0.14833392338740786,True,0.21243061633662402,0.4186831716569581,True,0.18130247949340866,0.29636755216504745,True
1968,65.6,NaN,NaN,False,-0.32260677110268227,-0.19399253174124542,True,0.38347342847086435,0.18784184850804683,True,0.3093905600373448,0.15970603113171078,True,0.16057437246534603,0.41078356466996596,True,-0.38462993778693,0.13595532141298344,True,0.21322565244619143,0.4294927717066769,True,0.17472885828191445,0.2554420785722543,True
1971,65.7,NaN,NaN,False,-0.3259327175540993,-0.16291824080212453,True,0.3434615815160018,0.17244420991193232,True,0.27743816613910594,0.12898541605128788,True,0.14555330397870916,0.37702646061630524,True,-0.33766638540499777,0.13279145073437576,True,NaN,NaN,False,0.15872280426623367,0.21609847959899836,True
1974,65.8,NaN,NaN,False,-0.3290109867618365,-0.13300380522679597,True,0.30893153329897444,0.13965858742021436,True,0.25123475014283453,0.09660946706790628,True,0.11676766962009812,0.3448518026615013,True,-0.2928769886620505,0.13889637681030328,True,0.17111331248250372,0.38230665584374973,True,0.1289000137190975,0.1838270215176091,True
1977,65.9,NaN,NaN,False,-0.3214774731156097,-0.09531093216938656,True,0.2801880523972818,0.10374420193670195,True,0.2240865684629825,0.0605998371707682,True,0.08784504815146564,0.31820029289663404,True,-0.24752008558270036,0.14578664777778297,True,0.17567971079181927,0.3574451539374762,True,0.09643700477320041,0.16418652064533645,True
1980,66.0,NaN,NaN,False,-0.3371488838536926,-0.05863360614398273,True,0.2743165672277533,0.06500265968550706,True,0.21472626010608775,0.02140743862299708,True,0.08471705647025383,0.3150080923162372,True,-0.20557830677960467,0.15198251461578172,True,0.16299527104372055,0.320913967462952,True,0.06096464039984878,0.14939442141282427,True
1983,66.1,NaN,NaN,False,-0.36477187188098525,-0.03438856412351865,True,0.28027106205340974,0.02245314941742902,True,0.21353493663363732,-0.01795365360121287,True,0.04925087971781748,0.2809809350521757,True,-0.1602840041449228,0.1554401227968066,True,0.1726354452522756,0.2990967310962222,True,0.022840621184448098,0.14416977410139012,True
1986,66.2,NaN,NaN,False,-0.3950092572618904,-0.016123100250048407,True,0.28591847016693206,-0.0210280941858108,True,0.2095420398930819,-0.05995235168046431,True,0.015400848525968366,0.240223746753799,True,-0.12588238899837484,0.1447356661948063,True,0.15892889702592436,0.2707791789397421,True,-0.007150541727381243,0.14932061182985176,True
1989,66.3,NaN,NaN,False,-0.42573438969291316,-0.003315706747854324,True,0.29399983314274425,-0.060387752800041085,True,0.2053902814643924,-0.10455668147726407,True,-0.0172778537477825,0.20505894440552672,True,-0.10530965024065159,0.1305760691635598,True,0.150978433387627,0.24452693609571752,True,-0.022471905647646857,0.14253720711254209,True
1992,66.4,NaN,NaN,False,-0.45260486306597597,0.005478510834439709,True,0.3003970111893798,-0.10126527650060702,True,0.22498322738845417,-0.1479745230071725,True,-0.022222489497994505,0.20068808072487448,True,-0.09732332912105028,0.10431725740824498,True,0.14117803467699078,0.22010708661217063,True,-0.0440538034705499,0.13161406521221192,True
1995,66.5,NaN,NaN,False,-0.46117270040996716,0.0011348455911057032,True,0.3025813879769571,-0.135666171987434,True,0.25591611928056485,-0.18348338209701773,True,-0.055177092623577194,0.18595152854318173,True,-0.09955054842856083,0.06616248037261269,True,0.1266451207045681,0.1912968586454791,True,-0.06186906197004327,0.1187433717557394,True
1998,66.6,NaN,NaN,False,-0.4695376032851432,-0.013006532548827351,True,0.3162170711168444,-0.17042438747515817,True,0.27070058638375366,-0.21956474867824297,True,-0.08666440806919436,0.14571615897035187,True,-0.0988570292987862,0.026100309352088378,True,0.11831634927654988,0.1714944948231604,True,-0.08912433151599924,0.09868632066440203,True
2001,66.7,NaN,NaN,False,-0.47670949298690374,-0.0400099424687269,True,0.35141182929221576,-0.20691670951144425,True,0.2652988468267843,-0.2638064172595851,True,-0.12500951288345613,0.11818224307279585,True,-0.07623380467549574,-0.0544668489199375,True,0.10718373615208625,0.1402875454500264,True,-0.12622433666389157,0.07674483015047495,True
2004,66.8,NaN,NaN,False,-0.47499705514209434,-0.05677415825499791,True,0.3659463070132999,-0.2295907176045319,True,0.2506118875496759,-0.29853797571992463,True,-0.15528611644951262,0.10214024360574012,True,-0.06682963191966061,-0.08250914305326662,True,0.10401646998468232,0.12303926990569261,True,-0.15782564088669607,0.0650671223117969,True
2007,66.9,NaN,NaN,False,-0.45085189264366676,-0.09777163558915096,True,0.4142824787467212,-0.27812984037392297,True,0.22299183176419807,-0.3970334540478955,True,-0.24879712715843524,0.06666632182222106,True,-0.006324153236820083,-0.17555229896196442,True,0.06709298098462531,0.020341784856976033,True,-0.23865184945893117,0.025360458329605238,True
2010,67.0,NaN,NaN,False,-0.4421870178298887,-0.10686182787557745,True,0.428648018412678,-0.29586048236565904,True,0.22293626535051342,-0.39775970955208984,True,-0.2503267819056661,0.06573125658508434,True,-0.008418468453283494,-0.17462588720975097,True,0.0660005015094505,0.012968378193377893,True,-0.23820758008936005,0.02586194272361317,True
2013,67.1,NaN,NaN,False,-0.4230450808383147,-0.12345197165953044,True,0.43024185134893567,-0.29642399834729566,True,0.21774672065092063,-0.41853105084025066,True,-0.2736773954648502,0.05910205411320223,True,0.014377247700980455,-0.19879764639534708,True,0.07142797580555893,0.028051793294019495,True,-0.2632382722843211,0.01628587967023575,True
2016,67.2,NaN,NaN,False,-0.399383913383101,-0.13862995083070226,True,0.4281229863798449,-0.2945572146229148,True,0.20054121269809272,-0.43203437598418726,True,-0.3034597114125559,0.04837481149080481,True,0.040130005057084264,-0.22725000070048823,True,0.04736175924647863,0.015485252807917635,True,-0.296436215079405,0.0010257824461943758,True
2019,67.3,NaN,NaN,False,-0.37057357006423236,-0.13973723991942433,True,0.4623068217415894,-0.28472809150641504,True,0.22310727933716065,-0.46435396187435557,True,-0.335120634521901,0.037070974154186705,True,0.07419986903864595,-0.24970039805735172,True,0.04426891500151667,-0.001778179728679126,True,-0.33207770527664837,-0.017240186539566583,True
2022,67.4,NaN,NaN,False,-0.3387680480695496,-0.14021414534777918,True,0.4797708131166469,-0.25832167365824416,True,0.24796970114858286,-0.4826744040945001,True,-0.37018386426158856,0.02851946560688515,True,0.11067804848043258,-0.2658710818241503,True,0.02707668491653589,-0.023965483578488704,True,-0.36667578207140245,-0.02938869869973672,True
2025,67.5,NaN,NaN,False,-0.3062143295465236,-0.1450987662351413,True,0.4842579914943558,-0.25062872221587223,True,0.27461753546573536,-0.48784188406955215,True,-0.4106682060666288,0.016774134698722364,True,0.15225683137426524,-0.277075084471218,True,0.011648248488357476,-0.040231626015435576,True,-0.40560682623494265,-0.04018808054175976,True
2028,67.6,NaN,NaN,False,-0.27252900700361166,-0.15371363704951152,True,0.4826486083688179,-0.2141100635830745,True,0.30261583429531663,-0.4809335762738105,True,-0.4486539836230613,0.007909592776734971,True,0.1972294644101968,-0.2924011844990178,True,-0.018623187749504094,-0.051446911808970534,True,-0.4443105842487106,-0.04895844873077497,True
2031,67.7,NaN,NaN,False,-0.23881763893308075,-0.16224876185057205,True,0.4594690022244522,-0.18068264369439302,True,0.3318520865274012,-0.46083167329399743,True,-0.46944256764102055,-0.013585640869092867,True,0.24445122756840243,-0.2980676893382752,True,-0.03573214344986976,-0.06441131298651499,True,-0.45607533259108307,-0.058768119994101364,True
2034,67.8,NaN,NaN,False,-0.20483638383850755,-0.17117532833046004,True,0.4307133877768112,-0.14940046993348807,True,0.36149662686805273,-0.4365021767576457,True,-0.47437972844894455,-0.03253357446406077,True,0.2916071996059459,-0.2995657144998602,True,-0.055085281440638525,-0.07418337789458808,True,-0.45613545865733934,-0.07751866944103758,True
2037,67.9,NaN,NaN,False,-0.1657006395424828,-0.1820495602803746,True,0.3915271636697078,-0.1352198534732595,True,0.3640691424051479,-0.4117288510546599,True,-0.4760509510991856,-0.053671615855114985,True,NaN,NaN,False,-0.08561974801901409,-0.07839219580719531,True,-0.4147220478294184,-0.10553422976267549,True
2040,68.0,NaN,NaN,False,-0.13602045167353657,-0.18940064806406307,True,0.36397232291595516,-0.13649457108225135,True,0.36754474196585724,-0.3888883649229527,True,-0.47200550551620785,-0.07471331699830923,True,0.40694788269344045,-0.2981360842109077,True,-0.11186198238311344,-0.07907563064826773,True,-0.3962126043155979,-0.1045068271416011,True
2043,68.1,NaN,NaN,False,-0.10054032248469623,-0.19716615197925327,True,0.3188396222946179,-0.13375614958828108,True,0.37950337936703804,-0.35307476894093576,True,-0.4450396787054438,-0.10071943105745272,True,0.4301586406464353,-0.3021457129636565,True,-0.14329462157058742,-0.08859661525403553,True,-0.3775418262586701,-0.10776590517239502,True
2046,68.2,NaN,NaN,False,-0.06978652813651519,-0.19258328554706217,True,0.2895751869853128,-0.1291145365932577,True,0.38674750971093436,-0.3244546197666984,True,-0.4219841280444412,-0.11154444739170583,True,0.4549440247806249,-0.2751341959004108,True,-0.15761433479717746,-0.09461537925450932,True,-0.36143148924155655,-0.1212958523101818,True
2049,68.3,NaN,NaN,False,-0.03608322315756524,-0.19354208045586274,True,0.2564493909401887,-0.11901703353502657,True,0.4019368928922167,-0.2920511103304857,True,-0.39681603444634983,-0.11136997742450919,True,0.4771395716026151,-0.24254575873392337,True,-0.1787959701537463,-0.11456559011671343,True,-0.3281754852872458,-0.15340829096966102,True
2052,68.4,NaN,NaN,False,-0.002128318639978905,-0.19567366205429568,True,0.21834969930267725,-0.10295063565692542,True,0.427127481023277,-0.25925132644469784,True,-0.38700203643383935,-0.12151929095073091,True,0.4824089133751264,-0.22049851119309472,True,-0.19174337680887485,-0.12850855977372824,True,-0.32032840636558957,-0.19108663417967683,True
2055,68.5,NaN,NaN,False,0.039250352012979,-0.19657455938185192,True,NaN,NaN,False,0.4511443732043183,-0.22090202846868798,True,-0.34041570713769514,-0.12597584462717634,True,0.4789213709733119,-0.19744093747706215,True,-0.21816498806165946,-0.1460087159577268,True,-0.3422674552811054,-0.23736260423897443,True
2058,68.6,NaN,NaN,False,0.07206282814028112,-0.1949373928618724,True,NaN,NaN,False,0.4395522464116983,-0.19180555454832404,True,-0.30244297789122143,-0.13190645923951497,True,0.46133955783986547,-0.17508159641238893,True,-0.23580351463650276,-0.16007998778495097,True,-0.36673859704021594,-0.2694340397747709,True
2061,68.7,NaN,NaN,False,0.10457014229910781,-0.19562012333448464,True,NaN,NaN,False,0.41302645762778767,-0.18108488732791797,True,-0.2587855371908536,-0.13960348306041276,True,0.44463516342427944,-0.16081746137699304,True,-0.26058309620273645,-0.17292826821312934,True,-0.3944716852577061,-0.29633114734979144,True
2064,68.8,NaN,NaN,False,0.13756441037708864,-0.1952299571047611,True,NaN,NaN,False,0.38158643290141764,-0.17804597422970342,True,-0.21160160359713043,-0.14754776131382943,True,0.4136314041466959,-0.1457140565508936,True,-0.2845117632692018,-0.19255215354008368,True,-0.41804716026604005,-0.32149805873623094,True
2067,68.9,NaN,NaN,False,0.17038366287493084,-0.19180138001800046,True,NaN,NaN,False,0.3477640107955411,-0.17750526853670529,True,-0.12917602461051977,-0.15987180658079822,True,0.37891125619520694,-0.14186754370356836,True,-0.2931371822979089,-0.2128472571370416,True,-0.4351966564180117,-0.34571628598695453,True
2070,69.0,NaN,NaN,False,0.20277868144560218,-0.1899593160979194,True,NaN,NaN,False,0.31395398367621474,-0.17591484653998885,True,-0.09658938359788483,-0.1679545339230802,True,0.3418792702968513,-0.12515549701185258,True,-0.3210429497437261,-0.22096529857582478,True,-0.43255330170874123,-0.35904767236387036,True
2073,69.1,NaN,NaN,False,0.21539204469158935,-0.189299077241717,True,NaN,NaN,False,0.29772894273780726,-0.18344676354749662,True,-0.05867977169217576,-0.17802531609346747,True,0.3122476392856225,-0.09941606837774179,True,NaN,NaN,False,-0.4247497819189418,-0.36680811009541664,True
2076,69.2,NaN,NaN,False,0.23255996196227657,-0.18804059180480073,True,NaN,NaN,False,0.2900081965060418,-0.20493309345128727,True,-0.014328052904063427,-0.19136950699228036,True,0.29714780611021135,-0.06734732678788452,True,NaN,NaN,False,-0.3958719972737313,-0.3944357925048119,True
2079,69.3,NaN,NaN,False,0.25037827813938235,-0.18534204266609158,True,NaN,NaN,False,0.29407811830322766,-0.2343224054808393,True,0.032485707593511104,-0.19583968230767312,True,0.30920900685924596,-0.03171420787076403,True,NaN,NaN,False,-0.36963397165142836,-0.4024910636987873,True
2082,69.4,NaN,NaN,False,0.27362638317730514,-0.1882787653471366,True,NaN,NaN,False,0.28056897888917814,-0.26974132248523264,True,0.07779280763684832,-0.20318584386658278,True,0.3237675196316824,0.004318943688933632,True,NaN,NaN,False,-0.33320952347626936,-0.40604536832252713,True
2085,69.5,NaN,NaN,False,0.3201392174204224,-0.19814259965909917,True,NaN,NaN,False,0.2702636901042632,-0.36554749625686384,True,0.196939625150569,-0.21058353089628287,True,0.3570598925435724,0.08473475780062517,True,NaN,NaN,False,-0.2464393135667814,-0.43175267473268597,True
2088,69.6,NaN,NaN,False,0.3427626326370641,-0.19320073443699098,True,NaN,NaN,False,0.27024788858515064,-0.3658386647678314,True,0.19697518019020113,-0.210270950397232,True,0.3570656674438356,0.08552499233393758,True,NaN,NaN,False,-0.24677950771590204,-0.43145196600800095,True
2091,69.7,NaN,NaN,False,0.37567819690741155,-0.1885016893861084,True,NaN,NaN,False,0.2743414827663603,-0.39518624959703613,True,0.23029944811052586,-0.20976592784447512,True,0.35123235690550536,0.09360880717702315,True,NaN,NaN,False,-0.2157170173882938,-0.4515620643073843,True
2094,69.8,NaN,NaN,False,0.4104959906527376,-0.17798262073118443,True,NaN,NaN,False,0.2856982965919634,-0.427890839390978,True,0.2695445649277497,-0.2151824950188711,True,0.37683267179359803,0.12550060418017267,True,NaN,NaN,False,-0.1931208799528551,-0.4763278431224589,True
2097,69.9,NaN,NaN,False,0.4344661582455001,-0.1748907104455474,True,NaN,NaN,False,0.30540290868201403,-0.4571698837534175,True,0.31530471762945256,-0.2033745506950955,True,0.40032113873064734,0.11935821986566351,True,NaN,NaN,False,-0.1960610045231204,-0.48738738421024597,True
2100,70.0,NaN,NaN,False,0.4602176397866126,-0.18297155776064852,True,NaN,NaN,False,0.30810384976496624,-0.4649406523736178,True,0.3580541304371278,-0.20328128008142174,True,0.4369441780447268,0.10137693303654846,True,NaN,NaN,False,-0.210650934321334,-0.506239273996058,True
2103,70.1,NaN,NaN,False,0.46234804909885,-0.17327180512297363,True,NaN,NaN,False,0.30912657819164935,-0.46496752743337544,True,0.3958726704248465,-0.20555528287248304,True,0.452707874890295,0.07026943804052152,True,NaN,NaN,False,-0.20739036960076168,-0.5056041265231598,True
2106,70.2,NaN,NaN,False,0.48269345095544425,-0.20672812388057032,True,NaN,NaN,False,0.32283358979153537,-0.4663933104632877,True,0.425185930086824,-0.21094451094434136,True,0.46147159177684643,0.030353165299382322,True,NaN,NaN,False,-0.2480341033312032,-0.5020146999561447,True
2109,70.3,NaN,NaN,False,0.49081961943282476,-0.21959384157518183,True,NaN,NaN,False,0.33309002111060143,-0.46039310337951456,True,0.4402975856315414,-0.23853024476766252,True,0.43993168264955146,-0.0032907264171298943,True,NaN,NaN,False,-0.28177686544739544,-0.4813922423260048,True
2112,70.4,NaN,NaN,False,0.47359913095561845,-0.25588622539394923,True,NaN,NaN,False,0.346082497284561,-0.44995927303791117,True,0.43767031668439155,-0.27067027946097827,True,0.4068927632924639,-0.026053411514039466,True,NaN,NaN,False,-0.30364456800973694,-0.45638457626658524,True
2115,70.5,NaN,NaN,False,0.4672856929667939,-0.2848904584090437,True,NaN,NaN,False,0.3601238406933965,-0.43210855788316554,True,0.42083172397694774,-0.3004847207092611,True,0.3718428187112034,-0.053652029545663955,True,NaN,NaN,False,-0.3157312806022898,-0.4347801841178934,True
2118,70.6,NaN,NaN,False,0.447148540659771,-0.3117108502095733,True,-0.4699858666062077,0.18916511775406067,True,0.3663878942979452,-0.40817832905753915,True,0.3937468693331842,-0.3220881206876101,True,0.340107108655551,-0.08469054468662712,True,NaN,NaN,False,-0.313153121178723,-0.40820732492791906,True
2121,70.7,NaN,NaN,False,0.4303628037932891,-0.32172785483744787,True,-0.4547637453862729,0.1607471245609394,True,0.36535563572896995,-0.387132887167822,True,0.365615499616293,-0.31212646525183035,True,0.30887744714824944,-0.11740174917137114,True,NaN,NaN,False,-0.2933772842429409,-0.376762664891265,True
2124,70.8,NaN,NaN,False,0.4096535905724083,-0.32674072933731807,True,-0.4247088968039067,0.14407221294921646,True,0.35532431981112356,-0.3597767093265208,True,0.3298336569862944,-0.30348488395449996,True,0.277815660327626,-0.14153919412976224,True,NaN,NaN,False,-0.2618189408430589,-0.3570868511529108,True
2127,70.9,NaN,NaN,False,0.3870178986647729,-0.3234164351770522,True,-0.3889579946602736,0.14007569768895572,True,0.3313440117139718,-0.3431879928765833,True,0.28740685802943133,-0.29116483830438766,True,0.24238262288075332,-0.16085829515590228,True,NaN,NaN,False,-0.22092101003656014,-0.3380443915642553,True
2130,71.0,NaN,NaN,False,0.35288708183254475,-0.308098607409973,True,-0.3491858526943939,0.14967954862698982,True,0.30361484894081103,-0.33924116922395675,True,0.2438314173698777,-0.2952082101596634,True,0.2033569812983204,-0.16790988886402425,True,NaN,NaN,False,-0.18772990661958322,-0.3082690739235044,True
2133,71.1,NaN,NaN,False,0.3323554106035645,-0.2849664645773849,True,-0.30820342707403814,0.16333079168506812,True,0.2718910936939965,-0.33462034770949434,True,0.20190974728927716,-0.3116872653908781,True,0.16301486673198268,-0.1748973428323437,True,NaN,NaN,False,-0.16271872741641338,-0.279795560322423,True
2136,71.2,NaN,NaN,False,0.3215779750990517,-0.2592791696935939,True,-0.2668953400123137,0.17512063992325635,True,0.23350739474833498,-0.32952124797315674,True,0.16019635710869418,-0.32936783079300336,True,0.12570843677993088,-0.17771965112810628,True,NaN,NaN,False,-0.13312837076480477,-0.2549166924015038,True
2139,71.3,NaN,NaN,False,0.30914831963731004,-0.22837488508632536,True,-0.22623099077327088,0.1807619547555512,True,0.1929416880627204,-0.3346890610098522,True,0.11499787276194319,-0.34283939562149857,True,0.08688504217367278,-0.17716188894650228,True,NaN,NaN,False,-0.10353561559049416,-0.2309338569233129,True
2142,71.4,NaN,NaN,False,0.2896905016142124,-0.1949197055321553,True,-0.18536451452207267,0.1782266067581483,True,0.15822784358324576,-0.3616416932251514,True,0.0746078695386622,-0.3754079214722452,True,0.04822027589041884,-0.17561467912237722,True,NaN,NaN,False,-0.07411829984672098,-0.22071192744777363,True
2145,71.5,NaN,NaN,False,0.26618856642089883,-0.16313327630484026,True,-0.14155988472846942,0.17520521329709896,True,0.13246225525795838,-0.3890330257201089,True,0.037076372982293604,-0.3976254522470598,True,0.01029834722601885,-0.1697281312750231,True,NaN,NaN,False,-0.03786696958612164,-0.21080683543132595,True
2148,71.6,NaN,NaN,False,0.24445520588822345,-0.13494485537744494,True,-0.09680853157019106,0.17257599620987246,True,0.11199571448209546,-0.4234050956344001,True,-0.001486193556791348,-0.41526391537887397,True,-0.028201429613979173,-0.1559011915320432,True,NaN,NaN,False,-3.551821508202323e-05,-0.20710411557012598,True
2151,71.7,NaN,NaN,False,0.22635008829272218,-0.10869009021779384,True,-0.05217597649783931,0.17102381524745253,True,0.08591837192058588,-0.4533491268314195,True,-0.040295420186610066,-0.43500986835109934,True,-0.0636816070450982,-0.13297964184444674,True,NaN,NaN,False,0.03728498969478334,-0.20559130859441235,True
2154,71.8,NaN,NaN,False,0.21143145539208968,-0.08302817121217555,True,-0.0072237501621998535,0.1679077029942307,True,0.06265421309652976,-0.4740104234169786,True,-0.054760501211359704,-0.4376488944395814,True,-0.09758558684050743,-0.10906167709937512,True,NaN,NaN,False,0.07459388698373508,-0.2060251426258558,True
2157,71.9,NaN,NaN,False,0.19071419954487603,-0.052754213728896625,True,0.03760336627114318,0.16375514073125821,True,0.040071373664580814,-0.48640092882974517,True,-0.05603797032139456,-0.4447767759772491,True,-0.13337310613914838,-0.08678404449469952,True,NaN,NaN,False,0.1117377395090282,-0.21272493852809174,True
2160,72.0,NaN,NaN,False,0.17322074939549062,-0.025959513923728864,True,0.08105936028446507,0.15722342456439403,True,0.020297465715466412,-0.48918797061102065,True,-0.04321007227450186,-0.472980909424462,True,-0.17106401769850366,-0.0691766020721884,True,NaN,NaN,False,0.1472559357662811,-0.2330030806112753,True
2163,72.1,NaN,NaN,False,0.15207550762340571,0.0020100407353031507,True,0.12018682799404373,0.13352946562610477,True,0.009601143095424466,-0.4914059265727796,True,-0.032337268909668385,-0.46583703116470676,True,-0.21314156314708876,-0.057798760281987764,True,-0.0525357396422022,-0.08899371702823779,True,0.1799734367909035,-0.2616336666361278,True
2166,72.2,NaN,NaN,False,0.12577280617995049,0.029835939476455145,True,0.15670551288298193,0.10289200394826198,True,-0.01112342197637869,-0.49015098272359536,True,-0.017440934588501107,-0.44585067349919855,True,-0.255071189539308,-0.046442266244964496,True,-0.05127766954984248,-0.09435434242729103,True,0.20635267352646136,-0.2912939896559666,True
2169,72.3,NaN,NaN,False,0.09559681146790629,0.05288192897629757,True,0.18976605843647806,0.07049509821920892,True,-0.030044313447002324,-0.4760253801697248,True,0.013907679219331441,-0.44079334771184386,True,-0.29793762346856983,-0.03850138385002979,True,-0.038019154688261655,-0.0919691119419521,True,0.22407317546279093,-0.3224566121715971,True
2172,72.4,NaN,NaN,False,0.06534744911185102,0.07711990445836253,True,0.2225132515651141,0.03122560315378973,True,-0.050651585189657046,-0.4551539566654388,True,0.05267471375448935,-0.4359747652526975,True,-0.3425924968301207,-0.033160547702363666,True,-0.02369812679120411,-0.07577240302262067,True,0.23645120914385764,-0.3574796989707106,True
2175,72.5,NaN,NaN,False,0.038359342684766706,0.09976239927135591,True,0.25851806565550495,-0.004828964038114757,True,-0.05630059852588239,-0.4312298772323518,True,0.09678391917702336,-0.42606656774355545,True,-0.38429804082930435,-0.023706417557007205,True,-0.004147619893798816,-0.06285872305974742,True,0.24388708533453138,-0.39248312913954686,True
2178,72.6,NaN,NaN,False,0.013148136173314364,0.12509035544735858,True,0.2930211256030589,-0.036685757915446746,True,-0.06183798122954367,-0.4000216984955786,True,0.13211945033094297,-0.3944778883752901,True,-0.4274545830413417,-0.006730589559896961,True,0.014147807543727148,-0.04397612661083142,True,0.2501231074570111,-0.4296351804040891,True
2181,72.7,NaN,NaN,False,-0.012535350905064423,0.1502089386596698,True,0.32276956351707214,-0.07029040616731505,True,-0.07671497006305668,-0.3673716097596499,True,0.16424903043758446,-0.36943316347037036,True,-0.4577127345375029,-0.006849157846887843,True,0.036551628325789474,-0.02993028267105353,True,0.2638012088562325,-0.4643336010069149,True
2184,72.8,NaN,NaN,False,-0.03832559738408792,0.17370666905359944,True,0.3216873695537804,-0.08741137453816823,True,-0.10031864336246105,-0.3361811718549153,True,0.19600740205512188,-0.349027814774735,True,-0.46224590134029603,-0.00881937594464652,True,0.054585592663303574,-0.008071235107580763,True,0.2830451842151953,-0.4742139362329598,True
2187,72.9,NaN,NaN,False,-0.06580175545292827,0.19513770436595881,True,0.33354621770651544,-0.12029541255454783,True,-0.12592513895846347,-0.31499927857506316,True,0.23308362385147766,-0.3415149030121557,True,-0.4620155007491608,-0.01961213337821207,True,0.0849484032305693,0.013476537624456298,True,0.3110723176682644,-0.4794054555839094,True
2190,73.0,NaN,NaN,False,-0.09435894636938702,0.21820025063949147,True,0.3479711054994792,-0.15335588817496093,True,-0.15544526819695953,-0.2910250244124886,True,0.26934231131802056,-0.32862393607356216,True,-0.45194636794410475,-0.019536395376017316,True,0.09248502260855374,0.029508581326871487,True,0.3281031441671971,-0.4743465313169508,True
2193,73.1,NaN,NaN,False,-0.12572656233788204,0.23866589702881685,True,0.3634555442991277,-0.1863146763881967,True,-0.18471898372286685,-0.27696938986598607,True,0.30655354592039824,-0.32111795089711637,True,-0.46461899294884174,-0.051291581242326946,True,0.11163738388586304,0.0461543449443139,True,0.3630354629881435,-0.44260944038158373,True
2196,73.2,NaN,NaN,False,-0.1547505208374449,0.25666391902295677,True,0.38250349521659377,-0.22063678912244084,True,-0.22013301500311575,-0.2736318062528602,True,0.344646663892667,-0.3162813434247704,True,-0.4554381156140597,-0.07684768104992144,True,0.1408844033909073,0.05792109096546463,True,0.36513516323071,-0.42666857364852,True
2199,73.3,NaN,NaN,False,-0.1851986764199114,0.2714256637631094,True,0.4102221401634601,-0.25438028610790486,True,-0.25878257215117434,-0.2710502281488759,True,0.37826288377252004,-0.3094608336372401,True,-0.4427513926992575,-0.11173071708760662,True,0.15234034165531765,0.06925468286067363,True,0.36966508629003664,-0.3926469521357969,True
2202,73.4,NaN,NaN,False,-0.2179639029561463,0.28514714903359334,True,0.44763219870045673,-0.27464138190687093,True,-0.2985711743215966,-0.2726998751565045,True,0.41043929484336084,-0.2999916400633656,True,-0.43478270816674613,-0.12171631386365676,True,0.17451645485394476,0.08954772394710342,True,0.3721814913323919,-0.3624405362042866,True
2205,73.5,NaN,NaN,False,-0.2495366604812472,0.29987471006743893,True,0.4688419371012766,-0.24538016802189658,True,-0.33788525222233057,-0.2772611251205311,True,0.44000410012234387,-0.2975915379427535,True,-0.3889647865843347,-0.12562504381656286,True,0.19070849519900251,0.11110162531578573,True,0.3787566915532238,-0.3256945902617973,True
2208,73.6,NaN,NaN,False,-0.2809782407679457,0.31800232391249295,True,0.4648307668457572,-0.22327914009169444,True,-0.38087533458699147,-0.2914928389242868,True,0.46587715669931284,-0.2767595489355039,True,-0.3428601861104559,-0.10624270430757517,True,0.2096740093167238,0.12912523847169952,True,0.3870208946828342,-0.2868376438981057,True
2211,73.7,NaN,NaN,False,-0.3140584895925953,0.3338079424284991,True,0.443930090218968,-0.2114444774539886,True,-0.41665173058203553,-0.3220795545124599,True,0.4756314809064912,-0.25761463995419653,True,-0.3021958600123014,-0.08858893560575985,True,0.21880680593535487,0.15246460760820116,True,0.39906072015508365,-0.25175568536410126,True
2214,73.8,NaN,NaN,False,-0.3286536135925853,0.35135662285838887,True,0.4419592130957214,-0.18059964162451783,True,-0.4339859365906374,-0.3499544080915145,True,0.47602734686640746,-0.25880638144263635,True,-0.26454814636432755,-0.06813175249495823,True,0.25002213439257126,0.16086784167922916,True,0.4053302988395274,-0.21924102398474035,True
2217,73.9,NaN,NaN,False,-0.33720762392345127,0.3623685957359975,True,0.4421156729347622,-0.16606847257870128,True,-0.42959623930979685,-0.3655964881431228,True,0.48162839751596004,-0.22299480893552057,True,-0.22690152988446355,-0.05304333362332181,True,0.2693754390644416,0.19540352045312642,True,0.4050245197725737,-0.18667975333263506,True
2220,74.0,NaN,NaN,False,-0.3573233633864488,0.3484173319926225,True,0.4158848848260891,-0.14445811321225754,True,-0.4142382359594778,-0.37755605283176086,True,0.47780192485861706,-0.21538414508666134,True,-0.18652653112393552,-0.037149870749640754,True,0.2938188770389427,0.19905403222305296,True,0.37630693610149885,-0.16524457081629285,True
